temp,hr,spo2,gsr,label
38.58,137,95,2863,High
37.84,101,92,2094,Moderate
39.77,147,60,3152,Critical
40.38,146,69,3062,Critical
31.7,96,66,1846,Normal
37.82,103,93,2500,Moderate
23.09,75,78,840,Normal
38.07,122,94,2872,High
21.16,74,43,781,Normal
40.36,143,75,3095,Critical
39.75,163,13,3047,Critical
29.17,62,50,1906,Normal
37.86,116,91,2350,Moderate
37.7,103,93,2422,Moderate
29.31,98,80,721,Normal
33.37,70,83,893,Normal
37.64,115,91,2447,Moderate
38.09,125,94,2959,High
39.01,158,88,3143,Critical
37.63,116,93,2438,Moderate
38.19,131,94,2509,High
37.6,119,93,2212,Moderate
30.36,72,50,17,Normal
29.32,62,87,1708,Normal
38.59,123,93,2990,High
37.94,112,92,2074,Moderate
38.63,126,94,2835,High
40.45,152,44,3172,Critical
37.63,113,91,2122,Moderate
38.23,134,93,2598,High
0.78,83,58,379,Normal
38.51,128,93,2827,High
37.71,107,90,2091,Moderate
38.94,121,95,2854,High
37.63,113,90,2353,Moderate
37.94,116,94,2227,Moderate
38.69,128,95,2647,High
39.69,164,58,3171,Critical
37.97,109,93,2117,Moderate
15.94,74,74,208,Normal
38.59,131,94,2755,High
39.01,142,35,3070,Critical
38.57,122,95,2979,High
38.19,134,94,2609,High
38.53,131,93,2899,High
40.04,154,53,3179,Critical
40.2,151,50,3001,Critical
38.34,137,93,2573,High
34.91,85,33,747,Normal
38.76,137,95,2954,High
25.77,92,43,1183,Normal
38.26,136,94,2829,High
5.2,76,79,1130,Normal
31.17,63,81,264,Normal
13.89,74,72,1843,Normal
18.0,73,30,1214,Normal
8.83,71,69,1271,Normal
30.86,67,69,1714,Normal
38.84,139,94,2601,High
38.57,136,95,2930,High
28.78,73,3,1333,Normal
38.15,126,95,2870,High
40.2,164,63,3090,Critical
38.3,140,95,2933,High
38.05,138,94,2987,High
39.98,146,49,3050,Critical
39.58,162,58,3094,Critical
37.79,119,94,2373,Moderate
38.36,136,94,2841,High
39.99,154,39,3194,Critical
39.74,169,64,3190,Critical
39.52,145,89,3079,Critical
40.16,168,2,3183,Critical
13.75,64,1,201,Normal
12.13,87,45,1998,Normal
7.38,86,29,1076,Normal
37.54,104,91,2480,Moderate
39.98,159,31,3039,Critical
40.38,149,84,3114,Critical
37.68,111,93,2250,Moderate
38.11,135,95,2769,High
38.04,137,95,2758,High
37.85,105,90,2354,Moderate
37.62,113,94,2123,Moderate
39.4,168,55,3130,Critical
6.19,88,89,1319,Normal
25.1,73,11,1666,Normal
40.24,169,88,3181,Critical
39.56,150,71,3176,Critical
39.0,139,95,2621,High
39.57,156,76,3199,Critical
26.0,98,87,1511,Normal
37.56,117,91,2415,Moderate
37.73,115,92,2326,Moderate
38.03,131,95,2513,High
39.15,151,24,3015,Critical
38.23,138,95,2782,High
39.36,145,64,3058,Critical
19.96,85,27,732,Normal
37.85,108,93,2182,Moderate
8.54,69,67,1283,Normal
37.53,113,92,2020,Moderate
2.21,80,78,1050,Normal
12.1,60,50,1889,Normal
37.58,112,91,2312,Moderate
38.56,134,94,2990,High
12.37,71,68,46,Normal
18.93,80,29,1104,Normal
17.01,99,62,1481,Normal
15.54,71,88,1695,Normal
38.62,125,95,2914,High
38.55,138,94,2581,High
28.4,73,31,1141,Normal
37.64,112,92,2128,Moderate
38.76,137,95,2790,High
29.16,92,41,1890,Normal
38.28,138,94,2686,High
37.96,102,92,2426,Moderate
19.17,100,56,693,Normal
38.28,124,94,2574,High
38.29,128,95,2982,High
39.1,150,80,3028,Critical
37.87,102,91,2043,Moderate
38.29,129,94,2926,High
38.97,129,95,2724,High
40.21,151,17,3082,Critical
2.03,67,83,1844,Normal
38.4,121,94,2621,High
39.37,155,0,3111,Critical
39.75,159,18,3047,Critical
38.48,132,95,2890,High
40.49,146,2,3173,Critical
39.35,141,21,3138,Critical
37.87,111,94,2125,Moderate
14.67,97,36,1530,Normal
38.42,125,94,2939,High
37.65,115,91,2297,Moderate
39.77,148,85,3134,Critical
38.12,125,94,2567,High
38.45,128,93,2844,High
22.35,83,21,1720,Normal
38.28,139,93,2575,High
39.58,155,77,3016,Critical
40.15,154,11,3019,Critical
2.17,77,32,1915,Normal
39.21,153,66,3108,Critical
38.57,129,94,2679,High
37.95,117,92,2292,Moderate
5.19,91,70,1425,Normal
39.9,166,3,3172,Critical
38.26,129,93,2735,High
38.17,139,93,2941,High
37.8,102,90,2105,Moderate
39.63,145,67,3070,Critical
38.92,128,94,2781,High
39.59,161,80,3070,Critical
37.81,120,93,2467,Moderate
16.78,81,70,1030,Normal
39.97,147,50,3001,Critical
17.58,77,4,1240,Normal
38.93,133,94,2755,High
15.22,77,21,317,Normal
39.42,169,40,3011,Critical
37.97,104,92,2005,Moderate
21.84,62,57,547,Normal
32.1,91,83,149,Normal
38.02,137,94,2744,High
40.09,145,58,3101,Critical
38.83,134,95,2655,High
39.63,155,53,3070,Critical
38.05,137,95,2988,High
16.49,65,24,894,Normal
40.1,144,16,3133,Critical
26.82,61,41,143,Normal
39.61,141,16,3009,Critical
39.92,141,47,3143,Critical
5.84,79,75,1869,Normal
40.09,149,58,3111,Critical
34.64,72,84,584,Normal
38.52,123,94,2990,High
0.27,89,80,254,Normal
39.82,152,9,3086,Critical
37.85,106,92,2418,Moderate
37.68,102,94,2269,Moderate
37.92,105,92,2162,Moderate
39.66,155,72,3087,Critical
38.72,126,93,2516,High
6.37,99,2,664,Normal
38.09,136,94,2685,High
37.58,114,90,2148,Moderate
38.41,137,95,2853,High
38.68,138,93,2982,High
38.11,124,94,2691,High
37.65,102,91,2379,Moderate
38.6,125,94,2556,High
37.68,101,94,2350,Moderate
37.69,117,91,2310,Moderate
39.55,159,8,3189,Critical
39.37,160,38,3068,Critical
1.51,74,34,1949,Normal
38.44,139,94,2525,High
37.9,112,94,2293,Moderate
37.79,104,93,2176,Moderate
39.57,142,56,3053,Critical
32.77,76,58,1726,Normal
40.08,162,47,3042,Critical
30.41,84,6,1567,Normal
37.95,111,91,2424,Moderate
39.65,162,54,3120,Critical
39.28,141,18,3189,Critical
38.88,125,94,2646,High
38.73,132,93,2599,High
38.63,138,95,2853,High
38.84,127,93,2595,High
39.0,122,94,2987,High
39.04,169,58,3167,Critical
5.91,99,49,463,Normal
28.91,67,80,1203,Normal
39.3,149,70,3078,Critical
39.63,160,49,3148,Critical
38.76,137,94,2698,High
33.76,100,44,1326,Normal
39.61,166,81,3110,Critical
39.64,146,33,3043,Critical
16.01,87,24,1470,Normal
0.2,80,44,1148,Normal
37.94,117,91,2148,Moderate
37.87,111,91,2064,Moderate
37.55,104,90,2248,Moderate
38.97,132,95,2922,High
37.51,109,90,2426,Moderate
37.96,119,90,2146,Moderate
37.76,115,91,2129,Moderate
39.06,165,7,3130,Critical
38.78,129,95,2711,High
38.96,138,93,2779,High
37.52,112,93,2220,Moderate
40.19,158,77,3196,Critical
37.4,91,56,1014,Normal
23.75,64,88,1703,Normal
39.25,144,17,3079,Critical
38.35,122,94,2511,High
37.63,110,94,2462,Moderate
39.12,155,8,3184,Critical
37.58,115,91,2460,Moderate
39.57,148,35,3128,Critical
28.42,64,86,634,Normal
40.38,162,62,3034,Critical
37.72,106,93,2395,Moderate
38.77,128,95,2670,High
38.24,140,93,2549,High
37.83,110,94,2065,Moderate
28.39,63,84,284,Normal
37.53,112,92,2397,Moderate
39.3,155,30,3109,Critical
37.44,77,76,922,Normal
38.64,134,93,2555,High
37.74,119,93,2405,Moderate
37.98,107,90,2115,Moderate
39.31,154,36,3112,Critical
33.99,88,72,1440,Normal
38.08,130,93,2834,High
38.02,125,95,2936,High
39.95,155,88,3147,Critical
39.48,142,6,3166,Critical
40.38,143,15,3012,Critical
39.11,160,5,3186,Critical
29.54,99,28,1898,Normal
24.48,61,84,259,Normal
39.14,169,26,3187,Critical
37.91,105,94,2069,Moderate
37.74,115,90,2422,Moderate
5.36,72,28,1949,Normal
18.35,73,49,425,Normal
17.58,66,69,293,Normal
37.61,110,94,2201,Moderate
37.74,104,92,2130,Moderate
31.02,97,85,1854,Normal
9.31,60,42,1850,Normal
39.48,150,63,3010,Critical
38.57,123,95,2541,High
38.7,127,93,2903,High
39.76,157,53,3165,Critical
11.24,65,83,169,Normal
37.76,102,92,2369,Moderate
33.22,69,0,1033,Normal
39.59,160,13,3177,Critical
37.88,110,92,2018,Moderate
39.26,160,42,3188,Critical
40.05,167,54,3162,Critical
37.7,111,92,2196,Moderate
3.0,86,60,1865,Normal
19.12,63,11,323,Normal
36.2,96,58,480,Normal
39.32,148,6,3078,Critical
37.9,116,94,2372,Moderate
26.31,89,17,215,Normal
38.34,137,94,2518,High
37.78,110,94,2389,Moderate
37.86,110,92,2472,Moderate
40.16,170,46,3082,Critical
24.4,96,43,1305,Normal
9.7,100,65,1500,Normal
37.77,120,94,2332,Moderate
38.17,122,93,2862,High
38.11,121,94,2766,High
39.17,149,9,3079,Critical
37.92,101,90,2348,Moderate
37.53,110,93,2166,Moderate
32.88,74,80,1621,Normal
39.84,142,73,3041,Critical
37.99,116,91,2366,Moderate
20.24,90,9,1850,Normal
39.61,168,88,3142,Critical
39.33,161,12,3066,Critical
24.13,92,17,1145,Normal
38.34,128,95,2510,High
36.66,94,11,419,Normal
10.01,61,66,1562,Normal
21.1,60,68,1022,Normal
11.73,100,28,1190,Normal
40.22,159,7,3075,Critical
37.56,109,93,2174,Moderate
39.32,164,27,3116,Critical
39.29,164,26,3163,Critical
39.17,144,22,3070,Critical
39.11,159,71,3122,Critical
38.59,121,94,2897,High
38.54,130,94,2559,High
6.68,65,26,1475,Normal
40.16,142,43,3038,Critical
37.69,119,92,2350,Moderate
38.38,133,95,2743,High
38.91,132,94,2910,High
0.75,79,77,858,Normal
39.86,151,52,3171,Critical
4.34,96,80,693,Normal
39.54,166,8,3177,Critical
21.35,81,76,323,Normal
38.0,121,93,2804,High
40.21,163,36,3086,Critical
37.66,106,91,2383,Moderate
39.33,141,8,3017,Critical
37.75,105,94,2060,Moderate
17.98,78,29,30,Normal
39.98,148,1,3197,Critical
39.26,161,22,3021,Critical
37.82,120,91,2294,Moderate
37.77,113,91,2364,Moderate
11.29,72,44,1177,Normal
37.82,112,90,2092,Moderate
37.76,116,92,2119,Moderate
11.22,61,28,1726,Normal
38.99,131,93,2633,High
2.97,83,43,598,Normal
37.63,102,90,2386,Moderate
38.54,135,94,2642,High
37.74,110,90,2439,Moderate
38.77,136,95,2843,High
37.95,119,91,2038,Moderate
38.99,122,94,2937,High
38.73,121,94,2606,High
39.02,164,37,3144,Critical
40.03,147,77,3154,Critical
39.19,147,16,3147,Critical
40.25,168,22,3179,Critical
38.05,121,95,2818,High
40.5,158,18,3194,Critical
39.31,162,86,3013,Critical
37.88,109,90,2419,Moderate
39.86,167,43,3036,Critical
37.58,109,93,2106,Moderate
39.04,160,39,3167,Critical
39.01,162,70,3108,Critical
37.8,120,92,2408,Moderate
26.91,90,14,805,Normal
20.27,61,17,1169,Normal
37.75,111,90,2118,Moderate
40.0,155,9,3095,Critical
38.02,122,93,2623,High
39.81,143,51,3052,Critical
40.12,146,28,3126,Critical
37.95,114,92,2317,Moderate
37.92,111,90,2333,Moderate
38.39,129,95,2624,High
16.72,64,43,1252,Normal
38.33,121,93,2876,High
14.7,74,12,644,Normal
37.87,104,93,2360,Moderate
37.56,114,94,2100,Moderate
39.42,153,12,3084,Critical
27.85,95,74,1080,Normal
33.85,87,26,522,Normal
38.38,121,95,2887,High
38.72,129,93,2521,High
38.74,125,95,2709,High
39.33,141,66,3149,Critical
40.45,162,14,3106,Critical
39.52,158,64,3166,Critical
34.81,78,58,1045,Normal
40.4,143,21,3014,Critical
38.41,135,94,2996,High
38.12,130,94,2566,High
37.82,119,94,2366,Moderate
40.26,154,48,3059,Critical
38.14,127,93,2734,High
38.63,137,93,2715,High
40.02,166,0,3151,Critical
37.52,110,94,2266,Moderate
37.78,112,92,2464,Moderate
38.83,129,94,2518,High
16.77,99,24,979,Normal
40.36,157,78,3105,Critical
39.19,145,31,3137,Critical
38.29,137,95,2982,High
38.47,137,93,2811,High
37.75,101,92,2369,Moderate
40.21,146,51,3049,Critical
37.88,101,91,2126,Moderate
1.25,71,58,1062,Normal
35.4,81,24,1079,Normal
38.26,122,95,2540,High
38.38,140,94,2820,High
38.28,135,95,2752,High
38.23,128,94,2951,High
38.23,129,93,2813,High
40.36,153,58,3146,Critical
21.25,72,67,958,Normal
38.61,123,93,2741,High
38.4,131,93,2872,High
38.72,136,93,2784,High
38.26,123,93,2888,High
19.67,90,2,1011,Normal
37.59,113,90,2416,Moderate
40.46,165,87,3132,Critical
37.6,109,90,2076,Moderate
4.56,86,26,1699,Normal
37.87,113,94,2351,Moderate
38.45,132,93,2789,High
34.91,90,70,1099,Normal
40.29,149,53,3106,Critical
37.93,106,91,2285,Moderate
16.35,78,32,311,Normal
26.24,78,57,1536,Normal
37.59,111,91,2406,Moderate
39.36,146,79,3077,Critical
37.51,102,90,2239,Moderate
39.6,167,79,3089,Critical
38.42,122,94,2821,High
3.67,63,45,754,Normal
39.94,144,40,3126,Critical
0.73,63,87,570,Normal
37.69,109,92,2094,Moderate
10.56,61,38,253,Normal
39.41,159,21,3092,Critical
38.36,136,95,2560,High
37.98,109,94,2437,Moderate
38.52,135,95,2625,High
37.72,104,94,2327,Moderate
38.07,124,95,2904,High
40.18,155,51,3168,Critical
38.2,126,94,2799,High
37.87,116,90,2139,Moderate
38.56,134,94,2611,High
30.69,87,44,164,Normal
40.01,158,86,3183,Critical
38.81,133,93,2562,High
38.29,131,93,2713,High
39.92,148,26,3140,Critical
39.58,169,36,3150,Critical
37.77,119,92,2420,Moderate
39.05,159,61,3031,Critical
40.46,151,90,3177,Critical
38.77,127,95,2915,High
18.17,96,25,1765,Normal
26.6,85,3,183,Normal
10.85,77,48,84,Normal
20.83,68,85,681,Normal
37.93,108,90,2414,Moderate
38.35,133,93,2652,High
38.58,133,94,2625,High
38.85,135,94,2539,High
22.63,95,55,1110,Normal
37.98,101,93,2168,Moderate
37.64,102,91,2074,Moderate
39.53,160,1,3160,Critical
28.12,93,64,845,Normal
39.61,166,79,3192,Critical
39.09,169,60,3094,Critical
37.92,109,94,2167,Moderate
14.87,75,82,1802,Normal
38.58,124,93,2814,High
37.6,120,93,2437,Moderate
37.8,106,90,2408,Moderate
38.06,135,95,2655,High
37.65,113,91,2294,Moderate
40.09,169,90,3052,Critical
38.53,122,93,2887,High
37.63,117,93,2092,Moderate
39.03,153,56,3070,Critical
38.21,134,93,2579,High
38.75,130,94,2574,High
39.87,157,32,3091,Critical
38.74,138,95,2571,High
16.19,85,73,420,Normal
0.5,72,29,1486,Normal
38.38,121,93,2714,High
11.7,78,42,15,Normal
39.21,158,75,3020,Critical
39.91,142,21,3099,Critical
15.7,89,42,1463,Normal
38.85,121,93,2972,High
38.19,137,93,2815,High
38.29,131,94,2657,High
39.03,163,51,3117,Critical
32.4,68,64,537,Normal
37.8,113,92,2435,Moderate
39.32,147,25,3046,Critical
5.68,82,80,890,Normal
37.92,111,93,2160,Moderate
34.1,65,31,1662,Normal
37.6,108,91,2393,Moderate
38.27,129,93,2882,High
37.71,104,93,2463,Moderate
37.56,104,91,2316,Moderate
38.75,136,93,2904,High
38.64,122,95,2742,High
4.7,65,72,1674,Normal
27.36,92,6,1962,Normal
39.61,141,27,3188,Critical
5.02,76,42,1267,Normal
19.98,85,71,1137,Normal
38.64,136,94,2592,High
38.47,139,93,2739,High
39.04,145,45,3147,Critical
38.06,122,95,2548,High
37.77,105,90,2138,Moderate
38.15,122,94,2893,High
38.44,128,95,2922,High
38.2,125,95,2930,High
37.55,111,91,2373,Moderate
38.1,128,94,2871,High
8.85,98,40,1094,Normal
24.54,82,60,1594,Normal
38.31,135,93,2596,High
40.4,165,84,3198,Critical
38.88,130,94,2684,High
23.84,63,37,1018,Normal
37.55,105,90,2311,Moderate
8.58,60,64,64,Normal
39.71,159,53,3190,Critical
16.22,100,35,106,Normal
37.78,107,90,2426,Moderate
40.37,157,36,3029,Critical
38.66,139,95,2828,High
2.48,92,62,1264,Normal
37.84,103,91,2277,Moderate
39.56,167,27,3054,Critical
39.14,160,41,3143,Critical
40.13,151,61,3025,Critical
5.04,75,72,1429,Normal
39.78,157,2,3000,Critical
37.76,111,93,2085,Moderate
10.44,75,44,1226,Normal
8.32,100,74,1842,Normal
37.85,112,94,2069,Moderate
38.14,133,95,2816,High
39.97,156,11,3114,Critical
39.88,154,41,3013,Critical
38.28,136,95,2547,High
37.52,106,93,2304,Moderate
39.51,154,53,3152,Critical
39.37,163,25,3062,Critical
38.97,124,93,2729,High
37.7,102,92,2095,Moderate
38.45,129,94,2936,High
37.83,114,94,2268,Moderate
37.89,107,91,2020,Moderate
38.9,139,93,2943,High
40.12,153,35,3065,Critical
39.11,152,34,3012,Critical
12.16,88,30,345,Normal
37.63,109,94,2407,Moderate
37.95,108,90,2064,Moderate
38.79,137,95,2854,High
8.35,61,26,113,Normal
39.65,168,51,3008,Critical
37.92,113,94,2385,Moderate
37.81,114,91,2118,Moderate
38.2,122,95,2515,High
37.59,110,94,2374,Moderate
3.57,91,77,1902,Normal
38.81,128,93,2519,High
37.73,118,91,2482,Moderate
36.78,96,60,72,Normal
39.4,153,60,3192,Critical
37.56,110,90,2320,Moderate
39.17,167,24,3120,Critical
37.98,105,93,2145,Moderate
39.79,170,90,3077,Critical
38.09,130,93,2718,High
38.41,128,93,2834,High
17.11,61,31,245,Normal
39.76,148,48,3055,Critical
21.11,76,60,1198,Normal
23.44,73,90,1500,Normal
38.7,131,94,2674,High
38.06,134,95,2955,High
39.3,154,25,3160,Critical
8.74,95,38,665,Normal
39.51,147,80,3113,Critical
39.63,147,84,3095,Critical
36.99,89,73,1319,Normal
38.08,131,93,2707,High
37.97,110,93,2355,Moderate
39.0,168,15,3172,Critical
38.49,126,93,2801,High
40.45,143,87,3137,Critical
39.83,144,33,3002,Critical
38.29,138,94,2581,High
11.54,84,55,1392,Normal
40.32,157,88,3110,Critical
38.59,126,93,2933,High
19.81,63,17,993,Normal
39.2,147,12,3046,Critical
30.7,74,86,1419,Normal
37.73,116,90,2458,Moderate
38.19,136,93,2623,High
37.88,116,92,2195,Moderate
38.99,128,95,2854,High
37.7,106,92,2200,Moderate
40.19,160,43,3087,Critical
24.75,93,28,1092,Normal
38.32,129,93,2712,High
38.71,131,94,2782,High
37.86,101,93,2040,Moderate
38.11,123,93,2537,High
39.89,161,73,3196,Critical
40.03,159,13,3197,Critical
37.62,115,92,2250,Moderate
37.81,110,90,2473,Moderate
37.71,110,93,2301,Moderate
32.14,68,39,505,Normal
38.05,126,95,2742,High
37.81,106,94,2328,Moderate
37.61,120,90,2140,Moderate
40.35,158,52,3005,Critical
20.56,90,84,1278,Normal
38.69,134,95,2869,High
28.17,60,41,1908,Normal
38.2,140,95,2900,High
37.56,106,94,2487,Moderate
37.56,115,94,2281,Moderate
39.51,147,9,3091,Critical
37.56,113,90,2070,Moderate
37.86,108,92,2313,Moderate
38.93,124,93,2903,High
31.45,73,63,1148,Normal
37.63,101,93,2401,Moderate
37.94,103,93,2308,Moderate
38.58,128,93,2870,High
39.21,145,60,3050,Critical
5.73,79,14,398,Normal
37.98,111,91,2021,Moderate
38.85,137,93,2835,High
40.25,165,22,3099,Critical
39.0,132,94,2668,High
37.62,107,93,2136,Moderate
38.07,130,94,2543,High
18.88,100,16,1976,Normal
37.9,118,93,2058,Moderate
37.97,104,94,2233,Moderate
13.45,92,3,1776,Normal
37.79,108,90,2189,Moderate
40.5,166,88,3124,Critical
26.78,63,88,1194,Normal
38.24,124,94,2832,High
38.69,132,94,2677,High
33.52,83,19,1821,Normal
38.92,127,95,2713,High
37.72,119,90,2052,Moderate
37.9,117,91,2226,Moderate
34.36,80,86,1474,Normal
11.81,97,59,1142,Normal
39.35,146,76,3173,Critical
37.76,117,90,2420,Moderate
37.66,113,93,2390,Moderate
40.21,170,77,3143,Critical
38.22,126,93,2593,High
39.23,157,49,3018,Critical
39.51,153,17,3104,Critical
39.49,161,3,3063,Critical
38.98,130,94,2955,High
37.78,106,93,2485,Moderate
38.54,131,94,2922,High
38.5,129,95,2557,High
38.0,131,94,2672,High
39.86,156,63,3089,Critical
38.96,123,94,2522,High
37.86,118,94,2448,Moderate
40.46,163,44,3166,Critical
37.87,118,93,2297,Moderate
37.67,120,92,2109,Moderate
39.89,154,30,3026,Critical
37.99,107,92,2465,Moderate
37.62,103,92,2481,Moderate
8.19,90,5,214,Normal
38.22,138,94,2972,High
39.47,157,63,3068,Critical
37.82,113,91,2087,Moderate
37.75,110,92,2203,Moderate
6.09,82,28,362,Normal
38.48,133,94,2543,High
38.59,135,93,2878,High
39.71,170,84,3011,Critical
0.91,66,74,1629,Normal
38.77,135,93,2885,High
40.35,165,10,3153,Critical
32.12,71,24,1954,Normal
37.6,120,92,2232,Moderate
37.77,119,91,2248,Moderate
31.65,76,87,1713,Normal
37.62,102,91,2055,Moderate
19.38,85,50,1502,Normal
38.37,125,95,2944,High
39.75,160,33,3130,Critical
38.57,131,94,2776,High
37.95,119,94,2384,Moderate
37.91,120,92,2367,Moderate
37.58,117,93,2193,Moderate
39.95,169,52,3108,Critical
40.18,143,50,3186,Critical
39.06,141,35,3120,Critical
37.95,101,94,2318,Moderate
38.07,127,93,2921,High
38.18,122,94,2919,High
20.75,80,15,180,Normal
37.75,112,92,2021,Moderate
39.17,158,17,3157,Critical
15.9,84,9,1253,Normal
37.99,111,91,2165,Moderate
39.48,142,21,3111,Critical
0.78,93,29,1526,Normal
40.22,170,21,3020,Critical
39.85,167,87,3023,Critical
38.68,121,95,2657,High
39.02,152,84,3118,Critical
37.56,110,90,2125,Moderate
36.66,68,46,642,Normal
37.85,112,93,2389,Moderate
39.15,149,57,3023,Critical
38.96,125,94,2569,High
0.82,100,22,452,Normal
38.06,121,93,2585,High
38.17,136,94,2600,High
38.0,114,90,2034,Moderate
39.54,154,54,3035,Critical
10.01,100,65,1951,Normal
35.01,96,85,1604,Normal
38.15,138,95,2735,High
37.6,115,94,2157,Moderate
30.29,90,4,752,Normal
38.99,138,93,2977,High
38.52,126,94,2602,High
37.57,102,92,2247,Moderate
37.65,103,91,2075,Moderate
37.98,113,90,2119,Moderate
40.46,167,45,3001,Critical
38.75,121,93,2721,High
39.11,148,42,3166,Critical
37.92,110,92,2080,Moderate
37.54,117,90,2314,Moderate
40.48,146,38,3112,Critical
38.78,138,94,2751,High
38.63,124,93,2745,High
10.91,86,49,1443,Normal
38.39,122,93,2834,High
16.47,88,62,1570,Normal
11.48,79,86,1905,Normal
40.33,150,57,3123,Critical
38.81,137,94,2979,High
39.02,161,35,3133,Critical
37.65,113,93,2426,Moderate
37.97,106,91,2335,Moderate
39.72,151,69,3133,Critical
38.28,132,93,2787,High
39.11,168,35,3159,Critical
38.75,135,93,2568,High
38.4,130,94,2666,High
37.98,104,93,2479,Moderate
40.45,169,31,3171,Critical
35.18,84,46,1341,Normal
37.82,101,91,2376,Moderate
39.92,150,84,3065,Critical
22.85,97,62,1435,Normal
33.25,81,68,1229,Normal
37.63,118,90,2250,Moderate
0.43,71,25,1450,Normal
38.2,121,95,2964,High
37.95,102,94,2369,Moderate
39.37,150,56,3040,Critical
5.12,86,65,440,Normal
37.75,120,91,2282,Moderate
38.81,137,93,2848,High
38.19,129,94,2878,High
39.09,164,55,3152,Critical
38.2,124,95,2513,High
38.58,136,95,2938,High
39.66,170,41,3042,Critical
28.32,96,20,712,Normal
24.92,93,52,1016,Normal
37.93,118,91,2103,Moderate
37.88,113,94,2356,Moderate
37.81,108,90,2371,Moderate
38.55,139,94,2808,High
37.52,107,94,2132,Moderate
40.49,141,9,3034,Critical
38.36,135,95,2510,High
38.87,127,93,2975,High
40.49,145,8,3190,Critical
37.61,120,92,2187,Moderate
37.55,106,92,2152,Moderate
37.83,116,94,2240,Moderate
39.3,164,54,3127,Critical
37.8,120,93,2149,Moderate
38.94,124,95,2594,High
38.94,133,93,2851,High
38.91,125,94,2787,High
39.95,162,18,3074,Critical
38.3,138,95,2720,High
20.58,67,87,1837,Normal
38.45,121,95,2851,High
38.5,122,94,2804,High
38.35,126,93,2568,High
39.12,151,37,3069,Critical
37.61,113,90,2082,Moderate
40.42,154,1,3141,Critical
38.52,138,95,2912,High
38.83,121,94,2659,High
40.07,161,8,3020,Critical
38.87,127,93,2724,High
37.6,108,93,2407,Moderate
20.73,62,6,109,Normal
38.19,135,95,2954,High
37.6,108,92,2418,Moderate
40.29,159,86,3110,Critical
37.75,112,94,2194,Moderate
39.22,152,43,3108,Critical
38.77,125,94,2889,High
38.18,125,95,2644,High
30.39,76,84,255,Normal
40.19,163,18,3134,Critical
38.56,127,94,2993,High
37.9,111,93,2084,Moderate
38.78,139,93,2811,High
40.39,170,84,3104,Critical
39.58,141,47,3162,Critical
30.46,83,0,247,Normal
30.0,87,89,1538,Normal
37.74,113,93,2335,Moderate
40.04,147,22,3171,Critical
33.09,84,56,1838,Normal
39.31,168,64,3021,Critical
38.62,122,93,2888,High
40.33,163,54,3008,Critical
39.41,165,26,3022,Critical
38.54,123,94,2769,High
38.27,122,94,2775,High
37.71,115,94,2424,Moderate
37.99,106,92,2008,Moderate
1.88,82,81,338,Normal
37.73,118,92,2476,Moderate
14.51,63,6,1537,Normal
10.95,92,61,1381,Normal
37.73,113,94,2168,Moderate
37.64,111,91,2373,Moderate
39.78,148,21,3154,Critical
37.93,116,90,2277,Moderate
22.12,76,32,1358,Normal
7.79,69,66,355,Normal
20.42,71,84,1451,Normal
37.55,109,92,2350,Moderate
38.77,134,94,2728,High
40.26,163,36,3047,Critical
38.65,139,95,2885,High
37.57,112,93,2236,Moderate
0.48,78,83,971,Normal
15.47,67,26,1170,Normal
37.82,117,93,2116,Moderate
37.61,117,94,2446,Moderate
40.12,161,82,3051,Critical
39.02,141,72,3099,Critical
35.28,79,67,919,Normal
38.1,125,95,2924,High
37.86,119,91,2445,Moderate
39.06,165,5,3010,Critical
38.13,123,95,2820,High
34.2,74,35,1659,Normal
37.84,109,92,2316,Moderate
38.44,129,95,2871,High
37.87,112,94,2047,Moderate
0.73,99,53,1911,Normal
37.75,104,93,2198,Moderate
35.61,67,52,1033,Normal
14.9,97,34,1138,Normal
10.75,61,66,1799,Normal
38.78,126,95,2774,High
39.88,154,46,3006,Critical
32.23,65,21,245,Normal
38.9,121,93,2775,High
38.12,134,94,2861,High
4.58,60,63,725,Normal
37.82,114,90,2242,Moderate
19.13,70,85,1388,Normal
38.23,127,94,2789,High
38.48,132,94,2780,High
38.16,124,94,2650,High
2.22,91,10,827,Normal
38.13,127,93,2765,High
40.23,141,51,3094,Critical
38.28,133,95,2687,High
7.88,84,56,1190,Normal
0.91,92,15,103,Normal
38.53,130,93,2927,High
37.56,113,93,2216,Moderate
37.94,120,91,2006,Moderate
17.2,80,30,162,Normal
36.67,100,46,1625,Normal
38.1,121,93,2556,High
12.4,78,51,306,Normal
37.55,118,91,2394,Moderate
38.16,129,95,2737,High
38.59,138,94,2540,High
13.1,82,32,1004,Normal
35.17,90,76,860,Normal
39.24,147,78,3197,Critical
38.16,131,95,2561,High
37.98,107,92,2147,Moderate
18.53,83,64,518,Normal
38.37,131,94,2932,High
19.05,90,24,1023,Normal
38.2,128,93,2570,High
38.77,132,95,2586,High
39.43,156,30,3135,Critical
37.81,108,90,2395,Moderate
39.8,169,11,3140,Critical
38.93,123,94,2520,High
38.25,133,93,2754,High
19.85,95,64,1226,Normal
38.03,129,94,2956,High
37.79,119,91,2429,Moderate
39.34,165,17,3183,Critical
40.47,166,37,3150,Critical
38.05,135,95,2749,High
6.45,94,1,564,Normal
40.01,155,30,3096,Critical
37.83,120,94,2442,Moderate
37.58,117,94,2251,Moderate
37.66,110,92,2485,Moderate
22.25,95,15,46,Normal
3.83,71,40,1315,Normal
40.27,148,4,3103,Critical
38.23,122,95,2836,High
7.34,86,75,1209,Normal
21.13,98,77,863,Normal
30.94,64,15,26,Normal
38.96,127,95,2621,High
37.9,109,92,2458,Moderate
38.86,122,93,2797,High
40.47,146,12,3144,Critical
40.03,150,19,3187,Critical
1.47,81,66,399,Normal
38.85,128,95,2806,High
18.86,60,64,1641,Normal
38.25,126,93,2849,High
37.75,114,92,2315,Moderate
39.89,169,58,3130,Critical
40.02,159,57,3005,Critical
40.02,145,48,3101,Critical
40.43,156,79,3183,Critical
18.47,99,77,1826,Normal
16.32,94,29,1835,Normal
39.8,154,37,3092,Critical
38.97,140,95,2974,High
14.19,66,30,336,Normal
24.57,85,70,1628,Normal
38.9,127,94,2852,High
38.05,128,93,2531,High
38.72,130,93,2999,High
40.07,163,64,3102,Critical
11.34,99,84,1207,Normal
39.04,141,41,3198,Critical
2.82,79,22,1393,Normal
38.93,136,94,2680,High
27.18,96,36,1953,Normal
38.43,139,93,2773,High
11.78,64,46,549,Normal
40.28,148,64,3000,Critical
5.88,95,0,1147,Normal
37.57,118,93,2132,Moderate
23.03,71,40,1902,Normal
37.67,115,91,2125,Moderate
37.71,101,91,2095,Moderate
38.85,124,95,2812,High
38.46,140,95,2772,High
38.29,124,94,2732,High
40.29,168,54,3183,Critical
37.51,112,92,2447,Moderate
38.39,121,93,2595,High
7.8,100,16,1651,Normal
38.03,140,94,2601,High
40.14,155,70,3169,Critical
37.58,105,91,2133,Moderate
40.36,149,42,3191,Critical
37.56,109,91,2458,Moderate
40.43,143,60,3053,Critical
37.91,120,90,2345,Moderate
37.98,107,93,2430,Moderate
37.86,108,93,2222,Moderate
40.07,144,57,3193,Critical
37.89,101,92,2391,Moderate
38.58,134,94,2924,High
37.67,107,91,2030,Moderate
36.03,94,1,1624,Normal
3.27,82,4,759,Normal
37.96,104,92,2084,Moderate
39.8,167,77,3120,Critical
37.52,116,92,2391,Moderate
27.19,67,11,1614,Normal
27.05,85,70,195,Normal
39.34,143,54,3149,Critical
39.98,145,55,3058,Critical
38.02,139,93,2965,High
37.69,109,92,2467,Moderate
38.2,137,93,2645,High
38.49,139,95,2969,High
30.83,68,18,98,Normal
37.61,107,91,2313,Moderate
39.93,141,6,3041,Critical
38.72,123,94,2962,High
37.87,107,92,2344,Moderate
39.16,159,83,3048,Critical
2.23,88,33,1129,Normal
37.95,117,90,2047,Moderate
38.22,137,93,2748,High
38.72,139,93,2687,High
38.75,140,94,2644,High
38.45,122,95,2837,High
38.57,140,93,2930,High
38.52,132,95,2669,High
38.22,121,95,2653,High
40.17,158,28,3000,Critical
40.48,145,78,3194,Critical
39.23,166,12,3024,Critical
37.67,105,94,2238,Moderate
38.38,122,93,2812,High
34.81,68,23,505,Normal
40.18,160,58,3126,Critical
26.46,64,50,342,Normal
37.74,102,91,2372,Moderate
24.07,92,81,113,Normal
20.86,70,86,1824,Normal
12.36,90,16,1801,Normal
37.9,114,92,2234,Moderate
12.13,74,64,1493,Normal
37.86,102,91,2411,Moderate
37.91,102,90,2050,Moderate
29.98,69,61,683,Normal
38.54,135,94,2688,High
20.91,91,59,1544,Normal
39.67,155,15,3139,Critical
37.84,104,91,2252,Moderate
38.33,128,95,2794,High
40.37,146,76,3131,Critical
39.47,163,0,3070,Critical
40.45,169,83,3093,Critical
37.67,112,92,2364,Moderate
23.17,81,20,1276,Normal
37.59,112,90,2089,Moderate
33.33,70,89,1682,Normal
38.17,122,94,2879,High
39.25,152,10,3083,Critical
37.87,106,93,2389,Moderate
37.77,116,94,2094,Moderate
38.58,137,94,2809,High
40.1,143,53,3139,Critical
38.32,126,93,2723,High
37.67,117,92,2377,Moderate
39.32,141,20,3107,Critical
6.46,70,40,269,Normal
1.42,71,79,1776,Normal
38.52,122,95,2680,High
37.99,116,91,2261,Moderate
37.82,112,91,2091,Moderate
34.96,63,17,1298,Normal
35.01,62,68,1406,Normal
26.03,88,24,1241,Normal
8.67,61,27,1098,Normal
38.39,124,95,2531,High
39.7,161,7,3142,Critical
39.62,150,21,3083,Critical
38.98,134,95,2568,High
29.64,95,49,991,Normal
4.33,62,52,1822,Normal
39.96,157,31,3075,Critical
37.74,110,93,2421,Moderate
19.65,91,80,380,Normal
37.79,112,94,2030,Moderate
15.7,66,45,852,Normal
36.51,63,29,1127,Normal
38.73,126,93,2807,High
13.27,68,39,1775,Normal
39.56,162,8,3085,Critical
37.92,114,92,2265,Moderate
38.14,138,95,2780,High
38.02,134,94,2837,High
37.61,105,92,2418,Moderate
3.06,92,48,661,Normal
34.55,76,55,100,Normal
1.26,81,90,777,Normal
38.13,130,95,2623,High
38.41,127,93,2536,High
38.77,127,95,2516,High
38.04,130,93,2578,High
37.71,111,90,2227,Moderate
38.09,135,95,2854,High
39.75,160,26,3082,Critical
18.49,75,44,27,Normal
37.88,103,94,2189,Moderate
38.42,128,95,2788,High
37.91,101,90,2328,Moderate
31.99,63,38,920,Normal
37.53,102,91,2360,Moderate
38.97,125,93,2710,High
40.32,142,22,3183,Critical
16.19,82,22,467,Normal
38.76,122,94,2910,High
34.27,66,13,1946,Normal
40.15,161,10,3181,Critical
38.52,123,95,2882,High
37.79,102,94,2098,Moderate
38.44,122,94,2527,High
38.11,130,94,2982,High
37.7,106,94,2137,Moderate
39.33,142,44,3151,Critical
37.64,112,94,2006,Moderate
39.85,150,53,3069,Critical
37.9,113,91,2332,Moderate
37.87,101,90,2351,Moderate
37.63,107,90,2433,Moderate
38.83,127,93,2820,High
38.72,133,93,2744,High
16.95,82,15,986,Normal
37.68,112,91,2419,Moderate
38.07,140,93,2743,High
38.69,129,95,2995,High
38.71,131,94,2770,High
38.81,127,95,2788,High
38.26,126,95,2791,High
31.64,98,20,874,Normal
37.97,110,94,2186,Moderate
21.5,100,82,1956,Normal
38.64,136,93,2880,High
37.6,115,91,2217,Moderate
32.86,71,46,57,Normal
38.32,123,95,2680,High
37.68,113,93,2029,Moderate
37.58,114,93,2181,Moderate
37.71,112,94,2413,Moderate
39.68,145,35,3081,Critical
38.14,133,95,2976,High
38.46,126,93,2980,High
10.78,77,84,1300,Normal
37.71,105,93,2219,Moderate
37.6,117,93,2363,Moderate
27.55,99,40,1121,Normal
37.88,120,91,2364,Moderate
38.97,128,95,2853,High
6.72,93,65,576,Normal
38.33,123,95,2690,High
37.52,109,90,2065,Moderate
28.83,91,86,741,Normal
7.67,73,6,1317,Normal
39.19,141,2,3106,Critical
37.55,102,91,2295,Moderate
39.8,156,24,3182,Critical
37.75,103,93,2023,Moderate
39.1,160,52,3090,Critical
6.49,80,20,924,Normal
38.63,137,93,2727,High
37.66,107,93,2308,Moderate
39.54,145,14,3099,Critical
38.37,140,95,2977,High
3.61,80,40,1577,Normal
39.72,163,61,3120,Critical
37.85,106,91,2373,Moderate
11.11,84,51,1589,Normal
38.23,134,93,2835,High
38.28,122,95,2650,High
37.69,102,90,2432,Moderate
39.76,162,43,3112,Critical
38.72,135,93,2661,High
37.62,117,90,2389,Moderate
38.34,126,94,2996,High
37.94,104,91,2478,Moderate
37.67,118,93,2335,Moderate
38.16,126,94,2614,High
38.18,133,94,2893,High
37.97,116,92,2315,Moderate
37.59,108,92,2319,Moderate
39.36,157,52,3163,Critical
38.9,134,95,2924,High
39.43,147,22,3179,Critical
37.54,118,90,2460,Moderate
4.33,88,35,1650,Normal
38.13,121,94,2900,High
37.93,108,91,2170,Moderate
38.78,124,95,2545,High
26.66,74,14,525,Normal
21.02,85,12,1890,Normal
24.04,60,59,1488,Normal
11.02,61,63,1702,Normal
22.51,93,13,1994,Normal
38.62,139,93,2936,High
39.23,166,76,3017,Critical
38.37,134,95,2561,High
39.38,156,49,3177,Critical
38.27,132,93,2918,High
28.76,74,6,1848,Normal
40.48,153,5,3186,Critical
39.79,149,24,3096,Critical
38.05,121,93,2664,High
40.23,149,34,3053,Critical
36.89,67,79,54,Normal
38.81,131,94,2922,High
37.84,114,93,2488,Moderate
38.25,140,94,2771,High
37.64,109,91,2276,Moderate
21.59,77,25,879,Normal
38.19,127,93,2968,High
1.77,100,18,1544,Normal
39.74,168,63,3011,Critical
37.8,102,90,2056,Moderate
37.65,111,93,2313,Moderate
37.54,106,93,2063,Moderate
38.31,131,94,2698,High
7.37,88,16,803,Normal
40.12,169,84,3156,Critical
40.08,169,19,3129,Critical
38.65,140,95,2562,High
38.03,122,93,2791,High
38.61,127,93,2980,High
38.43,130,94,2751,High
38.11,126,93,2830,High
26.41,98,33,1683,Normal
37.64,114,91,2233,Moderate
37.79,107,90,2254,Moderate
38.16,132,94,2846,High
37.91,108,94,2315,Moderate
40.06,141,90,3095,Critical
39.06,157,86,3016,Critical
2.21,91,43,353,Normal
39.77,158,46,3142,Critical
0.66,69,61,939,Normal
14.25,82,54,539,Normal
13.03,91,26,1422,Normal
39.17,166,76,3018,Critical
39.06,166,33,3018,Critical
37.87,110,93,2477,Moderate
36.45,88,36,1491,Normal
39.28,162,28,3168,Critical
39.66,153,10,3044,Critical
37.97,107,90,2302,Moderate
39.41,153,68,3139,Critical
39.41,154,74,3153,Critical
39.73,153,8,3149,Critical
22.22,62,1,1629,Normal
37.77,103,94,2373,Moderate
40.02,156,39,3200,Critical
39.92,156,11,3005,Critical
29.82,97,89,1037,Normal
37.37,81,67,1455,Normal
39.61,146,78,3144,Critical
37.87,103,90,2358,Moderate
37.63,101,91,2356,Moderate
39.16,148,9,3178,Critical
37.6,112,93,2491,Moderate
37.87,119,90,2157,Moderate
37.93,112,92,2053,Moderate
37.95,113,91,2328,Moderate
37.95,111,90,2452,Moderate
38.38,123,94,2937,High
28.47,66,41,1658,Normal
38.26,133,93,2945,High
37.75,114,90,2243,Moderate
37.94,118,93,2282,Moderate
37.61,115,90,2092,Moderate
9.65,67,9,662,Normal
37.78,120,93,2396,Moderate
14.06,74,74,1739,Normal
38.25,134,93,2891,High
10.44,93,57,1794,Normal
7.07,88,78,1825,Normal
37.76,114,92,2082,Moderate
27.8,72,72,855,Normal
38.4,130,93,2663,High
36.75,84,25,1220,Normal
38.3,121,93,2713,High
37.5,114,94,2294,Moderate
29.31,75,56,1691,Normal
39.22,168,77,3130,Critical
8.54,100,75,1318,Normal
37.94,103,91,2341,Moderate
37.68,115,92,2415,Moderate
29.04,63,12,210,Normal
39.61,160,14,3059,Critical
37.54,109,91,2046,Moderate
37.63,119,94,2405,Moderate
37.81,119,92,2072,Moderate
1.45,82,80,109,Normal
21.24,80,24,330,Normal
38.01,137,95,2695,High
35.82,69,17,935,Normal
40.07,166,11,3092,Critical
38.95,135,93,2852,High
23.34,68,31,769,Normal
37.68,103,91,2398,Moderate
40.34,145,20,3155,Critical
33.58,95,0,589,Normal
39.07,157,31,3177,Critical
38.71,137,95,2655,High
38.28,131,94,2631,High
14.23,77,40,829,Normal
38.19,124,94,2982,High
37.78,116,94,2209,Moderate
40.43,168,85,3051,Critical
38.6,136,95,2674,High
38.34,140,94,2914,High
19.65,93,55,1582,Normal
40.2,144,19,3071,Critical
39.8,144,70,3088,Critical
38.5,140,95,2865,High
37.53,104,91,2114,Moderate
38.21,129,93,2510,High
37.94,115,93,2339,Moderate
38.45,127,93,2775,High
30.73,70,11,706,Normal
38.99,124,93,2978,High
37.99,106,91,2494,Moderate
40.33,158,23,3199,Critical
38.44,132,93,2826,High
10.32,82,28,1381,Normal
38.89,139,93,2534,High
27.48,67,34,1893,Normal
37.97,110,94,2028,Moderate
37.81,102,93,2042,Moderate
37.69,108,94,2452,Moderate
37.98,113,91,2282,Moderate
38.95,129,95,2606,High
37.69,117,90,2105,Moderate
31.94,88,33,608,Normal
40.24,151,80,3096,Critical
38.72,132,95,2934,High
37.9,112,92,2162,Moderate
38.06,132,93,2954,High
37.81,110,93,2234,Moderate
38.81,140,94,2646,High
39.92,169,42,3143,Critical
40.47,151,42,3180,Critical
28.44,68,28,974,Normal
38.39,130,95,2547,High
39.67,155,3,3119,Critical
40.45,160,58,3088,Critical
39.51,151,48,3070,Critical
38.23,126,94,2877,High
38.3,132,94,2768,High
37.87,115,90,2248,Moderate
37.88,109,91,2484,Moderate
31.12,99,17,1244,Normal
37.91,119,91,2086,Moderate
38.75,132,95,2682,High
40.19,154,83,3126,Critical
12.57,89,9,1488,Normal
38.4,122,93,2838,High
38.11,140,95,2937,High
38.12,129,95,2693,High
40.0,166,49,3045,Critical
10.85,70,5,1818,Normal
38.74,135,94,2799,High
37.57,109,90,2264,Moderate
38.14,136,94,2544,High
38.99,124,95,2948,High
1.46,63,76,1547,Normal
39.32,145,65,3144,Critical
25.79,65,1,86,Normal
38.64,128,93,2701,High
39.54,161,67,3073,Critical
35.04,63,13,478,Normal
38.0,105,93,2344,Moderate
39.34,141,64,3104,Critical
7.51,69,48,894,Normal
38.01,128,95,2921,High
39.82,145,44,3122,Critical
38.31,129,93,2923,High
39.62,146,74,3051,Critical
1.56,78,15,457,Normal
39.35,161,74,3194,Critical
39.86,169,45,3094,Critical
37.91,104,92,2296,Moderate
38.81,127,94,2732,High
37.63,107,91,2240,Moderate
25.26,84,58,696,Normal
14.64,99,70,242,Normal
40.11,162,81,3144,Critical
37.73,106,91,2239,Moderate
38.09,140,95,2782,High
39.66,165,84,3019,Critical
38.18,132,94,2557,High
25.34,62,61,58,Normal
37.74,110,91,2415,Moderate
38.13,128,93,2665,High
38.96,136,94,2778,High
38.39,138,93,2725,High
37.61,119,90,2277,Moderate
39.72,154,63,3177,Critical
38.31,121,94,2869,High
38.19,123,94,2737,High
37.88,106,93,2121,Moderate
37.57,108,94,2418,Moderate
38.02,136,93,2607,High
39.16,155,75,3041,Critical
38.94,128,95,2866,High
37.85,109,91,2470,Moderate
38.73,124,95,2877,High
40.48,157,73,3163,Critical
40.46,153,55,3173,Critical
39.66,151,36,3051,Critical
39.84,157,34,3156,Critical
13.39,69,45,1156,Normal
37.86,104,94,2127,Moderate
38.55,130,94,2766,High
39.36,161,68,3130,Critical
40.06,149,60,3046,Critical
39.98,155,21,3021,Critical
37.89,114,93,2304,Moderate
16.41,100,89,1620,Normal
38.57,131,93,2744,High
15.29,84,50,1139,Normal
38.74,138,95,2618,High
37.94,110,92,2426,Moderate
37.54,108,90,2451,Moderate
39.15,160,73,3171,Critical
39.39,165,46,3081,Critical
37.94,112,94,2119,Moderate
40.1,158,14,3101,Critical
37.67,115,91,2099,Moderate
38.56,127,94,2679,High
15.64,63,31,27,Normal
39.85,164,59,3184,Critical
37.72,115,93,2343,Moderate
34.01,87,5,1872,Normal
38.89,134,95,2863,High
38.29,140,95,2564,High
38.45,124,93,2758,High
38.24,137,93,2991,High
38.41,132,95,2714,High
38.51,124,95,2838,High
32.09,92,30,1739,Normal
40.44,155,65,3066,Critical
37.55,120,91,2494,Moderate
39.43,142,17,3182,Critical
39.87,168,40,3006,Critical
19.05,98,46,543,Normal
38.1,127,95,2850,High
38.73,129,95,2542,High
19.52,91,57,1080,Normal
37.55,115,91,2481,Moderate
40.4,158,34,3027,Critical
38.41,139,95,2982,High
20.94,83,43,1406,Normal
37.71,105,91,2377,Moderate
40.15,164,26,3166,Critical
38.32,133,95,2807,High
37.91,104,90,2368,Moderate
4.64,79,84,269,Normal
38.79,137,95,2621,High
40.41,143,18,3133,Critical
39.61,167,40,3135,Critical
37.61,109,92,2439,Moderate
37.94,107,94,2355,Moderate
37.81,108,91,2046,Moderate
39.16,156,68,3088,Critical
39.45,144,67,3088,Critical
12.39,86,62,924,Normal
14.11,64,20,574,Normal
37.9,120,94,2376,Moderate
38.15,132,93,2676,High
39.96,157,16,3189,Critical
22.29,73,72,275,Normal
40.03,167,19,3138,Critical
38.14,126,93,2653,High
38.6,137,94,2530,High
37.86,106,93,2140,Moderate
29.45,84,70,423,Normal
39.26,164,31,3172,Critical
39.24,145,34,3045,Critical
39.67,146,14,3151,Critical
1.58,76,35,404,Normal
38.13,138,95,2601,High
38.03,127,93,2746,High
39.76,165,48,3034,Critical
37.61,120,93,2252,Moderate
37.87,109,91,2410,Moderate
37.97,111,91,2380,Moderate
39.89,168,63,3023,Critical
37.74,118,94,2110,Moderate
37.64,105,91,2378,Moderate
37.55,118,90,2402,Moderate
33.56,63,20,17,Normal
40.17,168,74,3142,Critical
39.89,155,60,3150,Critical
38.72,121,94,2686,High
38.22,140,94,2697,High
37.91,109,93,2049,Moderate
37.83,119,93,2484,Moderate
27.83,99,41,392,Normal
39.81,143,61,3041,Critical
37.94,112,93,2249,Moderate
40.42,157,84,3082,Critical
39.76,145,54,3075,Critical
38.59,137,95,2805,High
26.88,83,37,1035,Normal
2.36,95,39,469,Normal
39.93,161,71,3039,Critical
36.2,61,82,652,Normal
38.78,130,95,2575,High
39.14,150,0,3105,Critical
16.9,71,46,843,Normal
6.19,81,4,1493,Normal
37.56,105,91,2125,Moderate
27.57,83,20,1454,Normal
13.78,95,23,869,Normal
38.12,129,93,2719,High
28.19,60,63,160,Normal
37.93,103,90,2074,Moderate
39.67,146,77,3098,Critical
10.51,67,87,843,Normal
38.82,122,93,2751,High
38.08,125,95,2645,High
20.47,78,57,349,Normal
2.72,99,38,530,Normal
38.67,129,94,2705,High
39.9,151,12,3019,Critical
39.02,142,42,3004,Critical
38.47,127,94,2708,High
38.0,115,90,2468,Moderate
38.45,125,95,2852,High
37.79,103,93,2194,Moderate
38.9,136,93,2963,High
39.19,142,68,3187,Critical
37.64,105,92,2369,Moderate
35.16,89,27,1733,Normal
37.84,115,92,2256,Moderate
23.47,74,32,1668,Normal
40.49,167,57,3102,Critical
31.36,74,86,229,Normal
16.27,98,44,371,Normal
37.68,102,94,2342,Moderate
39.27,168,64,3102,Critical
38.29,133,95,2594,High
18.85,84,19,1008,Normal
37.56,118,92,2425,Moderate
39.12,167,23,3010,Critical
39.99,149,86,3062,Critical
38.78,136,93,2557,High
40.11,151,65,3173,Critical
37.57,105,93,2034,Moderate
1.45,78,57,696,Normal
33.43,82,32,1983,Normal
37.89,112,91,2263,Moderate
38.85,123,95,2532,High
22.71,66,85,1447,Normal
36.93,77,15,1942,Normal
34.86,96,65,114,Normal
7.58,88,1,577,Normal
25.45,79,71,928,Normal
31.08,97,89,1696,Normal
38.65,137,94,2737,High
39.81,143,62,3158,Critical
38.73,134,93,2897,High
0.0,68,44,97,Normal
37.79,120,91,2312,Moderate
39.65,151,60,3101,Critical
38.65,127,95,2925,High
38.55,132,94,2769,High
38.87,132,93,2510,High
39.88,150,70,3035,Critical
37.86,117,93,2178,Moderate
6.96,68,66,1352,Normal
2.29,61,20,1992,Normal
25.69,88,3,1974,Normal
39.69,161,67,3034,Critical
38.77,123,94,2790,High
16.92,61,72,990,Normal
37.71,116,91,2176,Moderate
36.5,78,21,1212,Normal
38.76,129,94,2910,High
39.73,164,54,3143,Critical
37.73,108,94,2190,Moderate
32.5,66,83,1082,Normal
39.7,144,13,3122,Critical
37.87,101,94,2059,Moderate
38.38,124,93,2807,High
37.63,120,91,2035,Moderate
37.81,112,90,2425,Moderate
30.89,79,35,1345,Normal
39.13,143,71,3110,Critical
16.69,95,14,1519,Normal
38.31,136,93,2819,High
25.8,91,6,300,Normal
40.38,169,89,3092,Critical
39.38,154,76,3056,Critical
38.49,138,93,2518,High
18.56,68,0,697,Normal
39.25,164,79,3146,Critical
37.52,105,90,2421,Moderate
37.9,117,91,2186,Moderate
38.23,129,95,2846,High
38.14,130,93,2622,High
39.04,156,74,3109,Critical
38.81,135,93,2880,High
38.5,135,95,2858,High
9.77,100,29,1683,Normal
37.92,120,93,2349,Moderate
37.96,112,94,2194,Moderate
28.63,96,47,1030,Normal
37.58,114,91,2246,Moderate
0.22,81,27,1626,Normal
8.1,95,15,925,Normal
20.87,90,5,55,Normal
39.23,143,26,3181,Critical
17.26,84,15,634,Normal
37.67,101,94,2127,Moderate
38.4,128,93,2585,High
38.81,122,94,2527,High
8.7,95,42,480,Normal
37.96,109,94,2076,Moderate
37.7,107,92,2338,Moderate
39.42,142,54,3113,Critical
34.65,81,36,560,Normal
32.2,82,6,1328,Normal
38.3,130,94,2774,High
39.95,142,74,3134,Critical
15.66,94,34,1798,Normal
37.97,115,90,2059,Moderate
37.79,107,93,2216,Moderate
25.39,67,8,1119,Normal
37.52,112,93,2185,Moderate
18.67,80,75,913,Normal
37.77,102,94,2296,Moderate
0.82,81,62,1468,Normal
37.74,109,94,2170,Moderate
37.75,113,92,2219,Moderate
37.77,120,91,2241,Moderate
12.76,95,14,1982,Normal
37.77,111,90,2161,Moderate
37.88,118,94,2451,Moderate
20.8,91,84,500,Normal
38.69,136,93,2650,High
40.39,156,33,3131,Critical
24.08,98,40,1463,Normal
7.32,95,4,751,Normal
25.37,73,79,1974,Normal
38.61,135,94,2545,High
38.89,122,94,2959,High
39.64,145,86,3169,Critical
15.24,91,12,1609,Normal
32.92,61,4,38,Normal
37.64,102,92,2137,Moderate
39.84,148,5,3128,Critical
38.26,131,95,2635,High
8.78,63,43,970,Normal
0.81,92,2,1373,Normal
22.27,79,85,398,Normal
39.88,160,72,3150,Critical
37.87,113,91,2281,Moderate
39.88,170,16,3047,Critical
5.67,78,30,388,Normal
37.8,119,93,2326,Moderate
39.73,164,15,3139,Critical
40.1,160,73,3121,Critical
39.23,150,42,3040,Critical
37.59,116,94,2419,Moderate
37.64,101,91,2045,Moderate
38.73,124,95,2966,High
38.43,140,95,2638,High
39.4,142,67,3038,Critical
38.86,133,95,2791,High
38.36,128,93,2779,High
39.77,159,30,3124,Critical
37.51,102,90,2248,Moderate
39.91,154,15,3063,Critical
38.3,128,93,2616,High
8.53,67,74,1358,Normal
37.78,114,94,2216,Moderate
39.1,143,20,3008,Critical
33.26,97,63,1661,Normal
38.07,139,95,2997,High
37.9,104,92,2364,Moderate
2.61,86,63,22,Normal
38.39,124,94,2771,High
38.41,131,93,2724,High
37.79,117,92,2062,Moderate
38.26,132,95,2741,High
40.37,158,74,3056,Critical
30.19,63,2,1648,Normal
12.74,70,88,727,Normal
39.36,141,66,3192,Critical
38.21,135,93,2759,High
3.61,79,80,109,Normal
37.64,107,93,2147,Moderate
39.03,151,60,3051,Critical
37.98,113,91,2323,Moderate
37.95,108,92,2349,Moderate
38.0,113,93,2018,Moderate
39.15,144,76,3192,Critical
15.44,73,89,351,Normal
37.76,116,91,2225,Moderate
21.44,65,20,84,Normal
39.4,162,2,3017,Critical
40.16,153,70,3148,Critical
23.69,63,81,1006,Normal
38.78,133,94,2892,High
39.83,151,44,3095,Critical
38.14,121,95,2674,High
11.75,60,84,1638,Normal
33.51,89,84,1830,Normal
37.81,111,94,2034,Moderate
39.78,165,9,3016,Critical
38.83,132,93,2736,High
39.61,168,48,3148,Critical
37.57,115,93,2367,Moderate
39.59,162,0,3140,Critical
38.67,124,93,2525,High
37.61,102,92,2108,Moderate
28.46,67,15,305,Normal
28.41,90,23,1404,Normal
39.03,147,46,3040,Critical
39.38,157,59,3138,Critical
40.33,166,53,3151,Critical
38.68,123,95,2730,High
38.66,139,95,2682,High
38.97,137,95,2792,High
24.04,92,76,1195,Normal
37.55,101,93,2476,Moderate
39.15,156,8,3166,Critical
37.56,118,94,2353,Moderate
37.59,117,92,2070,Moderate
37.32,87,23,428,Normal
19.66,87,70,1194,Normal
39.52,161,37,3146,Critical
33.85,97,14,552,Normal
40.08,155,39,3065,Critical
38.86,125,94,2800,High
40.25,145,62,3189,Critical
38.58,122,93,2877,High
37.68,107,92,2045,Moderate
5.7,100,78,1940,Normal
39.59,169,20,3038,Critical
37.96,102,93,2015,Moderate
39.49,167,65,3184,Critical
10.42,100,1,76,Normal
37.75,111,94,2221,Moderate
39.25,142,26,3193,Critical
38.34,138,94,2679,High
37.91,107,90,2072,Moderate
37.61,117,90,2028,Moderate
37.73,109,90,2130,Moderate
20.72,98,76,858,Normal
38.06,125,95,2977,High
39.12,155,24,3149,Critical
39.8,156,86,3171,Critical
40.42,153,58,3001,Critical
39.86,163,7,3036,Critical
39.51,148,74,3100,Critical
37.69,106,93,2499,Moderate
38.71,136,95,2759,High
38.36,122,93,2933,High
39.58,170,65,3146,Critical
37.96,107,92,2495,Moderate
38.88,129,95,2944,High
40.33,154,35,3027,Critical
39.81,141,58,3016,Critical
38.48,121,95,2684,High
39.03,170,62,3163,Critical
39.39,164,74,3176,Critical
38.91,135,94,2742,High
37.9,104,92,2370,Moderate
38.64,136,95,2878,High
39.82,164,49,3069,Critical
35.89,62,84,684,Normal
30.49,78,76,1077,Normal
37.53,117,93,2341,Moderate
37.92,113,93,2170,Moderate
39.18,159,69,3105,Critical
38.34,128,93,2619,High
38.56,127,94,2588,High
37.99,111,91,2377,Moderate
37.51,105,94,2380,Moderate
37.85,115,92,2437,Moderate
38.58,123,94,2566,High
38.24,134,94,2573,High
37.95,115,94,2235,Moderate
37.6,113,92,2245,Moderate
37.99,112,91,2423,Moderate
38.49,135,94,2699,High
9.86,71,45,1910,Normal
12.13,80,24,654,Normal
39.18,158,42,3155,Critical
38.25,131,94,2763,High
7.24,81,10,1658,Normal
1.84,68,36,1538,Normal
37.89,118,93,2181,Moderate
37.79,115,94,2322,Moderate
30.49,74,64,1647,Normal
37.96,120,90,2222,Moderate
39.08,157,79,3165,Critical
25.72,60,31,263,Normal
38.02,125,95,2546,High
39.86,146,35,3148,Critical
40.17,166,20,3092,Critical
39.3,146,61,3109,Critical
37.65,108,90,2498,Moderate
37.81,120,92,2263,Moderate
4.14,62,83,1879,Normal
37.54,110,91,2018,Moderate
39.19,163,25,3059,Critical
34.86,79,35,542,Normal
37.59,103,90,2109,Moderate
20.86,96,26,825,Normal
37.71,116,93,2300,Moderate
16.02,82,23,234,Normal
37.86,103,90,2318,Moderate
40.29,146,0,3079,Critical
39.33,145,47,3018,Critical
38.17,130,93,2844,High
37.9,120,91,2123,Moderate
37.53,110,91,2277,Moderate
38.79,138,95,2735,High
37.93,110,90,2192,Moderate
35.75,78,45,652,Normal
37.73,110,92,2061,Moderate
39.64,144,22,3058,Critical
37.53,105,93,2470,Moderate
35.98,71,73,561,Normal
37.99,116,92,2110,Moderate
38.19,127,93,2598,High
22.68,60,39,501,Normal
37.85,102,91,2191,Moderate
38.12,131,94,2530,High
37.9,112,92,2324,Moderate
40.49,152,80,3058,Critical
38.12,125,95,2864,High
37.72,104,90,2170,Moderate
21.05,63,3,134,Normal
37.59,120,90,2182,Moderate
40.33,155,74,3099,Critical
38.49,126,94,2906,High
38.84,131,93,2698,High
11.7,62,29,1390,Normal
37.74,118,91,2379,Moderate
37.85,110,90,2256,Moderate
16.17,73,39,871,Normal
37.88,115,94,2130,Moderate
37.82,109,90,2132,Moderate
37.77,119,93,2456,Moderate
3.33,63,47,234,Normal
19.71,69,71,1886,Normal
37.97,115,90,2239,Moderate
38.34,124,95,2854,High
38.8,136,93,2966,High
37.77,119,93,2109,Moderate
38.8,134,93,2860,High
37.89,105,94,2157,Moderate
39.6,144,75,3024,Critical
38.6,130,95,2911,High
38.17,134,93,2889,High
38.7,125,95,2685,High
4.91,85,39,1810,Normal
40.12,158,71,3165,Critical
40.41,164,9,3138,Critical
6.91,99,3,846,Normal
39.42,146,80,3179,Critical
31.6,98,63,619,Normal
37.85,105,92,2399,Moderate
1.15,69,32,769,Normal
38.68,136,94,2589,High
32.16,93,57,993,Normal
36.0,77,23,1584,Normal
37.55,111,91,2493,Moderate
18.77,96,8,596,Normal
38.2,122,93,2991,High
33.37,97,35,1757,Normal
4.65,65,3,560,Normal
39.1,158,43,3135,Critical
39.23,158,76,3181,Critical
39.1,155,43,3160,Critical
39.39,141,44,3033,Critical
38.49,123,94,2875,High
39.53,145,46,3078,Critical
37.67,102,93,2235,Moderate
37.67,106,92,2316,Moderate
37.56,115,91,2072,Moderate
39.2,159,72,3154,Critical
38.32,132,94,2579,High
39.87,163,62,3132,Critical
40.5,164,80,3135,Critical
37.51,108,92,2412,Moderate
39.71,158,25,3113,Critical
38.78,129,94,2664,High
37.93,102,93,2048,Moderate
39.44,165,43,3052,Critical
39.32,149,77,3063,Critical
31.18,86,55,1216,Normal
1.45,66,33,1208,Normal
38.84,137,94,2801,High
39.07,161,10,3101,Critical
37.98,108,91,2230,Moderate
37.76,117,94,2335,Moderate
37.91,118,91,2218,Moderate
40.48,168,66,3083,Critical
38.39,129,94,2823,High
40.14,148,57,3076,Critical
39.31,144,53,3124,Critical
38.45,123,95,2809,High
38.49,129,95,2511,High
37.7,115,90,2304,Moderate
31.13,67,17,332,Normal
38.12,140,95,2634,High
37.94,102,92,2077,Moderate
39.89,155,30,3104,Critical
38.01,140,95,2599,High
39.62,160,29,3045,Critical
37.76,102,94,2450,Moderate
37.61,101,92,2336,Moderate
38.29,124,95,2753,High
37.75,103,90,2225,Moderate
11.03,70,84,176,Normal
39.03,146,29,3019,Critical
37.89,107,90,2371,Moderate
37.94,110,92,2477,Moderate
37.71,103,93,2041,Moderate
39.81,143,51,3188,Critical
37.57,111,94,2306,Moderate
38.66,125,95,2930,High
37.7,119,92,2429,Moderate
37.75,114,90,2404,Moderate
17.4,78,57,888,Normal
38.53,124,95,2792,High
37.54,120,90,2372,Moderate
38.31,134,95,2649,High
39.15,169,70,3198,Critical
38.89,136,95,2613,High
26.08,89,75,1517,Normal
38.41,133,95,2901,High
39.81,146,4,3027,Critical
39.15,170,88,3046,Critical
24.94,80,76,1987,Normal
30.72,95,49,1582,Normal
37.97,107,93,2013,Moderate
38.49,131,95,2580,High
1.06,98,8,767,Normal
38.09,127,95,2799,High
20.24,80,52,379,Normal
37.7,112,94,2214,Moderate
37.67,119,94,2165,Moderate
37.62,114,91,2205,Moderate
36.78,75,5,1122,Normal
8.35,100,62,598,Normal
40.01,156,12,3011,Critical
37.87,106,93,2109,Moderate
39.1,168,11,3121,Critical
38.07,131,95,2666,High
6.96,84,84,1612,Normal
37.76,117,91,2389,Moderate
27.26,94,87,134,Normal
37.64,104,93,2212,Moderate
37.68,120,92,2070,Moderate
32.97,65,23,227,Normal
11.69,90,53,1767,Normal
40.1,144,77,3097,Critical
38.73,130,95,2721,High
2.36,99,78,1403,Normal
38.22,124,94,2509,High
40.35,160,82,3048,Critical
40.02,151,18,3116,Critical
15.34,79,82,1778,Normal
38.24,127,95,2651,High
37.64,106,93,2349,Moderate
39.66,146,89,3172,Critical
39.03,151,75,3116,Critical
37.61,120,91,2116,Moderate
10.13,100,14,1879,Normal
37.44,62,1,1842,Normal
38.74,129,93,2961,High
3.35,85,20,1857,Normal
36.78,61,25,955,Normal
40.12,165,20,3087,Critical
38.39,129,95,2656,High
6.32,61,85,1948,Normal
38.98,137,94,3000,High
13.17,61,52,1128,Normal
28.46,61,3,183,Normal
37.98,110,93,2390,Moderate
37.98,116,92,2173,Moderate
37.93,114,90,2278,Moderate
39.43,148,85,3046,Critical
39.77,141,78,3135,Critical
38.08,127,94,2851,High
39.23,166,69,3055,Critical
14.87,60,31,453,Normal
12.55,84,58,237,Normal
37.69,105,91,2149,Moderate
38.08,123,94,2781,High
37.96,105,92,2210,Moderate
26.06,94,1,479,Normal
27.06,98,48,809,Normal
38.65,131,94,2776,High
37.93,102,90,2010,Moderate
21.14,75,0,357,Normal
15.27,97,67,1257,Normal
37.95,101,91,2458,Moderate
38.95,132,94,2619,High
40.0,156,71,3173,Critical
28.84,66,68,623,Normal
38.28,126,93,2905,High
37.5,114,92,2097,Moderate
37.83,111,92,2202,Moderate
7.46,85,61,1242,Normal
38.38,132,95,2650,High
37.81,120,93,2127,Moderate
37.76,114,94,2124,Moderate
39.99,141,28,3160,Critical
38.62,128,93,2564,High
25.69,71,4,1230,Normal
37.53,117,93,2472,Moderate
12.08,76,45,1309,Normal
37.93,104,92,2455,Moderate
33.07,75,76,1130,Normal
37.89,104,91,2007,Moderate
40.23,162,65,3181,Critical
37.85,105,92,2221,Moderate
38.76,139,94,2501,High
38.49,126,95,2544,High
39.82,156,10,3086,Critical
38.2,127,94,2874,High
38.08,129,93,2654,High
40.06,170,72,3034,Critical
38.73,123,93,2914,High
37.83,105,92,2204,Moderate
9.5,77,12,1527,Normal
37.84,117,91,2456,Moderate
30.69,98,9,889,Normal
40.28,158,0,3056,Critical
39.87,141,34,3197,Critical
20.45,79,58,600,Normal
5.56,81,59,401,Normal
27.08,80,83,936,Normal
39.9,154,0,3068,Critical
39.8,141,58,3164,Critical
37.65,117,91,2220,Moderate
38.07,133,94,2945,High
38.24,124,95,2943,High
37.95,111,94,2035,Moderate
24.67,73,63,98,Normal
38.12,129,95,2873,High
37.97,118,90,2380,Moderate
37.9,103,91,2063,Moderate
37.74,113,92,2495,Moderate
37.64,118,92,2204,Moderate
40.31,143,46,3150,Critical
38.83,138,94,2773,High
39.45,158,15,3052,Critical
38.08,130,93,2786,High
40.22,147,69,3100,Critical
37.82,110,91,2385,Moderate
9.38,74,51,806,Normal
37.81,116,93,2124,Moderate
38.01,126,95,2588,High
39.08,170,19,3106,Critical
40.24,146,3,3122,Critical
38.66,121,95,2869,High
30.63,60,6,928,Normal
38.8,133,94,2609,High
25.49,77,20,673,Normal
1.0,74,28,15,Normal
26.1,64,42,1648,Normal
1.51,88,36,1797,Normal
38.9,129,95,2997,High
37.69,114,93,2147,Moderate
39.14,143,80,3160,Critical
26.42,65,7,527,Normal
39.98,147,63,3121,Critical
40.16,159,82,3123,Critical
27.31,85,32,1894,Normal
40.2,155,4,3108,Critical
40.02,161,30,3171,Critical
37.68,115,92,2287,Moderate
40.47,147,75,3181,Critical
39.94,167,30,3184,Critical
38.29,140,95,2547,High
37.7,104,94,2492,Moderate
19.17,90,62,1470,Normal
40.11,158,21,3184,Critical
40.49,167,25,3182,Critical
28.09,69,37,506,Normal
40.07,148,25,3112,Critical
38.91,139,94,2872,High
39.48,167,14,3014,Critical
39.61,164,66,3129,Critical
37.9,102,93,2166,Moderate
38.46,130,93,2772,High
40.18,150,43,3105,Critical
38.87,135,95,2933,High
38.77,136,94,2907,High
38.94,134,94,2760,High
37.99,114,92,2192,Moderate
38.61,129,94,2551,High
37.56,118,94,2040,Moderate
38.28,132,93,2607,High
29.37,60,60,1700,Normal
37.87,105,90,2072,Moderate
38.09,137,95,2926,High
38.52,140,94,2994,High
37.7,114,94,2019,Moderate
16.8,90,88,1840,Normal
13.17,76,0,831,Normal
1.76,95,74,246,Normal
37.75,103,94,2254,Moderate
37.79,115,92,2266,Moderate
38.51,126,95,2693,High
39.2,143,54,3171,Critical
37.91,108,91,2303,Moderate
37.62,109,93,2026,Moderate
8.68,90,43,1867,Normal
38.17,135,94,2630,High
38.47,133,95,2794,High
38.49,135,93,2577,High
37.59,117,90,2340,Moderate
37.54,102,92,2476,Moderate
37.94,117,94,2022,Moderate
39.44,160,10,3170,Critical
40.25,145,12,3096,Critical
36.62,86,53,1089,Normal
35.74,84,50,555,Normal
38.4,121,95,2623,High
38.87,128,95,2781,High
28.47,98,43,699,Normal
15.69,93,56,535,Normal
38.77,131,94,2511,High
37.91,113,91,2141,Moderate
38.62,133,93,2745,High
38.13,130,95,2660,High
37.97,101,91,2184,Moderate
37.52,110,90,2303,Moderate
11.03,88,55,1495,Normal
8.73,88,57,1260,Normal
17.84,85,54,1756,Normal
37.99,115,91,2476,Moderate
39.35,152,59,3101,Critical
39.5,148,76,3184,Critical
38.37,122,95,2639,High
6.59,81,12,776,Normal
34.46,89,58,60,Normal
37.83,104,92,2451,Moderate
37.95,117,94,2295,Moderate
15.48,72,52,1163,Normal
15.95,77,15,1328,Normal
37.8,112,92,2388,Moderate
22.03,96,80,1231,Normal
38.99,129,94,2826,High
39.49,151,29,3084,Critical
39.36,151,62,3109,Critical
2.43,97,0,18,Normal
39.5,166,28,3082,Critical
38.26,139,94,2532,High
39.81,151,26,3178,Critical
37.97,103,94,2251,Moderate
37.54,107,92,2256,Moderate
37.68,102,92,2028,Moderate
39.89,170,46,3034,Critical
37.53,103,94,2498,Moderate
39.35,154,24,3033,Critical
38.64,128,95,2949,High
2.27,73,22,1024,Normal
37.69,104,92,2344,Moderate
32.62,86,22,1379,Normal
40.27,167,86,3173,Critical
38.62,129,95,2636,High
40.21,162,36,3044,Critical
38.84,121,95,2742,High
2.61,71,24,564,Normal
37.93,120,94,2122,Moderate
36.81,87,44,138,Normal
37.84,110,93,2342,Moderate
20.86,94,87,1724,Normal
37.97,105,91,2427,Moderate
37.52,118,90,2119,Moderate
40.44,145,25,3009,Critical
37.8,107,94,2291,Moderate
4.77,93,15,1124,Normal
7.66,80,80,15,Normal
38.24,134,95,2523,High
37.78,119,93,2135,Moderate
38.61,126,93,2760,High
37.53,118,94,2350,Moderate
16.17,78,89,352,Normal
28.29,80,89,1181,Normal
33.76,86,82,1474,Normal
39.82,157,51,3040,Critical
40.42,165,57,3139,Critical
37.51,111,93,2051,Moderate
39.63,158,43,3044,Critical
37.73,109,93,2311,Moderate
1.99,65,24,1492,Normal
37.52,119,93,2167,Moderate
38.98,137,93,2843,High
39.47,152,48,3051,Critical
37.73,116,93,2284,Moderate
38.29,136,93,2891,High
38.68,137,94,2912,High
39.89,141,89,3140,Critical
4.76,61,41,1922,Normal
25.44,90,78,684,Normal
30.18,79,21,625,Normal
39.4,169,5,3046,Critical
38.31,127,93,2777,High
38.35,125,95,2919,High
39.25,142,25,3161,Critical
39.55,153,39,3117,Critical
38.35,128,95,2975,High
39.59,156,9,3164,Critical
34.64,61,47,331,Normal
23.14,94,45,843,Normal
38.18,139,93,2819,High
38.33,136,94,2667,High
39.39,142,88,3072,Critical
40.36,151,57,3113,Critical
39.8,141,12,3107,Critical
37.97,105,94,2374,Moderate
38.43,125,93,2942,High
8.9,97,78,133,Normal
37.49,63,48,247,Normal
30.84,73,5,599,Normal
38.25,124,95,2787,High
18.65,77,46,859,Normal
21.37,78,26,1873,Normal
37.56,110,93,2211,Moderate
38.65,133,94,2657,High
2.66,89,54,1592,Normal
37.65,114,90,2369,Moderate
38.75,127,94,2629,High
38.5,127,95,2898,High
37.4,65,85,1470,Normal
38.01,123,95,2821,High
37.65,102,90,2135,Moderate
39.62,164,34,3075,Critical
39.58,160,73,3046,Critical
38.17,129,93,2791,High
39.79,149,34,3087,Critical
37.72,116,90,2279,Moderate
37.94,120,94,2348,Moderate
15.21,65,36,249,Normal
39.32,167,31,3100,Critical
38.89,133,94,2782,High
39.63,158,30,3134,Critical
37.51,120,92,2157,Moderate
13.29,68,17,220,Normal
37.82,113,91,2417,Moderate
32.03,83,54,203,Normal
37.6,118,90,2317,Moderate
39.65,159,70,3171,Critical
39.06,169,15,3149,Critical
37.6,104,93,2174,Moderate
39.31,163,82,3005,Critical
39.36,145,75,3168,Critical
38.13,138,95,2579,High
33.59,84,22,343,Normal
39.19,159,31,3161,Critical
12.1,62,27,1420,Normal
40.18,158,76,3157,Critical
37.57,104,91,2072,Moderate
39.14,157,41,3195,Critical
40.17,162,4,3115,Critical
37.85,118,92,2398,Moderate
37.78,101,91,2148,Moderate
26.49,82,0,1067,Normal
38.15,129,95,2543,High
37.95,107,92,2335,Moderate
37.92,112,93,2385,Moderate
38.67,135,94,2767,High
37.51,119,92,2114,Moderate
37.66,113,93,2383,Moderate
37.51,102,90,2267,Moderate
39.56,147,83,3114,Critical
39.67,167,56,3068,Critical
11.96,91,70,1454,Normal
38.5,140,94,2693,High
38.09,128,93,2646,High
38.31,123,95,2974,High
38.08,122,95,2972,High
37.61,101,93,2079,Moderate
40.27,161,35,3194,Critical
37.98,104,90,2272,Moderate
39.76,144,46,3096,Critical
38.43,123,94,2991,High
0.85,61,46,412,Normal
40.16,150,48,3042,Critical
40.34,167,74,3194,Critical
39.48,156,79,3083,Critical
38.67,134,93,2706,High
39.51,161,74,3151,Critical
37.73,101,91,2238,Moderate
38.56,130,94,2838,High
39.34,146,24,3059,Critical
37.57,108,91,2307,Moderate
38.19,135,93,2880,High
38.21,128,95,2771,High
39.98,158,40,3149,Critical
38.59,133,94,2505,High
24.48,80,67,1420,Normal
37.74,120,90,2256,Moderate
28.62,77,81,1571,Normal
38.61,122,93,2915,High
37.64,111,94,2046,Moderate
19.67,76,65,1690,Normal
10.82,75,6,181,Normal
37.93,112,92,2208,Moderate
38.89,122,95,2872,High
37.59,117,90,2227,Moderate
37.97,113,91,2078,Moderate
26.71,71,82,388,Normal
39.9,162,29,3047,Critical
38.13,122,94,2536,High
37.87,103,92,2168,Moderate
39.96,147,59,3029,Critical
37.81,106,91,2240,Moderate
40.3,155,16,3080,Critical
38.37,135,95,2946,High
27.14,83,73,32,Normal
37.96,114,92,2407,Moderate
40.39,164,39,3104,Critical
18.69,64,69,1182,Normal
39.86,159,23,3107,Critical
40.41,158,35,3023,Critical
38.77,123,95,2729,High
37.65,113,94,2267,Moderate
37.83,118,94,2398,Moderate
39.18,169,32,3125,Critical
37.63,110,90,2486,Moderate
39.11,169,38,3134,Critical
39.97,149,24,3099,Critical
37.83,110,91,2204,Moderate
33.14,62,14,582,Normal
38.32,133,93,2643,High
38.82,137,95,2918,High
40.44,155,73,3199,Critical
29.2,61,33,1444,Normal
40.01,161,8,3007,Critical
38.91,133,93,2689,High
37.99,102,94,2058,Moderate
38.42,140,95,2976,High
9.88,97,23,463,Normal
13.21,99,43,413,Normal
39.69,152,32,3015,Critical
37.82,105,92,2459,Moderate
35.49,65,82,782,Normal
21.16,83,31,854,Normal
37.71,120,91,2030,Moderate
33.88,73,6,1417,Normal
39.15,141,19,3166,Critical
38.09,124,94,2958,High
37.78,107,92,2426,Moderate
38.84,134,94,2639,High
7.28,77,88,1184,Normal
39.64,147,41,3128,Critical
13.84,85,32,745,Normal
0.47,81,46,1310,Normal
38.98,121,94,2897,High
8.84,95,73,731,Normal
38.32,132,95,2921,High
39.04,159,8,3058,Critical
37.97,113,90,2243,Moderate
15.61,86,50,768,Normal
40.1,146,22,3164,Critical
10.3,74,19,197,Normal
40.45,149,51,3156,Critical
40.07,145,39,3022,Critical
39.43,166,51,3147,Critical
38.45,139,93,2502,High
39.59,165,90,3174,Critical
37.86,107,93,2275,Moderate
17.1,92,80,1436,Normal
38.98,126,94,2958,High
39.43,169,42,3008,Critical
37.7,109,90,2341,Moderate
38.75,129,95,2653,High
26.52,76,22,443,Normal
39.08,166,53,3076,Critical
37.92,108,94,2223,Moderate
38.36,135,94,2799,High
1.93,88,39,608,Normal
37.7,120,94,2171,Moderate
37.52,114,91,2358,Moderate
9.48,86,43,1762,Normal
39.35,145,2,3058,Critical
37.63,107,91,2475,Moderate
38.9,138,93,2717,High
37.99,112,92,2105,Moderate
38.04,125,94,2662,High
39.23,158,33,3100,Critical
37.85,107,93,2137,Moderate
38.26,121,95,2802,High
13.04,99,12,1230,Normal
39.79,153,11,3196,Critical
38.17,139,93,2701,High
38.73,136,93,2685,High
27.84,65,63,873,Normal
37.58,119,91,2431,Moderate
10.0,86,25,780,Normal
19.2,79,29,846,Normal
40.44,162,8,3056,Critical
38.74,123,94,2656,High
38.72,124,93,2626,High
37.8,111,92,2099,Moderate
38.77,140,93,2524,High
37.51,117,94,2246,Moderate
12.11,83,61,433,Normal
37.54,104,90,2313,Moderate
38.59,128,93,2717,High
38.25,131,95,2821,High
38.72,132,94,2520,High
38.68,128,95,2599,High
40.26,170,36,3100,Critical
38.82,138,94,2745,High
37.51,108,92,2397,Moderate
37.66,111,93,2310,Moderate
37.85,118,93,2341,Moderate
39.47,146,58,3021,Critical
14.01,71,81,610,Normal
0.91,87,36,1578,Normal
7.76,67,88,1193,Normal
33.76,75,37,969,Normal
23.87,80,29,1280,Normal
14.26,97,59,1463,Normal
37.71,117,91,2120,Moderate
40.23,168,15,3045,Critical
33.06,72,89,1904,Normal
17.87,72,77,528,Normal
38.01,133,95,2502,High
38.58,122,93,2679,High
39.41,158,21,3076,Critical
26.39,100,58,695,Normal
37.78,117,91,2170,Moderate
38.19,127,94,2918,High
13.68,63,35,611,Normal
20.23,72,16,277,Normal
38.53,124,95,2807,High
37.62,119,93,2014,Moderate
37.99,112,90,2386,Moderate
38.25,128,93,2584,High
38.37,133,95,2925,High
37.76,111,91,2130,Moderate
39.24,167,35,3039,Critical
39.38,167,56,3054,Critical
39.54,150,87,3057,Critical
38.22,138,95,2962,High
39.41,155,80,3082,Critical
37.7,106,94,2387,Moderate
38.87,124,93,2884,High
38.01,124,93,2828,High
38.64,130,94,2957,High
21.43,64,40,1576,Normal
37.85,115,94,2059,Moderate
37.56,119,90,2385,Moderate
39.33,145,70,3164,Critical
5.64,71,90,470,Normal
40.48,168,22,3169,Critical
38.37,139,93,2894,High
37.9,108,90,2210,Moderate
37.57,109,94,2495,Moderate
37.78,115,90,2232,Moderate
34.84,98,4,1613,Normal
38.59,133,94,2879,High
39.36,144,6,3129,Critical
39.37,163,56,3184,Critical
38.01,131,95,2640,High
38.62,128,94,2875,High
4.32,94,82,290,Normal
35.62,88,24,1973,Normal
37.51,116,92,2059,Moderate
37.52,115,92,2016,Moderate
21.73,84,76,462,Normal
29.91,99,3,101,Normal
37.87,107,94,2245,Moderate
38.78,121,95,2625,High
39.1,170,58,3108,Critical
37.82,118,91,2042,Moderate
37.76,111,90,2346,Moderate
39.97,144,60,3068,Critical
40.04,168,89,3048,Critical
37.67,116,93,2494,Moderate
37.69,115,94,2380,Moderate
37.96,114,94,2010,Moderate
38.54,121,94,2867,High
39.5,160,31,3033,Critical
37.89,102,91,2371,Moderate
38.66,122,95,2862,High
38.85,129,93,2982,High
39.77,147,40,3098,Critical
24.68,69,45,1264,Normal
5.53,75,18,300,Normal
40.29,141,17,3095,Critical
19.67,90,30,43,Normal
38.23,135,93,2851,High
39.53,156,54,3179,Critical
38.37,126,94,2682,High
40.32,149,17,3069,Critical
14.73,74,48,194,Normal
37.84,110,90,2417,Moderate
7.78,76,81,1826,Normal
38.01,137,93,2867,High
38.46,121,94,2705,High
37.95,109,90,2138,Moderate
38.15,135,94,2506,High
33.19,88,75,1566,Normal
37.82,119,91,2263,Moderate
37.54,111,94,2148,Moderate
37.86,108,94,2104,Moderate
37.82,104,93,2126,Moderate
39.45,143,51,3063,Critical
38.73,139,93,2880,High
30.79,69,51,517,Normal
39.59,144,45,3194,Critical
38.5,129,94,2718,High
9.08,79,77,658,Normal
37.82,116,90,2352,Moderate
30.51,100,50,1041,Normal
37.83,107,90,2279,Moderate
11.44,62,5,1562,Normal
37.61,110,92,2458,Moderate
38.02,140,94,2705,High
7.65,63,49,1606,Normal
37.73,106,93,2491,Moderate
40.17,158,4,3007,Critical
20.54,62,8,674,Normal
8.0,92,85,1910,Normal
37.78,102,92,2207,Moderate
37.62,115,93,2153,Moderate
18.06,98,27,1420,Normal
37.94,102,93,2289,Moderate
38.46,122,94,2846,High
39.37,168,33,3050,Critical
39.23,142,80,3038,Critical
38.51,138,93,2951,High
37.95,105,90,2373,Moderate
38.99,129,95,2537,High
26.49,76,21,409,Normal
40.16,152,16,3135,Critical
37.96,120,92,2127,Moderate
37.79,111,94,2155,Moderate
38.05,135,93,2992,High
39.04,157,10,3168,Critical
9.76,83,67,246,Normal
38.22,139,95,2692,High
39.1,162,24,3067,Critical
29.06,89,67,1841,Normal
39.71,144,71,3112,Critical
37.92,102,92,2229,Moderate
39.55,170,12,3199,Critical
38.38,122,95,2560,High
9.03,67,84,117,Normal
38.91,124,94,2644,High
37.62,105,92,2212,Moderate
27.19,91,67,544,Normal
37.96,113,94,2177,Moderate
8.69,78,0,1621,Normal
20.98,71,71,318,Normal
14.07,76,72,102,Normal
40.34,159,20,3002,Critical
27.33,96,33,372,Normal
29.91,74,61,1658,Normal
37.51,116,91,2130,Moderate
37.96,118,90,2024,Moderate
13.55,80,87,16,Normal
37.73,120,92,2437,Moderate
40.42,146,81,3179,Critical
22.37,80,79,375,Normal
40.0,153,51,3187,Critical
37.76,117,94,2154,Moderate
37.88,110,94,2221,Moderate
38.06,121,95,2960,High
37.98,119,94,2494,Moderate
38.36,128,93,2591,High
37.91,111,91,2105,Moderate
37.73,110,92,2425,Moderate
39.28,165,43,3000,Critical
38.97,138,93,2515,High
37.64,115,92,2232,Moderate
38.6,138,95,2731,High
25.23,86,71,179,Normal
40.12,161,68,3063,Critical
40.47,146,43,3052,Critical
22.0,81,20,1836,Normal
28.96,68,78,246,Normal
20.33,74,39,265,Normal
38.34,136,93,2966,High
37.99,105,90,2319,Moderate
27.12,68,9,1748,Normal
37.57,102,90,2085,Moderate
6.67,76,2,1506,Normal
37.84,116,92,2478,Moderate
39.3,170,84,3144,Critical
38.04,135,95,2530,High
24.63,61,3,715,Normal
38.66,131,95,2770,High
38.2,125,95,2899,High
38.69,129,95,2667,High
38.22,132,95,2696,High
40.45,149,21,3021,Critical
38.43,130,94,2578,High
38.05,133,94,2892,High
39.84,150,29,3044,Critical
39.72,154,37,3077,Critical
37.88,119,91,2347,Moderate
38.58,129,95,2819,High
40.08,167,62,3163,Critical
5.18,92,39,948,Normal
37.57,120,92,2226,Moderate
37.65,106,92,2046,Moderate
37.73,111,91,2230,Moderate
37.54,105,94,2213,Moderate
37.63,106,94,2088,Moderate
38.47,139,93,2798,High
38.59,122,93,2593,High
40.17,160,47,3029,Critical
38.9,129,93,2778,High
39.98,159,64,3017,Critical
37.9,118,90,2426,Moderate
38.03,137,94,2734,High
40.1,169,80,3004,Critical
40.24,168,55,3186,Critical
12.96,75,40,475,Normal
4.24,61,20,300,Normal
40.44,152,58,3164,Critical
39.53,160,12,3015,Critical
38.29,125,95,2603,High
40.16,164,46,3065,Critical
37.51,114,91,2029,Moderate
38.71,131,94,2675,High
37.83,110,90,2368,Moderate
39.27,156,51,3028,Critical
38.26,132,95,2970,High
37.64,117,92,2035,Moderate
30.49,98,50,1273,Normal
39.57,155,38,3171,Critical
38.98,136,93,2635,High
38.03,133,95,2559,High
0.24,96,4,866,Normal
37.6,108,92,2247,Moderate
39.52,164,26,3032,Critical
37.72,110,94,2046,Moderate
30.15,86,82,116,Normal
40.25,141,19,3107,Critical
37.54,114,91,2237,Moderate
37.82,115,94,2034,Moderate
17.29,62,42,1738,Normal
38.18,131,94,2644,High
38.5,131,93,2657,High
40.49,156,82,3081,Critical
3.23,83,21,324,Normal
28.89,72,82,741,Normal
38.07,136,95,2772,High
37.54,101,91,2164,Moderate
38.25,121,95,2537,High
37.77,115,93,2395,Moderate
38.02,134,95,2783,High
38.55,123,95,2998,High
37.82,110,93,2273,Moderate
10.73,63,40,1443,Normal
38.45,140,94,2838,High
1.88,84,46,1625,Normal
37.8,103,93,2421,Moderate
38.88,137,95,2683,High
38.78,135,95,2827,High
38.11,123,95,2502,High
38.99,121,95,2720,High
39.92,145,65,3099,Critical
37.4,90,36,706,Normal
34.23,100,20,1303,Normal
38.67,136,93,2612,High
23.58,65,52,125,Normal
38.12,129,93,2907,High
7.89,78,70,1369,Normal
38.52,124,95,2696,High
30.41,71,81,1727,Normal
37.98,115,90,2456,Moderate
37.82,111,90,2286,Moderate
38.73,128,93,2840,High
37.75,110,94,2359,Moderate
37.28,82,65,76,Normal
9.91,67,74,1225,Normal
38.83,133,94,2680,High
38.13,123,94,2755,High
37.86,104,90,2408,Moderate
38.6,134,93,2689,High
38.62,124,95,2795,High
37.87,113,92,2269,Moderate
39.2,168,68,3179,Critical
38.41,133,95,2713,High
2.86,61,69,1521,Normal
37.65,101,91,2461,Moderate
37.8,113,92,2457,Moderate
37.91,105,94,2043,Moderate
39.72,149,70,3024,Critical
39.55,157,29,3101,Critical
37.68,118,90,2013,Moderate
10.37,93,1,506,Normal
37.73,111,94,2012,Moderate
38.37,125,93,2582,High
38.51,123,94,2787,High
38.33,126,94,2968,High
38.95,131,93,2532,High
30.16,82,71,1494,Normal
40.29,153,66,3143,Critical
38.32,122,95,2971,High
40.3,144,4,3058,Critical
38.47,126,93,2740,High
37.92,111,91,2044,Moderate
37.66,102,93,2384,Moderate
23.21,60,9,1874,Normal
24.83,63,11,1309,Normal
38.25,136,93,2832,High
38.15,128,95,2798,High
39.55,156,71,3071,Critical
39.14,156,4,3100,Critical
40.15,152,64,3151,Critical
38.39,131,93,2913,High
38.27,140,95,2959,High
37.95,113,90,2440,Moderate
37.93,104,91,2286,Moderate
38.15,137,94,2671,High
11.16,72,16,723,Normal
38.23,122,93,2993,High
37.53,110,91,2311,Moderate
38.19,133,94,2935,High
37.79,101,93,2155,Moderate
38.52,128,94,2749,High
39.19,148,76,3113,Critical
22.08,98,36,1637,Normal
33.92,60,83,1534,Normal
37.59,106,90,2181,Moderate
14.27,70,12,794,Normal
39.6,154,70,3128,Critical
37.85,111,93,2350,Moderate
40.04,141,38,3079,Critical
40.32,145,84,3042,Critical
39.0,137,94,2984,High
37.82,115,91,2489,Moderate
28.26,92,45,276,Normal
38.17,139,95,2973,High
3.68,69,18,637,Normal
38.85,138,94,2857,High
37.69,118,91,2221,Moderate
39.73,164,46,3028,Critical
39.8,149,90,3079,Critical
37.99,116,94,2448,Moderate
38.41,121,93,2669,High
38.77,138,94,2669,High
39.35,161,7,3054,Critical
37.68,101,93,2047,Moderate
39.93,141,75,3195,Critical
37.67,107,92,2393,Moderate
13.43,86,46,774,Normal
37.57,111,94,2119,Moderate
37.76,112,93,2131,Moderate
39.99,157,66,3004,Critical
14.44,68,42,1418,Normal
38.2,129,95,2819,High
37.62,116,91,2271,Moderate
30.24,74,40,478,Normal
39.32,166,44,3013,Critical
40.31,161,14,3094,Critical
37.57,117,91,2041,Moderate
38.8,121,94,2725,High
38.98,134,94,2828,High
38.4,135,93,2860,High
38.6,137,95,2598,High
6.42,66,68,637,Normal
40.5,154,32,3164,Critical
38.56,124,94,2968,High
32.24,82,41,90,Normal
39.73,147,90,3198,Critical
39.58,150,2,3143,Critical
37.59,117,94,2327,Moderate
37.87,109,90,2196,Moderate
39.82,159,90,3059,Critical
38.91,131,95,2681,High
37.67,105,90,2435,Moderate
39.63,142,59,3028,Critical
15.32,74,86,1598,Normal
37.91,113,94,2029,Moderate
38.01,139,94,2527,High
37.67,112,90,2464,Moderate
37.86,101,94,2086,Moderate
40.39,164,75,3174,Critical
39.51,152,19,3184,Critical
37.83,119,90,2108,Moderate
38.06,139,93,2542,High
37.55,103,91,2149,Moderate
38.78,133,94,2856,High
37.8,101,93,2052,Moderate
38.33,131,95,2651,High
40.13,150,57,3010,Critical
37.59,106,91,2236,Moderate
21.64,69,0,431,Normal
39.34,156,16,3145,Critical
7.68,79,11,918,Normal
39.74,167,17,3155,Critical
38.47,123,95,2810,High
40.32,166,47,3072,Critical
18.17,95,80,1488,Normal
37.83,101,92,2482,Moderate
40.06,147,22,3163,Critical
20.74,61,45,1513,Normal
38.66,131,95,2885,High
37.5,101,90,2223,Moderate
40.2,160,71,3081,Critical
38.98,122,94,2921,High
28.81,100,22,1276,Normal
37.91,108,94,2369,Moderate
10.36,65,68,312,Normal
38.69,136,93,2588,High
38.22,131,94,2994,High
20.57,82,77,1195,Normal
38.36,126,94,2713,High
38.1,123,93,2771,High
37.68,117,92,2073,Moderate
37.57,114,93,2392,Moderate
38.38,132,95,2808,High
37.63,105,92,2364,Moderate
16.36,89,65,136,Normal
37.96,105,91,2352,Moderate
39.7,150,25,3130,Critical
38.8,121,93,2877,High
39.69,162,83,3116,Critical
39.31,161,37,3051,Critical
38.41,122,94,2848,High
39.84,168,85,3022,Critical
30.62,96,86,563,Normal
38.74,121,93,2891,High
28.09,75,11,1451,Normal
26.19,60,26,1109,Normal
17.58,78,65,751,Normal
34.25,65,8,1872,Normal
39.35,146,54,3031,Critical
38.51,136,93,2998,High
37.62,109,93,2412,Moderate
37.64,110,94,2176,Moderate
37.89,112,94,2345,Moderate
37.96,105,94,2457,Moderate
40.46,152,71,3072,Critical
37.56,115,91,2065,Moderate
37.53,113,94,2000,Moderate
38.12,136,93,2741,High
39.86,159,46,3155,Critical
20.96,90,33,125,Normal
38.71,126,95,2685,High
40.12,161,27,3171,Critical
39.03,158,84,3034,Critical
9.27,94,19,1487,Normal
37.71,107,94,2353,Moderate
38.69,129,95,2736,High
37.68,108,91,2075,Moderate
35.44,70,5,948,Normal
39.54,162,65,3004,Critical
38.16,130,95,2582,High
19.37,96,39,1583,Normal
33.94,81,47,1726,Normal
39.24,155,43,3138,Critical
22.3,88,33,1910,Normal
37.55,106,93,2464,Moderate
37.69,105,90,2485,Moderate
38.17,126,95,2572,High
38.22,137,95,2819,High
38.3,134,95,2953,High
38.59,126,93,2505,High
38.09,129,93,2977,High
37.75,101,93,2075,Moderate
39.41,165,19,3128,Critical
38.93,137,95,2747,High
29.01,62,34,938,Normal
38.24,127,94,2650,High
37.63,115,91,2387,Moderate
37.73,112,92,2043,Moderate
39.02,147,5,3043,Critical
39.55,164,60,3007,Critical
37.82,117,93,2334,Moderate
38.76,139,95,2816,High
37.79,102,90,2034,Moderate
29.63,72,87,1816,Normal
40.1,164,76,3110,Critical
40.47,143,27,3200,Critical
38.26,135,93,2850,High
40.01,152,54,3178,Critical
37.86,109,90,2105,Moderate
26.47,79,48,404,Normal
38.17,122,95,2895,High
39.52,154,33,3171,Critical
27.95,73,80,781,Normal
37.53,108,90,2009,Moderate
39.16,145,11,3151,Critical
12.04,95,32,2,Normal
28.38,76,2,746,Normal
6.04,98,52,636,Normal
37.83,113,90,2208,Moderate
38.39,134,94,2823,High
15.06,79,23,507,Normal
39.05,162,39,3163,Critical
37.69,108,93,2096,Moderate
39.05,149,30,3059,Critical
38.35,125,93,2877,High
37.65,106,94,2037,Moderate
39.43,146,11,3134,Critical
36.82,74,49,1098,Normal
38.38,134,94,2793,High
39.12,156,32,3019,Critical
20.53,75,6,1692,Normal
38.77,140,95,2619,High
38.45,125,95,2714,High
32.76,100,5,1358,Normal
37.83,105,92,2090,Moderate
37.82,110,91,2028,Moderate
38.65,126,94,2610,High
39.26,162,87,3195,Critical
38.79,129,94,2612,High
0.71,67,79,760,Normal
37.89,114,90,2433,Moderate
38.97,137,95,2996,High
38.13,129,93,2677,High
37.61,107,90,2103,Moderate
37.69,104,91,2232,Moderate
38.02,139,94,2971,High
38.54,138,93,2652,High
11.93,88,18,1969,Normal
38.61,139,94,2869,High
39.55,142,57,3102,Critical
38.2,123,93,2582,High
25.8,98,64,707,Normal
32.41,81,67,118,Normal
38.38,136,93,2752,High
38.47,136,93,2616,High
38.03,132,95,2878,High
38.57,129,95,2737,High
38.76,131,95,2539,High
37.58,114,92,2011,Moderate
39.86,168,77,3136,Critical
39.65,169,59,3159,Critical
39.17,166,60,3112,Critical
39.14,142,58,3176,Critical
26.84,80,35,1618,Normal
38.65,121,95,2522,High
38.14,138,94,2708,High
38.85,130,93,2590,High
38.26,132,95,2824,High
34.38,92,4,746,Normal
40.13,143,5,3075,Critical
37.95,116,91,2153,Moderate
38.52,123,94,2515,High
38.07,140,94,2745,High
39.59,147,88,3064,Critical
39.42,166,18,3077,Critical
39.59,168,70,3195,Critical
37.9,113,91,2109,Moderate
12.02,99,21,422,Normal
38.84,123,93,2743,High
19.86,69,61,662,Normal
14.33,76,34,492,Normal
37.56,104,94,2196,Moderate
37.57,120,90,2457,Moderate
15.85,85,10,1015,Normal
3.92,73,32,692,Normal
27.79,81,55,579,Normal
37.89,104,92,2264,Moderate
39.3,141,50,3054,Critical
38.89,123,93,2785,High
38.55,126,95,2988,High
37.64,120,92,2430,Moderate
37.62,120,93,2378,Moderate
4.5,70,56,709,Normal
38.55,123,94,2659,High
38.47,128,93,2661,High
4.94,78,2,1065,Normal
38.7,136,93,2627,High
37.59,108,94,2418,Moderate
39.91,154,73,3143,Critical
22.53,88,6,1948,Normal
28.09,65,25,1668,Normal
37.83,104,90,2134,Moderate
9.94,94,4,422,Normal
38.1,137,93,2967,High
37.54,102,94,2290,Moderate
10.9,81,31,466,Normal
29.6,84,85,777,Normal
15.45,85,36,98,Normal
37.8,104,90,2460,Moderate
6.24,95,33,1538,Normal
37.56,101,94,2183,Moderate
38.1,134,93,2702,High
39.72,169,74,3126,Critical
38.75,138,94,2657,High
37.75,106,94,2400,Moderate
40.11,166,16,3164,Critical
37.56,107,94,2341,Moderate
38.62,136,93,2718,High
38.52,134,93,2842,High
39.98,142,5,3185,Critical
40.01,160,77,3020,Critical
38.25,121,94,2621,High
40.01,147,15,3016,Critical
37.69,106,92,2019,Moderate
37.65,116,93,2309,Moderate
38.79,135,94,2841,High
38.4,125,94,2673,High
37.5,111,91,2390,Moderate
37.78,114,90,2079,Moderate
38.81,130,93,2742,High
39.27,158,59,3183,Critical
37.69,117,94,2127,Moderate
24.73,80,25,616,Normal
38.74,136,95,2820,High
37.65,117,93,2495,Moderate
38.33,128,93,2959,High
39.27,166,13,3166,Critical
38.4,133,94,2848,High
40.26,147,1,3023,Critical
37.92,101,92,2055,Moderate
38.52,140,93,2540,High
40.25,167,23,3175,Critical
38.74,132,95,2568,High
18.82,86,47,322,Normal
9.85,98,61,1672,Normal
40.44,141,63,3114,Critical
40.01,160,13,3166,Critical
37.53,115,91,2178,Moderate
38.28,128,95,2801,High
38.92,130,94,2610,High
39.22,163,78,3043,Critical
4.97,91,31,1662,Normal
39.46,155,44,3133,Critical
38.07,125,93,2859,High
11.55,88,36,1808,Normal
37.55,112,92,2323,Moderate
40.29,141,53,3084,Critical
38.97,134,93,2527,High
38.18,138,93,2592,High
37.78,119,90,2171,Moderate
40.01,168,39,3189,Critical
38.05,131,94,2639,High
38.52,140,95,2970,High
37.63,105,91,2378,Moderate
37.7,109,91,2117,Moderate
8.84,90,69,1871,Normal
37.61,119,93,2446,Moderate
37.81,114,93,2132,Moderate
37.52,116,90,2471,Moderate
39.27,154,38,3057,Critical
37.55,105,94,2394,Moderate
39.93,150,39,3149,Critical
37.64,109,94,2295,Moderate
40.23,154,48,3065,Critical
37.95,120,93,2475,Moderate
37.75,103,91,2455,Moderate
11.65,98,9,1635,Normal
38.0,120,91,2479,Moderate
39.13,155,4,3144,Critical
38.3,124,94,2747,High
39.83,142,64,3029,Critical
38.56,132,95,2576,High
38.1,122,94,2889,High
37.78,117,94,2253,Moderate
38.67,122,95,2601,High
37.91,112,90,2023,Moderate
23.71,68,4,728,Normal
38.33,124,95,2554,High
38.76,131,93,2944,High
36.87,61,14,1914,Normal
40.08,157,15,3153,Critical
40.46,148,70,3086,Critical
38.05,130,95,2548,High
1.05,72,52,2,Normal
8.53,80,69,349,Normal
37.72,108,93,2360,Moderate
3.96,89,12,1414,Normal
39.55,151,55,3042,Critical
38.69,125,95,2663,High
40.38,163,0,3001,Critical
39.72,143,8,3140,Critical
39.72,157,35,3155,Critical
37.94,102,92,2103,Moderate
38.93,125,94,2954,High
19.0,79,49,244,Normal
23.15,77,16,613,Normal
38.66,123,95,2723,High
39.02,163,46,3199,Critical
38.05,135,95,2941,High
38.23,140,94,2675,High
26.38,82,38,1648,Normal
38.43,124,95,2637,High
39.93,168,56,3017,Critical
39.25,152,46,3004,Critical
13.63,61,53,743,Normal
28.03,99,23,955,Normal
39.49,160,5,3012,Critical
38.16,130,93,2975,High
38.21,122,93,2594,High
7.99,76,73,342,Normal
37.57,101,93,2085,Moderate
39.92,162,10,3017,Critical
40.29,162,64,3146,Critical
38.42,131,93,2601,High
38.4,128,94,2740,High
21.81,81,18,764,Normal
37.86,110,91,2358,Moderate
37.85,102,90,2019,Moderate
38.82,126,94,2888,High
26.01,88,86,1422,Normal
21.11,76,57,1346,Normal
38.06,131,93,2843,High
37.6,114,92,2214,Moderate
38.01,124,95,2934,High
39.72,155,36,3151,Critical
37.79,109,94,2077,Moderate
39.53,141,75,3145,Critical
39.94,154,52,3005,Critical
37.97,119,93,2032,Moderate
39.36,157,63,3014,Critical
23.01,85,49,109,Normal
21.3,88,14,1342,Normal
39.28,166,75,3080,Critical
39.28,147,60,3045,Critical
38.42,126,94,2983,High
5.16,61,90,1293,Normal
37.79,118,92,2000,Moderate
38.81,130,95,2680,High
39.14,154,44,3157,Critical
38.3,125,94,2654,High
23.82,83,86,399,Normal
39.7,150,74,3126,Critical
40.05,158,86,3013,Critical
37.52,119,90,2187,Moderate
1.98,69,46,1421,Normal
39.62,161,83,3176,Critical
7.57,86,23,186,Normal
40.31,166,57,3069,Critical
23.44,96,49,1587,Normal
39.27,150,87,3031,Critical
37.76,101,93,2021,Moderate
39.89,141,86,3072,Critical
38.95,139,94,2903,High
38.35,139,94,2615,High
37.82,115,94,2095,Moderate
38.42,131,94,2884,High
37.88,115,91,2300,Moderate
38.47,139,93,2992,High
40.23,149,39,3039,Critical
37.96,116,91,2491,Moderate
0.4,80,17,460,Normal
37.52,108,91,2093,Moderate
38.78,124,94,2775,High
38.21,129,95,2643,High
37.84,108,92,2448,Moderate
37.51,106,91,2308,Moderate
39.81,169,24,3033,Critical
27.15,74,86,672,Normal
21.68,95,64,236,Normal
37.6,120,91,2488,Moderate
39.76,163,2,3102,Critical
38.5,132,95,2941,High
38.16,127,94,2963,High
40.26,157,88,3104,Critical
39.32,144,90,3012,Critical
37.81,114,93,2486,Moderate
37.97,119,90,2295,Moderate
40.16,160,69,3188,Critical
39.98,149,60,3180,Critical
28.26,92,75,729,Normal
35.02,66,60,1757,Normal
38.94,126,93,2503,High
37.74,120,93,2408,Moderate
40.41,153,73,3011,Critical
40.43,157,26,3183,Critical
7.67,97,10,165,Normal
39.32,150,66,3073,Critical
21.58,65,3,112,Normal
39.74,167,37,3180,Critical
10.29,84,26,662,Normal
38.15,121,94,2914,High
39.62,168,47,3066,Critical
40.35,156,37,3168,Critical
38.47,127,95,2698,High
37.69,114,90,2444,Moderate
6.16,66,24,826,Normal
37.63,119,94,2278,Moderate
13.1,84,38,429,Normal
13.14,71,6,1940,Normal
37.96,107,91,2248,Moderate
38.06,121,94,2995,High
38.31,138,93,2512,High
40.28,146,46,3067,Critical
39.43,160,22,3038,Critical
37.83,105,94,2167,Moderate
26.52,73,41,450,Normal
38.01,127,93,2879,High
38.28,127,94,2685,High
38.94,134,93,2726,High
37.42,73,72,1744,Normal
35.01,62,41,769,Normal
5.31,98,16,1328,Normal
38.97,123,94,2562,High
37.82,118,92,2013,Moderate
3.65,85,72,552,Normal
38.65,125,94,2686,High
12.5,75,82,1915,Normal
5.18,72,31,401,Normal
39.09,169,8,3121,Critical
37.79,112,92,2143,Moderate
38.69,134,94,2644,High
37.87,114,90,2470,Moderate
37.74,111,91,2096,Moderate
40.35,154,18,3091,Critical
16.88,87,39,867,Normal
37.83,118,91,2353,Moderate
26.07,63,13,444,Normal
38.43,132,95,2639,High
40.27,147,56,3046,Critical
37.69,117,93,2047,Moderate
28.12,62,64,1348,Normal
16.59,61,10,407,Normal
37.99,107,92,2211,Moderate
37.69,110,94,2224,Moderate
37.74,112,92,2166,Moderate
40.44,157,59,3132,Critical
37.87,117,94,2092,Moderate
38.87,126,95,2909,High
37.93,113,94,2462,Moderate
30.15,70,85,926,Normal
20.49,77,40,86,Normal
37.16,77,45,1509,Normal
37.74,104,91,2349,Moderate
38.27,130,93,2583,High
38.1,138,94,2813,High
38.01,126,93,2759,High
37.8,103,93,2360,Moderate
4.35,65,62,72,Normal
37.61,107,92,2013,Moderate
37.94,119,91,2313,Moderate
38.84,121,94,2997,High
37.86,105,92,2486,Moderate
38.23,129,94,2509,High
37.66,107,93,2021,Moderate
38.03,140,95,2895,High
39.64,167,78,3028,Critical
15.52,85,44,1759,Normal
26.25,79,72,171,Normal
37.84,109,93,2484,Moderate
28.2,69,6,515,Normal
37.74,103,91,2011,Moderate
38.34,139,95,2939,High
37.95,102,92,2262,Moderate
40.44,165,25,3192,Critical
37.54,108,90,2421,Moderate
38.93,129,95,2919,High
38.99,132,94,2908,High
37.7,111,90,2489,Moderate
38.14,138,93,2548,High
19.01,67,17,1259,Normal
37.65,115,90,2411,Moderate
37.95,103,92,2500,Moderate
40.44,155,35,3114,Critical
23.16,96,21,1405,Normal
37.87,116,91,2357,Moderate
37.67,105,91,2049,Moderate
39.14,146,48,3153,Critical
38.53,140,93,2558,High
39.84,151,78,3133,Critical
12.09,79,1,579,Normal
39.49,166,2,3107,Critical
37.59,119,90,2318,Moderate
39.09,168,18,3036,Critical
37.68,101,91,2062,Moderate
37.55,112,93,2491,Moderate
38.97,135,93,2871,High
39.47,154,38,3123,Critical
39.5,169,38,3054,Critical
23.63,74,64,1280,Normal
37.91,113,93,2480,Moderate
40.24,143,67,3158,Critical
29.44,67,65,970,Normal
38.46,123,94,2696,High
5.47,90,59,1011,Normal
37.96,112,92,2081,Moderate
38.43,121,95,2898,High
38.28,124,93,2816,High
25.52,86,80,1615,Normal
38.9,123,94,2805,High
40.42,170,19,3162,Critical
38.65,129,93,2904,High
38.57,140,94,2680,High
15.71,65,28,1025,Normal
38.34,139,94,2788,High
8.0,84,67,1553,Normal
37.85,102,94,2373,Moderate
22.92,83,89,373,Normal
38.9,130,95,2927,High
3.05,89,31,1238,Normal
37.96,110,92,2278,Moderate
29.62,69,68,591,Normal
6.19,71,63,792,Normal
37.59,107,93,2385,Moderate
38.04,138,93,2665,High
39.92,162,13,3170,Critical
39.71,169,57,3108,Critical
8.01,62,62,122,Normal
38.46,130,93,2564,High
28.78,76,23,1416,Normal
39.44,160,64,3154,Critical
39.98,156,61,3034,Critical
38.75,123,93,2845,High
21.41,99,88,1104,Normal
24.3,77,55,1313,Normal
4.05,64,65,1974,Normal
7.5,90,33,1084,Normal
34.58,78,73,1985,Normal
40.15,155,52,3189,Critical
38.4,140,95,3000,High
21.29,68,32,260,Normal
36.75,68,45,772,Normal
17.6,89,43,1164,Normal
39.12,167,10,3154,Critical
37.88,101,90,2425,Moderate
40.42,164,30,3050,Critical
25.79,74,28,691,Normal
38.48,121,93,2718,High
37.93,106,91,2354,Moderate
38.42,137,93,2706,High
38.02,122,95,2787,High
40.48,155,16,3168,Critical
31.39,64,71,331,Normal
40.33,161,11,3089,Critical
38.11,136,95,2716,High
39.54,163,39,3105,Critical
38.17,121,94,2508,High
39.03,162,63,3193,Critical
37.72,109,93,2234,Moderate
14.54,62,2,1184,Normal
40.21,150,80,3064,Critical
39.76,167,37,3099,Critical
26.62,71,65,1256,Normal
37.53,107,90,2268,Moderate
37.86,105,94,2429,Moderate
36.93,73,29,1041,Normal
37.61,107,90,2430,Moderate
39.82,155,30,3155,Critical
37.94,104,93,2290,Moderate
38.7,140,93,2597,High
37.89,113,92,2413,Moderate
37.73,116,92,2300,Moderate
11.28,71,35,529,Normal
37.68,113,91,2365,Moderate
37.81,108,92,2207,Moderate
37.6,103,91,2135,Moderate
22.84,60,60,1575,Normal
38.84,132,93,2723,High
37.94,103,91,2392,Moderate
38.73,124,94,2843,High
37.77,108,93,2423,Moderate
37.15,88,69,575,Normal
39.21,155,48,3048,Critical
37.86,104,90,2475,Moderate
3.05,85,8,46,Normal
26.08,67,53,1803,Normal
11.33,65,34,1785,Normal
37.84,101,91,2173,Moderate
12.58,69,23,603,Normal
7.24,83,47,791,Normal
37.6,111,92,2326,Moderate
38.14,139,95,2664,High
14.13,99,6,533,Normal
39.85,169,39,3133,Critical
37.72,114,94,2480,Moderate
37.54,101,91,2249,Moderate
37.81,102,91,2162,Moderate
37.77,105,92,2468,Moderate
39.37,164,56,3115,Critical
38.4,139,93,2559,High
38.79,138,93,2573,High
38.46,124,95,2850,High
39.9,165,6,3020,Critical
38.23,129,95,2910,High
0.61,97,78,211,Normal
40.46,168,66,3165,Critical
37.95,106,91,2144,Moderate
23.67,84,26,1107,Normal
37.71,113,91,2272,Moderate
25.26,93,73,1829,Normal
37.7,104,91,2261,Moderate
39.12,159,67,3125,Critical
39.07,145,82,3016,Critical
37.83,115,94,2172,Moderate
37.59,116,90,2021,Moderate
0.5,71,68,469,Normal
40.22,144,29,3107,Critical
37.97,116,91,2468,Moderate
39.52,158,49,3149,Critical
37.57,118,90,2141,Moderate
38.53,124,93,2551,High
40.13,149,35,3167,Critical
31.17,98,50,481,Normal
37.54,109,92,2429,Moderate
37.8,111,92,2257,Moderate
37.92,112,93,2035,Moderate
39.33,155,32,3078,Critical
38.58,139,94,2817,High
37.6,107,91,2182,Moderate
38.21,127,93,2603,High
39.67,160,15,3106,Critical
39.87,155,67,3056,Critical
28.62,62,15,1263,Normal
39.45,161,86,3134,Critical
39.23,148,16,3188,Critical
40.42,146,62,3036,Critical
15.48,76,1,286,Normal
39.13,167,19,3077,Critical
40.08,170,46,3030,Critical
38.9,127,93,2630,High
39.59,167,64,3196,Critical
38.42,139,93,2905,High
37.69,105,93,2263,Moderate
30.82,63,50,1457,Normal
37.9,104,91,2122,Moderate
38.01,121,93,2933,High
39.23,152,31,3168,Critical
29.02,84,14,417,Normal
38.03,126,95,2626,High
2.19,71,28,811,Normal
37.81,103,93,2463,Moderate
39.2,160,44,3068,Critical
38.39,128,94,2833,High
36.75,73,41,1150,Normal
22.39,92,62,1736,Normal
39.09,166,82,3144,Critical
37.68,113,92,2427,Moderate
38.29,134,95,2564,High
22.36,78,57,1484,Normal
39.19,160,31,3022,Critical
38.9,128,93,2804,High
39.04,145,18,3028,Critical
39.05,159,83,3110,Critical
38.2,133,93,2883,High
39.36,148,47,3195,Critical
21.82,67,48,828,Normal
38.92,127,94,2878,High
38.12,128,94,2614,High
38.99,127,95,2868,High
38.89,139,95,2671,High
32.58,83,3,1987,Normal
38.54,137,95,2899,High
37.96,102,94,2288,Moderate
39.6,167,12,3066,Critical
39.85,161,77,3110,Critical
38.61,122,95,2852,High
40.47,158,85,3161,Critical
38.89,133,95,2886,High
38.37,127,94,2584,High
40.01,143,16,3101,Critical
30.82,64,1,700,Normal
39.97,162,23,3043,Critical
39.53,169,52,3139,Critical
36.2,100,23,901,Normal
37.65,120,93,2391,Moderate
11.97,74,65,370,Normal
7.41,61,57,1672,Normal
38.95,137,95,2573,High
40.38,149,11,3106,Critical
30.96,93,68,558,Normal
38.23,130,95,2682,High
40.45,161,40,3137,Critical
37.81,110,92,2495,Moderate
37.57,114,94,2467,Moderate
39.72,156,44,3197,Critical
5.24,98,13,801,Normal
24.24,96,62,1579,Normal
39.78,170,7,3125,Critical
39.37,150,70,3021,Critical
37.56,112,93,2351,Moderate
19.15,92,74,431,Normal
35.78,93,58,1459,Normal
29.31,97,24,1342,Normal
38.29,123,94,2734,High
39.79,154,52,3141,Critical
37.49,81,51,137,Normal
39.7,148,12,3177,Critical
37.59,107,93,2466,Moderate
39.04,142,2,3076,Critical
38.33,123,93,2585,High
38.82,121,94,2834,High
37.92,108,92,2178,Moderate
38.32,123,93,2689,High
38.86,123,94,2533,High
37.79,105,90,2252,Moderate
37.74,120,90,2396,Moderate
35.2,88,52,217,Normal
38.35,121,93,2907,High
38.07,127,94,2913,High
5.26,78,19,1122,Normal
37.7,102,90,2145,Moderate
39.37,156,26,3155,Critical
8.36,73,72,1467,Normal
37.87,108,94,2336,Moderate
38.43,137,94,2732,High
38.55,123,95,2613,High
37.94,105,91,2104,Moderate
28.07,63,79,1445,Normal
38.11,128,93,2766,High
18.4,65,4,859,Normal
38.17,124,94,2833,High
38.84,134,94,2860,High
36.42,90,54,1113,Normal
38.44,126,95,2590,High
37.99,118,92,2216,Moderate
17.01,98,19,132,Normal
39.98,164,41,3131,Critical
40.33,145,65,3059,Critical
13.66,94,34,37,Normal
38.84,137,95,2531,High
10.97,83,25,1993,Normal
37.86,119,90,2049,Moderate
11.18,94,53,293,Normal
37.6,109,94,2167,Moderate
39.58,147,48,3079,Critical
40.15,169,40,3026,Critical
37.81,102,94,2215,Moderate
38.07,136,95,2529,High
38.2,131,93,2564,High
37.64,116,91,2035,Moderate
37.51,114,94,2414,Moderate
39.54,156,3,3032,Critical
37.78,113,92,2042,Moderate
39.85,145,70,3081,Critical
28.82,82,56,979,Normal
38.74,126,94,2515,High
37.89,109,94,2138,Moderate
37.78,108,92,2175,Moderate
23.69,76,8,1603,Normal
28.99,99,35,146,Normal
37.85,111,91,2269,Moderate
40.06,148,78,3099,Critical
39.45,149,47,3063,Critical
37.52,119,92,2411,Moderate
40.5,164,76,3069,Critical
38.87,136,94,2941,High
38.57,135,94,2584,High
40.11,157,64,3137,Critical
38.43,129,95,2565,High
38.36,127,95,2593,High
2.41,80,79,1800,Normal
4.21,76,3,1842,Normal
37.59,120,94,2366,Moderate
38.2,121,93,2772,High
39.35,161,10,3061,Critical
34.29,99,64,573,Normal
40.18,165,89,3168,Critical
30.58,83,13,815,Normal
38.72,133,94,2815,High
39.41,147,13,3048,Critical
39.42,150,6,3090,Critical
38.74,124,94,2525,High
39.67,160,58,3002,Critical
38.9,130,94,2876,High
5.68,68,25,77,Normal
13.37,60,87,665,Normal
40.29,163,73,3171,Critical
24.39,80,59,1638,Normal
20.86,74,63,942,Normal
38.63,127,94,2900,High
38.86,133,93,2706,High
26.75,61,47,1711,Normal
37.98,116,93,2070,Moderate
8.49,75,2,1965,Normal
40.0,163,0,3072,Critical
37.84,104,93,2006,Moderate
11.02,68,83,204,Normal
40.37,162,79,3199,Critical
38.35,128,95,2854,High
40.03,146,38,3017,Critical
38.34,130,95,2957,High
40.2,153,48,3149,Critical
38.18,125,95,2563,High
39.03,146,46,3083,Critical
40.22,149,26,3123,Critical
3.87,95,66,1792,Normal
38.79,125,94,2915,High
18.06,77,79,851,Normal
38.07,122,94,2624,High
37.76,111,93,2031,Moderate
39.08,141,33,3183,Critical
38.61,124,95,2896,High
40.25,169,50,3106,Critical
39.51,159,81,3166,Critical
39.7,151,34,3200,Critical
37.78,113,91,2091,Moderate
38.04,125,94,2610,High
21.07,97,89,1897,Normal
26.83,60,48,948,Normal
39.63,166,86,3190,Critical
5.57,87,69,882,Normal
37.92,111,92,2194,Moderate
38.45,126,95,2594,High
39.53,166,40,3069,Critical
37.6,120,93,2067,Moderate
39.65,165,57,3029,Critical
37.87,113,94,2328,Moderate
30.93,77,12,1889,Normal
39.67,164,74,3198,Critical
22.39,93,79,28,Normal
37.76,104,90,2353,Moderate
0.79,98,22,1887,Normal
31.6,82,5,1337,Normal
40.15,161,75,3149,Critical
37.95,110,93,2314,Moderate
38.75,138,95,2624,High
23.36,61,39,917,Normal
38.79,138,94,2821,High
37.84,103,90,2493,Moderate
38.59,135,95,2967,High
37.81,117,90,2466,Moderate
40.25,161,30,3038,Critical
38.36,123,94,2826,High
39.17,165,32,3166,Critical
38.64,139,93,2784,High
8.89,61,26,191,Normal
0.17,95,49,832,Normal
38.73,124,95,2831,High
37.57,109,90,2413,Moderate
37.93,110,91,2434,Moderate
9.9,65,39,1435,Normal
38.52,128,94,2656,High
39.48,162,28,3040,Critical
38.52,124,94,2534,High
38.34,126,94,2931,High
40.1,147,89,3161,Critical
39.19,154,54,3144,Critical
40.46,152,2,3011,Critical
37.77,107,91,2084,Moderate
37.61,105,90,2462,Moderate
37.53,113,92,2380,Moderate
38.21,130,95,2544,High
40.3,164,23,3128,Critical
38.48,121,94,2679,High
37.68,102,90,2233,Moderate
39.0,132,95,2529,High
39.38,166,89,3095,Critical
39.98,150,33,3158,Critical
39.55,157,75,3102,Critical
37.96,115,90,2031,Moderate
37.86,103,90,2202,Moderate
37.99,111,94,2438,Moderate
39.36,164,84,3089,Critical
39.52,153,20,3082,Critical
37.78,107,90,2112,Moderate
37.94,105,92,2064,Moderate
37.51,104,92,2206,Moderate
1.4,100,22,553,Normal
17.79,73,21,1595,Normal
0.56,85,56,713,Normal
38.24,124,94,2892,High
16.47,92,14,984,Normal
24.05,87,80,515,Normal
38.66,140,94,2769,High
40.11,161,7,3163,Critical
39.18,157,82,3076,Critical
38.24,121,95,2531,High
33.16,84,76,748,Normal
37.53,111,93,2107,Moderate
38.84,136,95,2676,High
8.11,65,16,156,Normal
40.26,159,65,3168,Critical
37.75,115,91,2319,Moderate
39.19,167,40,3046,Critical
40.18,143,42,3176,Critical
37.59,118,91,2415,Moderate
39.35,160,60,3053,Critical
38.15,140,93,2913,High
37.55,104,93,2496,Moderate
0.97,83,83,1931,Normal
38.6,134,93,2811,High
2.29,67,32,1995,Normal
40.1,156,27,3145,Critical
22.59,87,70,1958,Normal
34.61,79,34,483,Normal
21.83,65,68,1086,Normal
39.94,158,82,3051,Critical
30.48,65,39,1000,Normal
37.77,107,90,2428,Moderate
38.64,124,95,2584,High
12.26,100,45,945,Normal
37.66,106,91,2270,Moderate
38.59,136,93,2626,High
37.9,108,92,2457,Moderate
38.24,132,95,2917,High
37.51,119,91,2125,Moderate
38.98,123,94,2657,High
30.26,88,48,632,Normal
39.67,160,13,3143,Critical
39.84,148,49,3198,Critical
39.23,158,34,3094,Critical
14.68,100,26,673,Normal
40.48,149,28,3196,Critical
37.59,103,92,2469,Moderate
38.79,122,93,2530,High
37.95,116,90,2405,Moderate
40.22,154,73,3031,Critical
38.6,140,93,2582,High
40.29,155,67,3007,Critical
37.64,117,92,2444,Moderate
9.92,87,12,1154,Normal
40.0,158,8,3145,Critical
37.93,110,94,2090,Moderate
37.9,110,92,2311,Moderate
2.05,85,90,956,Normal
28.91,77,30,1763,Normal
38.7,128,94,2651,High
37.73,120,90,2260,Moderate
38.61,127,95,2949,High
37.61,120,92,2443,Moderate
37.79,105,94,2280,Moderate
11.45,95,48,839,Normal
27.39,91,13,352,Normal
37.55,102,90,2379,Moderate
37.68,109,92,2474,Moderate
38.14,139,94,2812,High
38.33,123,93,2788,High
37.94,115,94,2428,Moderate
37.99,108,91,2278,Moderate
38.53,128,94,2711,High
40.14,161,27,3192,Critical
38.14,136,95,2725,High
38.25,128,95,2526,High
39.06,141,25,3072,Critical
40.08,146,57,3058,Critical
38.04,124,95,2995,High
38.56,139,95,2688,High
38.57,129,95,2792,High
38.71,137,93,2985,High
40.39,159,14,3004,Critical
38.03,132,93,2570,High
38.72,124,94,2718,High
40.45,148,90,3038,Critical
39.16,142,63,3174,Critical
38.57,137,95,2860,High
37.72,120,92,2210,Moderate
37.59,117,94,2024,Moderate
38.55,136,95,2817,High
40.15,168,83,3160,Critical
38.04,127,94,2923,High
38.26,134,93,2792,High
38.36,130,95,2654,High
39.64,165,51,3158,Critical
37.66,107,94,2037,Moderate
38.82,125,93,2902,High
38.46,121,94,2543,High
39.79,153,89,3101,Critical
35.35,91,4,464,Normal
37.76,120,90,2112,Moderate
3.15,71,46,271,Normal
38.96,121,94,2530,High
40.38,147,21,3016,Critical
40.07,154,1,3140,Critical
24.85,74,27,1028,Normal
13.52,76,83,788,Normal
37.99,105,93,2016,Moderate
3.07,74,13,1587,Normal
22.95,82,62,116,Normal
37.84,110,92,2452,Moderate
38.94,139,93,2886,High
38.85,133,95,2560,High
0.7,63,16,1320,Normal
2.91,79,83,467,Normal
37.98,107,91,2112,Moderate
37.68,117,92,2083,Moderate
22.07,65,74,1424,Normal
13.49,74,5,37,Normal
39.01,152,44,3183,Critical
38.62,137,95,2766,High
38.58,128,94,2773,High
5.84,78,21,1475,Normal
37.85,112,91,2111,Moderate
39.33,163,68,3150,Critical
37.84,109,91,2120,Moderate
38.7,134,93,2840,High
39.5,141,11,3075,Critical
35.75,67,71,1103,Normal
38.97,131,94,2700,High
5.85,90,28,668,Normal
13.86,88,17,426,Normal
39.46,156,7,3077,Critical
38.33,139,95,2946,High
37.5,112,91,2399,Moderate
40.2,163,19,3087,Critical
40.22,158,35,3193,Critical
39.66,149,51,3053,Critical
38.72,133,95,2528,High
23.86,69,8,1975,Normal
37.99,118,90,2123,Moderate
39.3,170,62,3183,Critical
39.44,168,62,3047,Critical
37.52,110,92,2230,Moderate
38.67,133,94,2968,High
38.95,134,95,2596,High
38.4,129,93,2933,High
38.36,132,94,2692,High
38.15,131,95,2584,High
25.15,95,77,795,Normal
38.38,124,94,2853,High
39.31,146,41,3106,Critical
37.62,104,93,2045,Moderate
38.74,131,94,2554,High
12.3,65,69,758,Normal
38.86,131,95,2820,High
38.84,140,95,2924,High
39.53,142,42,3023,Critical
39.27,165,47,3186,Critical
39.88,145,52,3126,Critical
39.45,159,76,3033,Critical
35.29,91,32,1920,Normal
39.87,141,8,3006,Critical
38.95,138,95,2816,High
24.92,94,53,1558,Normal
17.08,95,19,749,Normal
37.86,108,94,2052,Moderate
25.43,78,73,1804,Normal
33.26,98,3,1255,Normal
37.67,113,94,2411,Moderate
1.44,77,20,1917,Normal
39.53,144,82,3075,Critical
38.9,133,94,2930,High
39.39,150,8,3162,Critical
28.33,69,1,581,Normal
17.38,86,12,491,Normal
38.94,126,94,2931,High
38.84,131,94,2865,High
27.64,76,9,767,Normal
39.43,141,70,3018,Critical
39.27,155,51,3048,Critical
33.69,60,52,1304,Normal
37.73,104,93,2362,Moderate
38.32,136,93,2827,High
34.76,82,79,1831,Normal
12.79,99,73,1199,Normal
38.65,126,94,2721,High
11.47,79,10,808,Normal
37.56,118,91,2008,Moderate
35.46,96,40,1095,Normal
39.44,166,83,3179,Critical
38.59,131,94,2896,High
37.69,107,92,2124,Moderate
38.01,136,94,2576,High
38.65,121,93,2676,High
36.14,61,9,1873,Normal
39.79,159,36,3179,Critical
40.31,150,11,3141,Critical
39.8,149,88,3173,Critical
38.98,124,95,2674,High
40.37,144,34,3075,Critical
31.17,69,32,1313,Normal
39.4,152,35,3067,Critical
37.81,108,90,2085,Moderate
37.83,108,92,2159,Moderate
38.78,139,94,2703,High
38.49,129,94,2563,High
37.51,103,91,2325,Moderate
39.86,150,31,3105,Critical
38.35,125,93,2602,High
39.76,162,9,3012,Critical
33.14,79,63,1698,Normal
37.94,113,90,2071,Moderate
37.52,120,93,2014,Moderate
38.6,123,95,2941,High
37.81,116,90,2061,Moderate
38.51,137,94,2506,High
37.59,116,93,2108,Moderate
37.93,103,94,2482,Moderate
39.65,153,90,3006,Critical
33.96,78,11,1133,Normal
24.29,66,14,1077,Normal
22.87,65,73,892,Normal
31.75,62,2,346,Normal
20.75,94,81,1490,Normal
20.17,61,66,406,Normal
39.4,144,63,3144,Critical
37.21,68,82,1261,Normal
37.88,106,92,2056,Moderate
38.08,131,93,2642,High
21.77,88,57,1907,Normal
39.76,150,40,3165,Critical
38.76,127,94,2532,High
37.77,103,92,2303,Moderate
39.46,147,19,3041,Critical
37.69,105,93,2348,Moderate
37.85,110,92,2298,Moderate
39.1,169,88,3136,Critical
37.59,106,92,2095,Moderate
37.5,119,90,2033,Moderate
27.19,65,90,143,Normal
22.95,88,82,251,Normal
38.53,137,95,2700,High
2.06,94,30,164,Normal
38.13,134,94,2560,High
38.92,133,94,2846,High
37.62,110,91,2476,Moderate
37.54,118,93,2033,Moderate
20.34,82,14,966,Normal
40.19,159,28,3045,Critical
31.38,75,83,113,Normal
40.41,145,69,3048,Critical
16.23,72,67,1072,Normal
38.48,133,94,2614,High
37.67,101,90,2201,Moderate
38.61,131,93,2657,High
21.28,77,50,1837,Normal
38.16,132,93,2663,High
40.35,148,70,3106,Critical
21.87,79,19,907,Normal
37.92,118,94,2086,Moderate
39.22,169,61,3183,Critical
37.56,113,94,2436,Moderate
10.43,98,36,1238,Normal
37.7,103,92,2365,Moderate
0.89,96,12,1772,Normal
39.99,154,17,3166,Critical
37.77,107,94,2359,Moderate
38.96,123,95,2968,High
38.71,135,93,2998,High
37.89,102,94,2442,Moderate
38.51,129,95,2630,High
37.83,106,94,2318,Moderate
27.73,76,58,617,Normal
39.75,148,8,3112,Critical
39.67,161,51,3089,Critical
37.6,105,92,2113,Moderate
39.85,166,71,3116,Critical
38.48,138,94,2930,High
37.64,115,94,2216,Moderate
37.62,105,90,2393,Moderate
8.25,67,79,1727,Normal
38.57,136,95,2682,High
38.35,135,93,2621,High
37.55,107,93,2281,Moderate
37.61,104,92,2065,Moderate
39.74,165,83,3074,Critical
33.5,90,85,408,Normal
1.54,92,85,1962,Normal
14.36,94,84,769,Normal
5.66,99,77,1975,Normal
40.21,163,29,3017,Critical
37.78,116,90,2362,Moderate
37.56,110,93,2413,Moderate
38.32,138,93,2543,High
38.0,114,94,2371,Moderate
37.51,118,94,2339,Moderate
40.29,167,58,3095,Critical
37.68,102,93,2126,Moderate
31.19,67,57,926,Normal
37.79,101,94,2267,Moderate
40.21,148,65,3035,Critical
37.65,102,92,2237,Moderate
37.82,112,91,2130,Moderate
37.52,106,91,2045,Moderate
37.73,105,94,2207,Moderate
38.41,138,95,2540,High
38.9,125,93,2541,High
28.44,98,8,895,Normal
37.94,119,93,2302,Moderate
39.46,170,57,3110,Critical
38.8,134,95,2710,High
40.1,151,87,3120,Critical
38.45,125,93,2560,High
25.26,62,64,1566,Normal
40.49,162,35,3071,Critical
37.55,101,92,2176,Moderate
39.73,169,62,3125,Critical
38.7,135,95,2810,High
39.57,144,66,3190,Critical
40.28,148,41,3006,Critical
40.24,152,38,3098,Critical
37.73,111,92,2191,Moderate
40.34,162,23,3153,Critical
39.27,165,25,3094,Critical
39.16,149,84,3097,Critical
39.53,148,51,3118,Critical
38.38,136,95,2930,High
38.04,133,94,2629,High
5.89,63,84,1202,Normal
20.67,70,14,1105,Normal
39.43,141,18,3171,Critical
39.95,150,26,3018,Critical
38.32,138,93,2656,High
39.32,148,81,3090,Critical
40.26,164,62,3192,Critical
39.95,142,41,3098,Critical
37.52,112,91,2213,Moderate
40.37,160,12,3072,Critical
38.57,121,95,2970,High
40.36,166,42,3097,Critical
22.5,96,40,974,Normal
7.67,82,25,1618,Normal
18.23,65,46,1850,Normal
37.94,113,94,2327,Moderate
39.0,122,93,2796,High
38.71,123,95,2548,High
37.76,108,93,2173,Moderate
19.72,96,64,1030,Normal
16.8,62,25,228,Normal
31.79,91,5,1364,Normal
38.73,122,95,2945,High
38.33,124,93,2538,High
38.16,133,94,2826,High
37.84,118,92,2055,Moderate
39.23,148,40,3019,Critical
39.3,145,45,3055,Critical
38.88,131,94,2506,High
23.27,85,41,1031,Normal
37.84,109,93,2478,Moderate
4.57,64,19,1695,Normal
39.19,160,53,3095,Critical
38.99,132,94,2606,High
40.48,142,5,3015,Critical
37.84,103,93,2003,Moderate
38.17,138,95,2525,High
1.14,74,73,123,Normal
18.42,90,83,1621,Normal
18.34,70,83,831,Normal
37.61,104,94,2330,Moderate
38.51,124,95,2979,High
0.35,94,80,600,Normal
30.29,99,82,248,Normal
34.57,93,14,1738,Normal
39.9,161,79,3059,Critical
37.5,112,93,2089,Moderate
40.38,144,73,3033,Critical
39.24,154,53,3124,Critical
39.46,164,54,3043,Critical
6.5,73,77,52,Normal
38.63,140,95,2910,High
38.96,129,94,2846,High
38.81,124,93,2595,High
10.34,99,22,1599,Normal
38.02,127,95,2678,High
38.26,137,95,2902,High
37.92,111,92,2374,Moderate
38.07,123,93,2718,High
37.8,105,94,2362,Moderate
38.54,133,93,2976,High
38.07,139,94,2705,High
38.64,129,95,2726,High
7.01,67,59,1126,Normal
36.87,64,71,1984,Normal
36.82,88,36,122,Normal
8.68,65,85,596,Normal
40.25,170,89,3054,Critical
11.12,70,10,1424,Normal
40.36,156,75,3159,Critical
38.4,139,94,2754,High
16.4,100,87,1303,Normal
27.92,74,50,105,Normal
33.91,61,2,24,Normal
35.57,96,31,650,Normal
39.54,144,7,3197,Critical
38.63,122,94,2637,High
38.61,127,95,2884,High
38.1,136,94,2609,High
37.63,102,92,2059,Moderate
40.09,149,71,3180,Critical
0.99,93,21,1163,Normal
37.99,106,92,2257,Moderate
38.21,125,93,2925,High
37.88,112,91,2077,Moderate
37.61,111,94,2215,Moderate
37.51,106,90,2176,Moderate
37.6,115,90,2018,Moderate
39.17,143,47,3159,Critical
37.84,101,94,2300,Moderate
40.09,168,15,3040,Critical
38.09,123,94,2747,High
40.22,145,39,3136,Critical
38.2,140,94,2832,High
38.74,125,94,2840,High
16.75,83,22,1336,Normal
38.43,126,94,2943,High
2.51,95,13,1353,Normal
37.97,108,93,2031,Moderate
39.11,153,17,3178,Critical
31.67,77,60,1017,Normal
39.46,149,13,3078,Critical
37.82,116,91,2434,Moderate
35.84,86,81,654,Normal
38.64,130,95,2535,High
39.87,163,81,3169,Critical
39.49,153,62,3172,Critical
37.9,116,93,2304,Moderate
36.34,68,63,346,Normal
38.17,123,93,2621,High
12.85,76,30,12,Normal
38.74,134,95,2906,High
38.23,140,94,2863,High
38.96,135,95,2825,High
37.81,119,91,2068,Moderate
39.65,157,74,3046,Critical
39.93,148,0,3003,Critical
38.33,138,94,2682,High
37.59,108,90,2473,Moderate
38.56,134,94,2774,High
37.94,118,93,2162,Moderate
39.24,149,62,3153,Critical
39.55,152,57,3012,Critical
30.95,71,70,486,Normal
39.13,151,29,3014,Critical
37.86,105,92,2335,Moderate
37.65,111,92,2269,Moderate
22.83,75,4,275,Normal
39.21,159,16,3123,Critical
38.88,137,95,2934,High
38.01,136,95,3000,High
36.42,67,21,344,Normal
37.87,117,91,2497,Moderate
37.97,102,90,2254,Moderate
39.79,141,76,3183,Critical
37.8,120,90,2075,Moderate
37.83,113,93,2166,Moderate
40.3,161,24,3143,Critical
39.44,168,16,3112,Critical
39.19,157,18,3136,Critical
38.39,135,94,2706,High
40.23,155,45,3008,Critical
38.04,128,94,2562,High
39.29,155,13,3043,Critical
17.92,87,36,1404,Normal
37.84,112,90,2282,Moderate
38.57,130,93,2729,High
38.7,133,94,2922,High
37.83,105,90,2301,Moderate
38.95,121,94,2714,High
37.66,108,93,2155,Moderate
38.71,131,94,2917,High
39.94,153,8,3112,Critical
39.82,157,74,3086,Critical
18.76,80,29,792,Normal
38.74,122,94,2730,High
38.26,122,95,2868,High
39.21,166,69,3150,Critical
37.54,109,94,2452,Moderate
6.16,73,54,300,Normal
29.29,94,63,1369,Normal
39.17,145,2,3000,Critical
39.0,158,14,3033,Critical
39.35,152,67,3108,Critical
39.31,146,68,3074,Critical
39.23,169,63,3155,Critical
37.76,119,91,2188,Moderate
39.49,142,37,3034,Critical
38.03,138,94,2576,High
7.89,85,53,378,Normal
40.02,167,68,3014,Critical
39.68,170,4,3145,Critical
29.52,89,61,1966,Normal
37.64,107,92,2287,Moderate
37.95,115,93,2259,Moderate
37.75,115,94,2148,Moderate
33.08,82,41,1068,Normal
3.4,73,74,756,Normal
38.65,121,95,2658,High
40.14,156,24,3134,Critical
39.4,147,30,3071,Critical
38.1,129,93,2523,High
38.0,125,95,2723,High
38.33,140,95,2953,High
25.53,95,39,1546,Normal
28.17,63,31,1146,Normal
38.82,135,93,2653,High
17.24,92,79,1564,Normal
39.15,151,0,3011,Critical
39.56,160,34,3171,Critical
37.55,107,90,2366,Moderate
38.65,137,95,2687,High
38.27,125,95,2979,High
38.17,124,95,2898,High
16.7,99,84,1270,Normal
5.48,82,1,1391,Normal
38.32,134,95,2946,High
27.6,80,59,1664,Normal
39.06,143,8,3162,Critical
39.59,146,67,3185,Critical
39.62,147,77,3008,Critical
38.44,138,93,2581,High
3.37,79,18,110,Normal
37.99,118,90,2118,Moderate
39.5,164,25,3125,Critical
40.0,155,31,3121,Critical
38.72,122,95,2880,High
29.04,78,7,680,Normal
37.69,117,94,2378,Moderate
37.89,109,92,2458,Moderate
37.68,113,90,2420,Moderate
38.66,121,94,2881,High
38.11,126,93,2710,High
12.35,61,20,949,Normal
37.89,102,92,2081,Moderate
31.79,75,73,302,Normal
38.3,134,95,2728,High
39.95,154,76,3109,Critical
37.81,120,90,2102,Moderate
38.53,124,95,2858,High
37.74,113,94,2471,Moderate
14.1,70,57,1716,Normal
37.59,114,94,2196,Moderate
37.86,113,93,2135,Moderate
39.0,158,30,3154,Critical
37.93,119,94,2162,Moderate
37.65,106,93,2067,Moderate
40.12,168,47,3142,Critical
37.74,106,91,2081,Moderate
2.37,90,51,4,Normal
1.26,85,31,1030,Normal
31.72,76,87,821,Normal
39.57,141,9,3132,Critical
39.46,158,34,3009,Critical
38.41,127,95,2692,High
40.2,168,19,3091,Critical
40.19,141,82,3017,Critical
39.38,147,15,3179,Critical
39.76,169,6,3101,Critical
37.67,103,90,2187,Moderate
38.73,128,93,2530,High
38.48,135,93,2869,High
37.58,112,94,2103,Moderate
0.22,89,90,1211,Normal
14.04,60,60,1173,Normal
37.88,114,92,2045,Moderate
39.9,156,39,3178,Critical
40.2,165,88,3002,Critical
37.69,109,91,2131,Moderate
38.03,133,95,2946,High
39.06,167,90,3004,Critical
29.87,97,39,261,Normal
34.57,70,67,1757,Normal
38.37,126,93,2903,High
39.37,170,47,3069,Critical
39.44,143,31,3157,Critical
14.35,96,56,56,Normal
38.25,127,95,2571,High
40.05,162,90,3001,Critical
40.3,161,39,3011,Critical
40.02,163,22,3135,Critical
38.09,129,95,2979,High
40.03,156,43,3192,Critical
39.94,152,5,3103,Critical
38.52,137,93,2725,High
37.96,102,93,2366,Moderate
37.52,114,90,2069,Moderate
38.41,124,94,2538,High
14.06,60,27,1796,Normal
37.97,108,92,2148,Moderate
37.79,118,93,2450,Moderate
37.93,114,92,2093,Moderate
34.75,62,1,1913,Normal
28.07,71,52,623,Normal
39.1,149,25,3050,Critical
27.79,74,6,1731,Normal
37.93,108,91,2467,Moderate
39.75,144,30,3176,Critical
37.64,112,92,2151,Moderate
38.06,131,93,2947,High
38.9,133,93,2687,High
40.05,142,19,3100,Critical
40.17,160,31,3125,Critical
39.22,154,55,3148,Critical
39.56,168,46,3040,Critical
10.94,77,29,460,Normal
40.39,164,6,3055,Critical
38.26,127,93,2715,High
37.92,103,93,2017,Moderate
38.93,135,93,2900,High
39.97,153,59,3050,Critical
39.77,148,78,3133,Critical
32.52,60,3,238,Normal
37.63,104,90,2269,Moderate
40.35,170,32,3122,Critical
39.89,146,59,3068,Critical
37.57,106,91,2427,Moderate
10.43,78,53,1444,Normal
38.91,137,93,2884,High
39.37,163,75,3158,Critical
38.78,131,94,2888,High
18.31,91,76,1241,Normal
37.76,112,92,2212,Moderate
37.55,118,92,2020,Moderate
40.12,149,41,3091,Critical
38.27,125,95,2866,High
39.72,144,7,3067,Critical
40.35,141,54,3097,Critical
38.45,138,95,2892,High
39.42,147,41,3176,Critical
39.03,150,61,3180,Critical
38.0,107,91,2012,Moderate
39.07,151,70,3009,Critical
37.87,101,94,2021,Moderate
37.83,116,94,2011,Moderate
37.57,112,90,2304,Moderate
37.79,116,91,2266,Moderate
1.97,86,44,915,Normal
37.71,109,93,2319,Moderate
37.89,110,91,2043,Moderate
39.09,161,76,3094,Critical
15.0,70,22,621,Normal
0.34,65,88,893,Normal
34.13,68,45,1488,Normal
16.18,66,62,851,Normal
39.38,148,28,3027,Critical
36.75,69,74,144,Normal
39.43,143,83,3019,Critical
38.39,139,94,2995,High
37.52,104,92,2162,Moderate
39.93,163,37,3087,Critical
38.37,122,95,2718,High
38.24,130,95,2900,High
17.13,93,71,1620,Normal
38.11,130,95,2968,High
35.37,89,51,193,Normal
38.19,137,95,2976,High
37.79,109,91,2239,Moderate
25.78,100,20,201,Normal
37.91,120,91,2022,Moderate
37.9,111,93,2004,Moderate
37.83,109,92,2371,Moderate
37.54,119,94,2119,Moderate
37.96,119,92,2028,Moderate
40.05,168,28,3019,Critical
38.97,128,95,2669,High
37.72,115,90,2073,Moderate
38.0,128,93,2728,High
38.69,132,95,2562,High
9.99,97,26,1877,Normal
37.79,103,90,2128,Moderate
37.99,115,93,2180,Moderate
39.65,157,50,3001,Critical
38.01,121,95,2977,High
31.5,94,33,581,Normal
38.28,127,93,2636,High
38.33,124,94,2637,High
38.11,132,93,2892,High
4.34,95,25,845,Normal
29.2,80,35,751,Normal
37.64,115,90,2322,Moderate
37.85,107,94,2050,Moderate
38.58,125,94,2870,High
33.88,89,72,701,Normal
38.01,133,93,2736,High
39.27,168,81,3161,Critical
38.32,134,95,2740,High
38.15,124,94,2688,High
37.51,105,93,2473,Moderate
39.44,152,83,3090,Critical
3.66,71,10,1751,Normal
40.34,154,25,3195,Critical
37.66,106,91,2332,Moderate
10.4,94,17,90,Normal
15.64,85,78,1710,Normal
37.59,116,91,2102,Moderate
38.88,138,94,2957,High
39.29,160,46,3031,Critical
37.58,107,90,2418,Moderate
40.04,164,40,3111,Critical
35.98,90,68,1786,Normal
22.58,62,56,1003,Normal
11.49,92,5,1258,Normal
38.66,125,95,2931,High
33.44,95,51,1398,Normal
38.49,140,95,2510,High
18.51,85,2,853,Normal
38.07,130,93,2793,High
39.97,159,68,3154,Critical
37.94,111,91,2019,Moderate
38.86,127,95,2987,High
38.1,131,93,2522,High
38.75,136,95,2835,High
34.91,100,84,846,Normal
38.01,139,95,2915,High
37.87,115,90,2096,Moderate
38.86,121,94,2509,High
38.84,127,95,2939,High
39.8,142,71,3006,Critical
39.86,141,5,3066,Critical
38.49,124,93,2784,High
38.14,137,93,2873,High
38.61,123,94,2833,High
39.06,169,35,3067,Critical
35.99,69,35,1231,Normal
38.29,128,95,2894,High
33.55,69,72,720,Normal
37.52,103,92,2394,Moderate
38.83,135,94,2977,High
37.55,112,94,2027,Moderate
38.34,131,94,2646,High
39.41,157,73,3170,Critical
1.78,64,85,1,Normal
38.04,123,94,2761,High
38.15,139,93,2628,High
20.64,76,80,1357,Normal
37.59,114,92,2442,Moderate
37.63,108,91,2127,Moderate
38.1,122,94,2976,High
39.13,143,32,3181,Critical
37.9,101,94,2293,Moderate
39.37,155,44,3068,Critical
39.18,159,60,3109,Critical
39.38,147,84,3006,Critical
39.28,143,15,3108,Critical
38.1,124,93,2896,High
37.61,113,91,2316,Moderate
39.29,141,64,3103,Critical
38.92,135,93,2650,High
38.6,136,93,2915,High
30.65,69,32,1294,Normal
37.88,118,92,2429,Moderate
29.4,60,39,720,Normal
40.31,170,57,3116,Critical
26.58,71,71,1332,Normal
35.96,91,26,150,Normal
38.77,130,95,2871,High
40.21,163,40,3063,Critical
39.53,166,42,3189,Critical
38.11,129,93,2617,High
38.43,137,95,2659,High
38.41,136,94,2534,High
40.3,166,26,3022,Critical
38.52,128,95,2500,High
40.06,161,70,3149,Critical
38.12,121,95,2946,High
39.49,143,61,3028,Critical
38.99,131,94,2902,High
37.8,103,90,2383,Moderate
38.6,126,95,2669,High
37.91,108,91,2030,Moderate
38.8,140,93,2854,High
20.71,89,45,1573,Normal
37.57,112,90,2467,Moderate
25.83,65,53,1396,Normal
38.99,129,93,2620,High
37.52,113,90,2026,Moderate
39.37,169,35,3044,Critical
31.61,85,46,1919,Normal
38.06,125,95,2658,High
38.32,131,94,2591,High
38.81,124,95,2782,High
39.66,164,53,3199,Critical
37.67,108,93,2493,Moderate
38.95,124,95,2867,High
38.21,134,94,2894,High
38.66,134,93,2513,High
39.23,164,59,3017,Critical
0.42,64,71,97,Normal
40.16,150,23,3163,Critical
37.8,106,91,2379,Moderate
40.39,166,62,3146,Critical
39.51,146,27,3035,Critical
32.74,93,53,106,Normal
14.45,77,65,939,Normal
40.4,147,11,3139,Critical
8.71,63,48,1660,Normal
35.76,79,15,1746,Normal
39.37,169,20,3181,Critical
38.44,126,95,2941,High
40.0,153,72,3012,Critical
35.7,89,24,1103,Normal
32.31,82,46,398,Normal
37.78,105,90,2350,Moderate
40.15,143,88,3150,Critical
38.2,123,94,2803,High
38.18,137,93,2757,High
38.41,129,93,2539,High
9.45,61,1,1924,Normal
37.77,117,93,2088,Moderate
38.4,132,95,2906,High
38.31,124,94,2867,High
24.39,66,42,1766,Normal
37.9,118,93,2322,Moderate
31.92,83,6,279,Normal
40.42,147,55,3071,Critical
8.82,99,21,1882,Normal
37.61,112,94,2269,Moderate
38.34,122,95,2609,High
38.32,136,94,2731,High
37.67,108,94,2395,Moderate
37.72,117,91,2456,Moderate
37.8,108,93,2152,Moderate
37.85,113,92,2222,Moderate
39.69,144,41,3189,Critical
37.78,118,94,2322,Moderate
38.76,133,94,2951,High
39.53,157,72,3179,Critical
38.35,137,93,2992,High
38.59,125,95,2799,High
21.68,69,30,118,Normal
37.52,119,93,2196,Moderate
37.82,117,91,2349,Moderate
12.86,69,71,1853,Normal
3.49,65,49,1791,Normal
39.8,158,15,3002,Critical
38.49,128,95,2504,High
39.47,163,17,3045,Critical
39.04,149,89,3060,Critical
37.53,116,93,2244,Moderate
38.44,139,95,2696,High
38.62,122,94,2599,High
38.3,138,94,2861,High
39.36,148,13,3053,Critical
38.28,136,93,2545,High
37.96,117,94,2066,Moderate
37.82,117,90,2067,Moderate
15.06,93,26,1035,Normal
38.49,121,95,2748,High
38.88,130,94,2523,High
38.74,130,93,2677,High
39.23,164,33,3080,Critical
37.99,106,94,2055,Moderate
38.59,125,93,2909,High
39.92,141,51,3184,Critical
38.91,132,94,2904,High
37.7,102,91,2416,Moderate
4.94,79,76,1444,Normal
37.85,106,90,2342,Moderate
39.78,152,75,3078,Critical
38.27,137,94,2773,High
38.93,139,94,2592,High
38.76,127,94,2908,High
34.74,98,65,1639,Normal
40.02,150,58,3007,Critical
37.67,105,91,2224,Moderate
38.87,127,94,2751,High
38.39,132,95,2686,High
34.45,81,83,889,Normal
37.59,102,91,2208,Moderate
39.14,167,52,3010,Critical
30.59,97,44,317,Normal
37.86,101,91,2246,Moderate
38.93,139,93,2510,High
37.52,120,93,2280,Moderate
39.68,154,90,3081,Critical
38.17,137,94,2635,High
36.71,73,26,366,Normal
37.52,106,90,2483,Moderate
37.88,101,94,2371,Moderate
38.97,130,94,2653,High
38.6,122,93,2660,High
38.77,139,94,2854,High
37.92,104,93,2029,Moderate
38.84,139,94,2832,High
38.81,122,94,2686,High
38.86,135,95,2975,High
39.89,143,42,3142,Critical
28.86,86,75,1271,Normal
39.85,148,38,3025,Critical
37.62,111,90,2075,Moderate
37.71,112,91,2368,Moderate
39.55,153,2,3014,Critical
37.55,112,90,2072,Moderate
37.64,119,90,2023,Moderate
40.48,150,15,3057,Critical
37.53,117,91,2496,Moderate
39.46,149,22,3200,Critical
15.6,80,31,1638,Normal
3.82,78,6,92,Normal
37.71,115,92,2057,Moderate
22.96,87,39,1138,Normal
38.0,108,94,2417,Moderate
39.46,157,53,3038,Critical
26.17,60,36,1689,Normal
38.37,140,93,2853,High
39.19,157,67,3002,Critical
37.96,106,94,2162,Moderate
37.74,106,92,2492,Moderate
38.71,127,95,2862,High
38.78,127,94,2553,High
37.7,108,92,2231,Moderate
38.25,125,95,2975,High
38.6,128,95,2996,High
37.56,103,93,2158,Moderate
39.02,145,46,3013,Critical
37.57,102,94,2453,Moderate
33.58,82,85,75,Normal
37.61,110,91,2236,Moderate
38.99,136,93,2929,High
39.35,161,16,3073,Critical
37.67,103,94,2471,Moderate
22.44,96,59,740,Normal
3.77,83,29,415,Normal
38.04,139,95,2795,High
23.09,67,10,590,Normal
37.77,118,94,2180,Moderate
16.74,94,14,1275,Normal
38.91,130,95,2776,High
9.91,97,29,1896,Normal
40.04,148,12,3175,Critical
37.61,117,94,2217,Moderate
40.34,143,73,3012,Critical
7.96,88,38,1225,Normal
0.66,84,63,413,Normal
39.76,153,72,3183,Critical
38.73,133,93,2776,High
38.5,138,93,2768,High
38.6,121,93,2784,High
39.33,143,87,3024,Critical
4.26,67,7,1169,Normal
37.95,105,92,2277,Moderate
37.8,118,91,2104,Moderate
37.65,111,94,2127,Moderate
10.46,72,89,75,Normal
37.77,111,91,2427,Moderate
39.41,150,46,3172,Critical
39.64,154,57,3107,Critical
38.72,133,95,2545,High
38.16,129,94,2903,High
39.74,148,21,3068,Critical
37.78,118,93,2323,Moderate
38.24,124,93,2815,High
37.56,108,94,2044,Moderate
8.91,93,15,546,Normal
38.4,130,94,2545,High
37.63,101,94,2206,Moderate
39.5,143,2,3050,Critical
39.02,155,21,3105,Critical
37.61,115,92,2178,Moderate
37.53,105,94,2264,Moderate
38.84,132,93,2631,High
38.54,139,95,2762,High
37.8,109,92,2068,Moderate
6.44,63,49,573,Normal
37.51,106,90,2012,Moderate
40.34,149,29,3028,Critical
37.92,120,94,2057,Moderate
15.47,85,29,1341,Normal
40.17,161,57,3015,Critical
37.82,110,90,2390,Moderate
39.73,157,3,3056,Critical
30.79,85,28,60,Normal
17.41,79,88,506,Normal
37.91,106,91,2361,Moderate
37.81,109,90,2404,Moderate
37.98,103,91,2483,Moderate
37.86,114,91,2416,Moderate
38.97,130,93,2792,High
34.08,81,14,847,Normal
38.68,136,93,2826,High
37.65,113,92,2049,Moderate
37.54,116,93,2451,Moderate
22.28,66,17,938,Normal
39.39,142,7,3180,Critical
40.29,146,2,3055,Critical
37.88,112,93,2088,Moderate
20.96,63,40,1817,Normal
38.25,136,93,2727,High
37.93,108,92,2479,Moderate
37.66,117,94,2179,Moderate
31.12,94,31,890,Normal
23.69,77,72,1550,Normal
37.87,107,92,2126,Moderate
38.18,136,93,2910,High
38.23,121,93,2967,High
38.79,130,94,2837,High
22.88,64,30,716,Normal
39.74,154,20,3094,Critical
0.05,98,9,1885,Normal
38.14,130,95,2846,High
0.35,72,2,935,Normal
37.87,109,92,2475,Moderate
17.43,89,62,1954,Normal
3.85,81,69,859,Normal
32.46,81,39,716,Normal
39.26,155,31,3006,Critical
38.69,130,95,2790,High
12.54,66,77,429,Normal
37.74,116,90,2247,Moderate
38.9,127,93,2826,High
37.87,109,92,2483,Moderate
37.63,107,91,2279,Moderate
30.63,83,20,1261,Normal
24.28,79,12,104,Normal
12.42,63,12,597,Normal
37.52,120,91,2260,Moderate
38.29,134,93,2960,High
38.84,134,95,2717,High
5.19,92,3,714,Normal
37.51,116,92,2153,Moderate
39.79,156,55,3139,Critical
38.25,129,93,2725,High
37.65,106,92,2013,Moderate
37.53,115,94,2151,Moderate
38.41,139,93,2534,High
20.98,65,8,1519,Normal
7.33,78,55,509,Normal
39.31,161,79,3077,Critical
2.68,85,70,650,Normal
38.07,129,95,2775,High
39.87,161,30,3148,Critical
37.78,107,93,2349,Moderate
39.89,142,22,3155,Critical
37.76,102,90,2178,Moderate
39.49,143,53,3078,Critical
38.94,139,95,2873,High
39.51,145,4,3157,Critical
37.81,118,92,2150,Moderate
39.31,158,24,3180,Critical
37.67,113,90,2456,Moderate
38.42,138,94,2716,High
37.73,113,91,2324,Moderate
38.14,138,93,2804,High
39.48,166,35,3144,Critical
38.78,131,93,2504,High
38.87,129,94,2783,High
38.71,123,94,2831,High
37.84,120,92,2327,Moderate
38.34,128,95,2911,High
37.68,106,93,2309,Moderate
39.14,163,18,3005,Critical
37.55,102,90,2159,Moderate
38.08,132,94,2834,High
14.7,100,18,22,Normal
3.05,76,38,68,Normal
40.47,153,18,3115,Critical
37.7,119,91,2013,Moderate
37.88,108,94,2082,Moderate
22.49,68,27,1088,Normal
26.15,88,55,468,Normal
40.09,150,81,3122,Critical
40.33,169,90,3097,Critical
40.03,160,63,3022,Critical
21.91,73,35,1821,Normal
33.32,81,12,436,Normal
37.61,108,91,2334,Moderate
0.15,94,0,1382,Normal
9.48,94,70,372,Normal
25.92,92,52,1986,Normal
39.18,145,33,3136,Critical
39.12,153,14,3065,Critical
39.43,156,56,3053,Critical
37.86,117,92,2318,Moderate
37.74,117,91,2481,Moderate
38.28,125,94,2620,High
36.56,72,60,846,Normal
38.92,128,94,2515,High
22.45,92,23,57,Normal
38.42,125,95,2844,High
37.88,118,91,2436,Moderate
39.99,168,73,3084,Critical
39.07,142,68,3126,Critical
40.08,142,35,3181,Critical
3.32,95,12,1926,Normal
37.73,101,90,2188,Moderate
37.56,117,90,2464,Moderate
39.66,155,82,3056,Critical
38.21,139,95,2677,High
38.66,137,94,2523,High
39.15,141,83,3131,Critical
39.78,159,16,3186,Critical
37.62,118,94,2279,Moderate
37.95,107,94,2359,Moderate
37.52,115,90,2315,Moderate
40.43,144,6,3154,Critical
38.73,138,95,2939,High
38.17,125,93,2874,High
2.08,81,4,1354,Normal
31.0,64,88,363,Normal
39.53,157,46,3022,Critical
37.73,109,92,2187,Moderate
38.05,140,95,2805,High
39.24,148,58,3152,Critical
38.11,122,94,2719,High
40.02,151,24,3151,Critical
40.28,169,39,3126,Critical
37.7,106,93,2373,Moderate
39.9,146,48,3002,Critical
40.19,142,18,3163,Critical
31.32,97,40,1239,Normal
39.9,164,86,3134,Critical
39.29,167,53,3082,Critical
38.13,133,93,2747,High
39.46,144,15,3162,Critical
37.96,102,92,2311,Moderate
37.56,104,94,2234,Moderate
39.59,159,52,3165,Critical
37.75,105,91,2048,Moderate
39.04,159,40,3100,Critical
37.73,116,91,2396,Moderate
37.78,107,90,2126,Moderate
37.52,112,92,2177,Moderate
39.03,149,11,3100,Critical
37.73,115,91,2427,Moderate
22.26,91,76,21,Normal
37.78,103,90,2011,Moderate
39.87,159,0,3108,Critical
19.1,79,57,1060,Normal
38.7,140,93,2692,High
37.89,108,91,2123,Moderate
38.84,134,93,2556,High
37.92,115,94,2154,Moderate
39.24,141,61,3180,Critical
40.2,142,17,3140,Critical
20.71,98,17,820,Normal
38.0,123,95,2990,High
38.7,136,93,2723,High
8.72,60,47,1512,Normal
13.73,87,42,1943,Normal
38.41,126,93,2893,High
39.31,148,22,3038,Critical
40.33,152,50,3150,Critical
4.25,65,88,258,Normal
20.46,89,90,1087,Normal
39.08,170,14,3132,Critical
37.91,109,93,2177,Moderate
38.8,131,94,2613,High
34.45,76,65,1058,Normal
30.99,96,70,1524,Normal
37.56,117,90,2123,Moderate
34.79,73,24,1926,Normal
39.28,151,90,3043,Critical
11.2,85,61,976,Normal
37.66,120,90,2088,Moderate
38.57,122,94,2746,High
38.54,140,94,2706,High
37.81,105,90,2314,Moderate
39.15,160,51,3045,Critical
37.79,120,92,2189,Moderate
38.34,138,94,2603,High
11.9,98,42,1757,Normal
38.8,133,93,2862,High
39.53,168,77,3032,Critical
38.7,129,94,2592,High
38.56,131,95,2506,High
39.96,147,39,3146,Critical
6.35,97,83,361,Normal
38.57,130,94,2788,High
37.6,120,91,2313,Moderate
39.4,168,41,3081,Critical
38.39,129,94,2634,High
40.08,159,36,3022,Critical
40.36,167,79,3200,Critical
37.53,118,90,2028,Moderate
39.07,149,54,3118,Critical
39.05,149,72,3125,Critical
6.74,65,44,1661,Normal
37.96,119,91,2419,Moderate
23.88,99,44,201,Normal
40.04,167,60,3122,Critical
38.07,125,95,2915,High
39.78,168,43,3037,Critical
38.96,124,95,2594,High
40.08,143,60,3103,Critical
37.62,118,93,2263,Moderate
37.92,101,92,2088,Moderate
14.97,86,51,879,Normal
39.17,164,62,3072,Critical
4.76,95,9,384,Normal
37.76,112,92,2205,Moderate
18.34,73,33,1849,Normal
40.16,163,67,3130,Critical
38.14,124,95,2891,High
38.48,134,94,2951,High
40.31,161,67,3174,Critical
38.19,128,94,2805,High
13.7,87,88,791,Normal
38.1,134,93,2641,High
38.26,137,94,2980,High
40.15,165,87,3025,Critical
39.69,158,25,3171,Critical
3.98,96,70,713,Normal
39.62,155,6,3142,Critical
38.36,123,93,2982,High
38.65,136,95,2715,High
37.77,102,90,2183,Moderate
39.74,168,3,3155,Critical
39.82,164,73,3142,Critical
40.39,149,13,3128,Critical
39.78,163,10,3036,Critical
38.39,130,94,2724,High
37.73,118,93,2385,Moderate
5.62,70,70,1365,Normal
40.07,154,11,3015,Critical
39.78,165,50,3165,Critical
38.5,134,95,2567,High
38.61,133,94,2870,High
37.69,101,93,2427,Moderate
40.1,167,57,3194,Critical
40.3,142,56,3144,Critical
37.75,117,91,2161,Moderate
39.32,168,0,3156,Critical
7.46,69,29,1128,Normal
37.9,119,92,2036,Moderate
39.01,148,80,3136,Critical
37.7,113,92,2129,Moderate
37.72,103,94,2392,Moderate
26.22,72,3,1674,Normal
38.3,125,93,2840,High
39.28,169,21,3117,Critical
37.53,110,91,2164,Moderate
37.52,104,93,2219,Moderate
25.68,73,84,1458,Normal
39.02,160,77,3143,Critical
15.91,81,23,1062,Normal
38.17,127,94,2589,High
39.65,153,19,3033,Critical
38.02,125,95,2962,High
8.45,73,36,105,Normal
16.75,85,3,38,Normal
39.93,169,39,3074,Critical
37.95,118,93,2414,Moderate
39.19,157,73,3095,Critical
37.84,113,90,2267,Moderate
39.3,164,10,3053,Critical
37.78,107,93,2241,Moderate
37.68,106,90,2137,Moderate
38.81,131,94,2653,High
40.45,142,15,3005,Critical
37.55,101,91,2440,Moderate
31.58,85,59,1689,Normal
40.33,145,46,3094,Critical
40.45,168,14,3156,Critical
38.46,136,93,2930,High
25.42,73,0,1139,Normal
37.72,111,90,2339,Moderate
34.3,62,26,1293,Normal
15.6,79,33,1559,Normal
38.47,129,93,2778,High
38.72,123,93,2509,High
18.31,60,9,266,Normal
2.03,97,9,244,Normal
35.11,67,52,1586,Normal
38.62,130,94,2671,High
39.95,159,23,3025,Critical
36.6,100,82,1793,Normal
40.17,142,36,3134,Critical
37.53,112,92,2180,Moderate
38.83,139,93,2593,High
36.78,99,25,1134,Normal
38.89,131,93,2886,High
38.1,129,95,2714,High
13.03,83,1,975,Normal
38.77,125,94,2589,High
37.74,117,92,2216,Moderate
18.9,72,84,393,Normal
40.43,158,16,3106,Critical
39.67,142,69,3034,Critical
39.94,151,19,3165,Critical
40.07,169,17,3057,Critical
37.57,104,93,2249,Moderate
22.98,68,67,1906,Normal
39.25,151,66,3196,Critical
39.43,161,58,3143,Critical
38.57,134,94,2851,High
2.76,81,66,546,Normal
38.98,122,95,2508,High
39.09,152,44,3093,Critical
40.33,167,49,3073,Critical
39.56,146,40,3051,Critical
21.4,75,6,1576,Normal
31.83,85,52,371,Normal
40.17,160,23,3109,Critical
37.72,109,92,2309,Moderate
38.56,125,94,2694,High
9.23,84,77,471,Normal
31.8,79,4,250,Normal
37.77,109,94,2152,Moderate
37.7,113,94,2476,Moderate
7.91,78,49,1514,Normal
22.68,72,45,1611,Normal
37.73,109,91,2356,Moderate
39.04,165,71,3052,Critical
37.59,113,90,2471,Moderate
40.43,156,15,3032,Critical
38.38,132,93,2652,High
38.17,125,95,2874,High
39.95,158,40,3066,Critical
38.71,133,93,2696,High
38.03,126,93,2831,High
38.77,139,94,2799,High
31.31,78,85,963,Normal
34.52,62,40,1260,Normal
40.5,141,57,3150,Critical
38.05,122,95,2758,High
40.43,155,45,3079,Critical
37.98,107,93,2289,Moderate
9.9,81,21,151,Normal
38.46,126,94,2542,High
39.42,142,64,3092,Critical
29.83,99,53,1673,Normal
37.76,119,90,2290,Moderate
38.24,127,95,2948,High
32.34,61,7,1245,Normal
40.39,152,5,3160,Critical
40.45,152,18,3144,Critical
39.76,163,41,3191,Critical
38.0,107,90,2246,Moderate
40.26,165,9,3040,Critical
39.69,148,59,3149,Critical
18.09,61,14,810,Normal
40.48,142,14,3191,Critical
40.5,147,30,3052,Critical
13.22,100,24,1170,Normal
39.49,146,51,3171,Critical
38.98,132,94,2964,High
38.41,133,94,2668,High
38.01,137,94,2597,High
38.1,129,95,2773,High
38.61,135,94,2610,High
39.94,157,69,3004,Critical
37.56,109,91,2158,Moderate
36.86,69,16,1019,Normal
39.99,167,54,3053,Critical
38.42,129,94,2799,High
37.77,105,92,2209,Moderate
37.67,107,94,2444,Moderate
38.93,138,95,2943,High
39.1,167,50,3056,Critical
40.12,166,71,3100,Critical
2.22,84,39,77,Normal
39.04,168,74,3049,Critical
38.83,123,95,2905,High
37.86,103,91,2204,Moderate
38.85,126,94,2637,High
37.74,111,92,2208,Moderate
16.96,68,86,319,Normal
38.31,126,95,2991,High
37.7,106,91,2241,Moderate
18.2,63,70,827,Normal
38.12,126,93,2938,High
31.48,62,81,176,Normal
11.04,69,8,804,Normal
40.35,170,77,3152,Critical
37.96,115,93,2254,Moderate
38.62,121,95,2693,High
10.86,66,66,1358,Normal
37.92,119,93,2288,Moderate
39.0,121,94,2861,High
37.96,115,94,2293,Moderate
37.64,110,91,2038,Moderate
38.97,131,94,2764,High
38.39,133,93,2502,High
6.68,78,62,1867,Normal
15.46,60,0,863,Normal
39.43,169,87,3134,Critical
38.47,140,95,2674,High
13.84,69,89,178,Normal
38.81,136,93,2848,High
37.64,116,92,2114,Moderate
37.83,115,92,2221,Moderate
37.64,119,91,2338,Moderate
37.82,109,91,2445,Moderate
38.86,127,94,2787,High
40.3,170,5,3019,Critical
39.9,156,66,3107,Critical
35.86,63,11,1643,Normal
38.29,124,95,2997,High
10.85,71,1,458,Normal
38.46,124,95,2744,High
30.95,72,6,527,Normal
38.4,123,93,2911,High
31.75,71,62,1190,Normal
37.72,103,92,2114,Moderate
40.0,153,39,3105,Critical
37.67,103,92,2302,Moderate
37.93,104,90,2102,Moderate
37.73,116,92,2079,Moderate
35.82,81,62,1587,Normal
38.22,133,95,2874,High
38.72,137,94,2816,High
38.59,134,93,2594,High
38.99,132,94,2846,High
37.77,110,91,2157,Moderate
40.13,148,76,3054,Critical
30.6,84,55,63,Normal
38.26,132,94,2588,High
37.94,114,94,2137,Moderate
22.0,72,50,616,Normal
39.83,169,45,3181,Critical
39.76,170,45,3139,Critical
38.01,130,94,2693,High
40.08,155,0,3146,Critical
38.09,137,95,2888,High
37.52,113,94,2249,Moderate
39.43,170,19,3107,Critical
39.93,161,44,3027,Critical
38.86,123,93,2594,High
38.45,133,95,2867,High
39.72,153,76,3158,Critical
38.66,127,93,2983,High
1.51,99,78,691,Normal
21.73,68,54,64,Normal
38.34,124,93,2628,High
22.43,77,61,544,Normal
37.92,108,94,2166,Moderate
39.29,157,12,3005,Critical
37.41,96,49,273,Normal
38.14,132,93,2626,High
38.48,124,95,2911,High
35.06,68,67,1177,Normal
2.7,61,29,187,Normal
39.41,161,10,3033,Critical
5.22,99,34,1785,Normal
37.84,119,94,2327,Moderate
38.28,128,93,2783,High
9.5,86,35,1540,Normal
39.8,159,26,3105,Critical
28.95,64,20,1718,Normal
39.43,145,69,3113,Critical
40.26,163,48,3184,Critical
29.22,64,86,1316,Normal
39.39,150,43,3106,Critical
38.88,131,95,2753,High
39.43,153,86,3072,Critical
39.05,165,8,3108,Critical
40.28,161,78,3180,Critical
38.07,134,95,2714,High
40.02,155,13,3177,Critical
39.14,153,48,3134,Critical
38.11,132,93,2708,High
40.5,158,65,3148,Critical
38.61,137,95,2811,High
21.86,72,73,487,Normal
37.92,105,94,2164,Moderate
38.95,127,95,2946,High
40.3,167,48,3064,Critical
38.06,133,95,2927,High
39.98,141,58,3001,Critical
38.78,126,94,2954,High
22.69,60,83,806,Normal
39.85,148,26,3118,Critical
29.53,72,58,991,Normal
39.91,151,75,3126,Critical
37.6,110,91,2119,Moderate
39.29,156,76,3046,Critical
38.42,124,95,2703,High
40.24,167,78,3179,Critical
37.56,118,92,2474,Moderate
1.14,81,49,461,Normal
37.67,104,94,2101,Moderate
38.1,122,94,2577,High
40.14,156,50,3150,Critical
37.85,101,91,2460,Moderate
40.2,141,32,3107,Critical
37.79,117,90,2400,Moderate
33.26,99,1,1249,Normal
38.57,127,93,2743,High
38.57,125,95,2863,High
39.6,162,73,3125,Critical
39.51,167,23,3106,Critical
9.73,98,64,1783,Normal
38.68,133,95,2604,High
37.9,113,93,2030,Moderate
39.14,143,69,3013,Critical
37.74,112,91,2380,Moderate
39.72,150,7,3141,Critical
37.73,120,92,2221,Moderate
0.49,79,33,509,Normal
22.12,64,27,598,Normal
38.59,133,93,2934,High
26.51,93,3,357,Normal
37.51,108,92,2391,Moderate
34.69,82,84,884,Normal
39.07,159,73,3066,Critical
37.58,114,90,2191,Moderate
40.39,155,66,3097,Critical
32.55,87,24,1501,Normal
40.35,164,74,3127,Critical
37.69,113,91,2138,Moderate
38.36,136,95,2666,High
38.73,140,94,2528,High
37.63,105,92,2347,Moderate
38.47,138,95,2617,High
8.37,98,53,512,Normal
40.42,165,7,3186,Critical
11.64,92,0,1112,Normal
37.74,110,93,2011,Moderate
40.32,167,59,3010,Critical
24.6,99,14,1725,Normal
27.62,81,76,1616,Normal
40.45,154,6,3031,Critical
37.99,115,93,2405,Moderate
24.15,75,42,596,Normal
37.85,119,90,2260,Moderate
38.28,129,95,2512,High
18.32,98,18,1702,Normal
39.33,142,16,3089,Critical
38.4,125,93,2874,High
37.87,111,90,2199,Moderate
38.08,135,94,2727,High
37.62,102,93,2196,Moderate
6.03,92,13,177,Normal
37.6,120,90,2089,Moderate
38.79,137,95,2936,High
38.65,127,95,2542,High
38.9,140,94,2952,High
15.36,78,31,1100,Normal
30.44,89,8,1857,Normal
38.67,121,95,2785,High
38.67,127,93,2502,High
39.26,146,10,3164,Critical
38.92,140,94,2531,High
39.37,146,74,3180,Critical
38.06,121,94,2913,High
38.31,136,95,2524,High
18.65,74,71,107,Normal
2.95,92,57,1013,Normal
38.23,128,94,2567,High
39.13,159,90,3170,Critical
37.76,110,93,2293,Moderate
27.73,68,59,504,Normal
38.81,140,94,2686,High
39.58,165,56,3017,Critical
37.62,108,91,2323,Moderate
38.74,135,94,2863,High
37.93,109,93,2146,Moderate
38.67,130,95,2980,High
39.95,142,62,3197,Critical
38.23,126,95,2659,High
13.96,89,43,826,Normal
40.39,145,45,3073,Critical
39.88,166,36,3077,Critical
26.06,74,34,1623,Normal
37.62,119,91,2056,Moderate
38.9,139,95,2755,High
18.22,89,25,979,Normal
39.36,160,16,3106,Critical
38.87,128,94,2700,High
39.51,145,11,3057,Critical
3.89,70,18,730,Normal
13.3,88,10,765,Normal
38.11,140,93,2642,High
40.35,162,89,3132,Critical
38.44,138,95,2634,High
37.74,112,93,2469,Moderate
40.29,162,88,3074,Critical
39.62,145,67,3180,Critical
38.11,138,93,2773,High
39.46,169,54,3096,Critical
38.27,126,93,2593,High
38.73,129,93,2666,High
38.9,140,95,2889,High
40.12,170,32,3055,Critical
37.76,110,90,2048,Moderate
39.47,161,72,3001,Critical
38.33,135,93,2930,High
37.7,117,93,2397,Moderate
38.27,121,94,2620,High
21.8,93,51,427,Normal
6.91,87,42,1664,Normal
40.11,151,63,3060,Critical
37.83,105,94,2428,Moderate
0.68,70,50,1053,Normal
37.6,118,93,2366,Moderate
7.48,64,4,1666,Normal
37.94,119,90,2464,Moderate
38.83,130,93,2623,High
35.58,80,11,1665,Normal
21.21,98,30,290,Normal
6.83,88,8,1184,Normal
2.1,96,21,1316,Normal
39.0,131,94,2702,High
39.74,150,37,3104,Critical
39.84,152,33,3037,Critical
38.92,133,95,2640,High
3.64,76,25,160,Normal
40.3,166,20,3166,Critical
38.6,123,94,2526,High
37.86,104,93,2232,Moderate
37.7,105,90,2010,Moderate
39.26,148,88,3163,Critical
2.61,77,25,754,Normal
38.5,124,93,2811,High
38.4,129,94,2513,High
40.48,158,59,3033,Critical
37.66,115,90,2101,Moderate
3.54,91,7,1183,Normal
37.69,102,94,2145,Moderate
39.48,167,74,3025,Critical
37.75,104,92,2206,Moderate
5.68,70,75,773,Normal
38.69,133,95,2586,High
37.8,106,90,2326,Moderate
28.82,62,39,572,Normal
38.26,133,93,2624,High
23.24,82,9,1747,Normal
38.48,138,94,2867,High
39.5,161,24,3177,Critical
40.38,149,34,3134,Critical
38.25,138,94,2630,High
20.68,66,20,1271,Normal
6.97,87,58,695,Normal
38.51,128,95,2940,High
39.3,151,19,3004,Critical
37.69,107,93,2359,Moderate
38.47,132,93,2653,High
37.72,108,92,2336,Moderate
39.04,163,48,3169,Critical
39.76,162,28,3068,Critical
38.53,136,94,2725,High
38.92,137,94,2840,High
4.91,78,19,1659,Normal
25.36,62,77,1637,Normal
39.81,153,52,3093,Critical
38.55,121,93,2672,High
37.62,115,90,2193,Moderate
37.97,108,92,2281,Moderate
37.78,118,90,2302,Moderate
38.02,138,95,2509,High
38.35,124,93,2806,High
19.66,82,26,657,Normal
38.69,123,93,2937,High
21.87,67,53,11,Normal
14.37,84,65,593,Normal
39.86,149,16,3022,Critical
38.71,135,94,2863,High
39.9,155,11,3146,Critical
37.95,102,91,2103,Moderate
20.75,76,18,975,Normal
38.68,130,94,2953,High
37.82,103,92,2072,Moderate
39.14,158,68,3104,Critical
37.76,113,94,2421,Moderate
39.26,159,57,3106,Critical
37.6,112,93,2230,Moderate
14.95,73,47,1480,Normal
38.94,129,93,2923,High
37.77,110,90,2351,Moderate
11.32,76,75,1557,Normal
39.24,166,4,3024,Critical
37.62,114,93,2172,Moderate
36.55,63,76,784,Normal
37.67,110,94,2321,Moderate
39.08,148,90,3098,Critical
39.44,163,49,3048,Critical
37.78,114,94,2423,Moderate
38.89,129,95,2632,High
37.95,112,93,2052,Moderate
38.8,128,94,2934,High
8.55,73,25,1609,Normal
40.43,153,67,3090,Critical
38.24,121,94,2679,High
34.0,85,33,383,Normal
37.65,111,90,2072,Moderate
40.32,154,19,3081,Critical
39.07,143,75,3111,Critical
1.25,85,16,208,Normal
39.18,143,32,3198,Critical
39.67,158,55,3142,Critical
37.8,106,90,2110,Moderate
33.42,74,56,41,Normal
26.89,70,1,1618,Normal
39.76,170,7,3047,Critical
38.99,122,94,2559,High
37.5,105,93,2157,Moderate
38.14,138,95,2768,High
22.07,97,4,1923,Normal
39.33,149,39,3172,Critical
5.68,83,23,661,Normal
26.41,72,8,1310,Normal
13.75,67,55,1457,Normal
37.61,101,93,2239,Moderate
39.36,159,35,3026,Critical
0.67,69,89,1423,Normal
39.17,159,15,3092,Critical
39.97,159,78,3166,Critical
37.55,117,94,2428,Moderate
0.83,67,45,284,Normal
37.5,119,94,2341,Moderate
38.29,135,94,2702,High
39.49,156,56,3152,Critical
38.49,125,93,2823,High
38.8,134,95,2976,High
38.41,138,93,2652,High
37.97,112,91,2166,Moderate
37.6,120,91,2104,Moderate
40.47,157,44,3024,Critical
32.17,79,59,1581,Normal
27.36,80,25,609,Normal
38.18,125,95,2586,High
38.68,134,94,2910,High
38.9,128,95,2525,High
37.76,114,92,2371,Moderate
38.61,137,94,2592,High
38.58,128,94,2927,High
38.13,131,94,2797,High
39.52,166,81,3154,Critical
40.11,163,1,3200,Critical
38.36,132,95,2981,High
39.91,149,67,3094,Critical
38.84,129,94,2501,High
40.08,150,37,3031,Critical
37.7,112,93,2188,Moderate
37.97,109,93,2381,Moderate
38.02,130,93,2941,High
5.43,95,65,145,Normal
37.72,119,90,2380,Moderate
39.7,153,2,3148,Critical
23.61,78,34,1258,Normal
40.23,141,59,3162,Critical
37.78,101,94,2444,Moderate
37.69,107,92,2419,Moderate
39.51,156,52,3088,Critical
30.9,93,13,1280,Normal
39.34,143,63,3185,Critical
37.99,111,92,2374,Moderate
39.23,150,16,3078,Critical
38.26,126,93,2907,High
5.64,81,29,171,Normal
26.6,92,90,3,Normal
38.86,125,93,2626,High
3.13,74,79,1522,Normal
9.01,66,24,201,Normal
38.51,124,95,2689,High
38.11,130,95,2890,High
38.61,124,93,2735,High
40.38,166,15,3034,Critical
38.49,128,93,2931,High
11.98,88,16,277,Normal
37.78,103,90,2014,Moderate
14.09,82,28,1165,Normal
27.95,84,32,293,Normal
37.59,102,94,2457,Moderate
38.23,129,95,2982,High
38.99,125,95,2937,High
38.7,138,93,2961,High
40.41,151,27,3199,Critical
39.2,170,16,3087,Critical
38.29,127,93,2796,High
37.57,104,90,2199,Moderate
37.57,116,93,2430,Moderate
40.36,141,89,3115,Critical
37.52,117,94,2264,Moderate
39.41,170,89,3110,Critical
40.28,160,31,3104,Critical
39.09,143,46,3093,Critical
24.34,86,60,464,Normal
39.18,143,85,3100,Critical
10.71,94,9,248,Normal
40.26,164,25,3017,Critical
39.69,147,17,3044,Critical
30.07,94,41,1752,Normal
39.15,166,47,3166,Critical
39.43,151,74,3002,Critical
38.91,126,95,2987,High
38.59,123,94,2953,High
39.8,159,76,3062,Critical
40.03,162,57,3092,Critical
37.91,105,91,2218,Moderate
27.84,83,70,532,Normal
38.22,139,95,2683,High
37.84,115,90,2486,Moderate
39.83,169,52,3195,Critical
39.89,160,52,3055,Critical
39.69,152,43,3142,Critical
38.73,140,94,2701,High
38.21,136,93,2685,High
11.25,73,82,1437,Normal
26.91,70,24,1365,Normal
37.59,102,91,2330,Moderate
38.34,129,93,2844,High
1.53,92,73,1893,Normal
37.52,106,91,2433,Moderate
40.39,170,37,3120,Critical
23.35,72,90,1698,Normal
2.36,61,12,1183,Normal
37.85,110,90,2226,Moderate
40.34,163,43,3004,Critical
25.81,68,35,305,Normal
38.84,136,95,2598,High
39.26,147,0,3058,Critical
39.95,164,24,3009,Critical
37.51,117,94,2495,Moderate
38.22,129,95,2620,High
40.48,163,0,3054,Critical
38.55,133,93,2607,High
37.99,118,92,2346,Moderate
21.3,96,24,1758,Normal
39.07,143,78,3055,Critical
37.77,117,92,2061,Moderate
38.74,125,93,2905,High
39.08,158,32,3018,Critical
38.56,129,95,2994,High
17.99,93,0,6,Normal
37.51,107,90,2433,Moderate
39.37,149,60,3197,Critical
39.27,162,53,3171,Critical
39.37,144,70,3119,Critical
6.15,95,74,785,Normal
38.65,124,94,2764,High
34.21,90,65,1539,Normal
1.08,63,57,603,Normal
22.11,60,43,1657,Normal
40.31,164,80,3094,Critical
7.05,97,63,1543,Normal
38.15,135,93,2508,High
37.95,101,94,2485,Moderate
39.84,141,22,3148,Critical
31.72,63,9,1229,Normal
37.81,101,91,2432,Moderate
37.71,109,92,2393,Moderate
37.99,116,91,2164,Moderate
39.73,146,5,3068,Critical
39.22,141,22,3106,Critical
39.69,166,5,3018,Critical
37.54,110,91,2152,Moderate
37.71,114,91,2094,Moderate
35.46,65,32,1457,Normal
37.79,114,92,2429,Moderate
39.21,146,16,3174,Critical
38.3,133,94,2964,High
38.91,136,95,2739,High
39.49,142,36,3028,Critical
38.21,130,94,2900,High
38.48,139,95,2774,High
37.97,109,91,2473,Moderate
39.0,132,95,2855,High
39.86,150,9,3071,Critical
38.34,125,93,2754,High
9.7,74,31,863,Normal
37.57,106,90,2471,Moderate
11.73,69,34,898,Normal
37.96,112,91,2001,Moderate
40.14,142,20,3168,Critical
38.87,130,95,2661,High
40.13,169,35,3067,Critical
14.03,65,10,1823,Normal
37.67,118,94,2307,Moderate
4.07,70,18,1030,Normal
38.65,121,95,2665,High
37.67,115,93,2328,Moderate
15.65,97,29,1095,Normal
38.44,136,95,2807,High
38.48,121,94,2823,High
37.59,112,93,2305,Moderate
37.89,103,91,2239,Moderate
38.63,137,94,2941,High
37.59,118,93,2176,Moderate
40.27,148,78,3192,Critical
38.37,140,93,2579,High
37.61,106,93,2417,Moderate
40.21,153,89,3198,Critical
2.73,82,21,219,Normal
37.99,107,92,2159,Moderate
38.95,133,94,2592,High
19.15,78,44,1240,Normal
39.84,145,64,3154,Critical
21.54,75,71,1983,Normal
27.06,94,16,409,Normal
5.51,82,66,1337,Normal
35.61,73,13,370,Normal
39.28,159,60,3097,Critical
37.94,102,90,2387,Moderate
28.16,82,35,812,Normal
8.5,66,53,896,Normal
37.93,110,93,2393,Moderate
37.78,114,94,2413,Moderate
38.32,123,95,2505,High
37.9,117,92,2434,Moderate
13.79,60,48,1117,Normal
18.43,82,50,18,Normal
37.66,105,94,2225,Moderate
15.17,80,19,594,Normal
37.73,116,94,2184,Moderate
38.31,125,93,2571,High
22.82,60,84,1117,Normal
40.16,170,48,3053,Critical
38.29,125,93,2723,High
38.93,128,94,2575,High
38.95,129,94,2862,High
40.48,152,15,3196,Critical
38.49,136,94,2919,High
39.33,155,70,3084,Critical
38.39,125,95,2703,High
38.56,131,95,2950,High
2.26,91,52,903,Normal
33.17,97,63,5,Normal
38.42,128,93,2628,High
39.05,153,6,3136,Critical
38.92,124,93,2526,High
38.19,136,93,2832,High
39.75,162,65,3019,Critical
37.84,103,92,2125,Moderate
38.09,134,93,2513,High
37.99,113,94,2080,Moderate
22.38,81,1,101,Normal
39.75,151,75,3023,Critical
40.37,147,36,3026,Critical
37.61,120,90,2007,Moderate
0.37,90,71,1036,Normal
39.86,164,64,3106,Critical
37.51,114,94,2400,Moderate
37.63,106,90,2418,Moderate
37.7,120,94,2394,Moderate
37.84,101,93,2339,Moderate
39.34,157,65,3021,Critical
39.88,161,6,3095,Critical
38.55,132,95,2552,High
37.99,105,94,2312,Moderate
2.79,100,27,1618,Normal
18.48,100,30,377,Normal
40.4,148,73,3078,Critical
25.12,94,63,1979,Normal
39.95,146,73,3169,Critical
39.06,152,20,3023,Critical
37.71,116,93,2275,Moderate
40.08,144,79,3167,Critical
38.71,131,95,2907,High
37.56,108,93,2116,Moderate
31.13,91,85,608,Normal
38.03,124,95,2547,High
8.13,85,32,1401,Normal
9.91,66,18,1800,Normal
40.44,153,51,3060,Critical
26.67,72,1,1432,Normal
37.69,118,91,2298,Moderate
39.34,156,70,3173,Critical
22.76,91,39,432,Normal
38.99,135,93,2763,High
40.29,166,79,3052,Critical
39.47,159,60,3131,Critical
38.89,137,93,2553,High
39.78,155,45,3165,Critical
38.4,138,95,2765,High
39.86,141,48,3010,Critical
40.24,152,89,3084,Critical
38.05,126,95,2537,High
37.88,115,90,2058,Moderate
37.83,104,92,2200,Moderate
38.11,139,94,2964,High
38.02,121,93,2845,High
38.58,128,95,2998,High
38.87,132,95,2539,High
11.69,70,1,1046,Normal
39.66,150,45,3028,Critical
38.48,139,94,2621,High
39.87,160,86,3037,Critical
38.59,125,95,2642,High
23.89,83,73,691,Normal
40.35,160,8,3146,Critical
1.11,90,59,1471,Normal
37.5,109,92,2124,Moderate
38.6,124,94,2829,High
1.89,89,34,1470,Normal
14.73,66,7,1525,Normal
19.81,78,82,1923,Normal
40.02,151,3,3072,Critical
25.06,60,37,1776,Normal
2.38,84,40,915,Normal
12.72,74,21,67,Normal
37.84,108,91,2209,Moderate
39.39,142,53,3060,Critical
39.42,162,50,3174,Critical
20.14,93,63,568,Normal
38.92,129,94,2769,High
40.0,160,74,3123,Critical
40.43,146,1,3098,Critical
38.43,124,94,2589,High
38.57,140,95,2968,High
40.16,147,55,3035,Critical
38.95,131,93,2516,High
15.35,63,33,183,Normal
38.04,122,94,2579,High
40.43,167,59,3018,Critical
37.56,103,90,2091,Moderate
39.08,163,17,3052,Critical
24.48,72,0,1343,Normal
37.62,114,93,2242,Moderate
37.9,105,92,2368,Moderate
38.42,123,93,2686,High
38.43,127,93,2930,High
40.42,149,75,3108,Critical
37.63,104,94,2087,Moderate
26.87,75,70,1130,Normal
38.11,133,93,2616,High
39.41,152,35,3003,Critical
37.63,105,94,2142,Moderate
37.89,111,94,2495,Moderate
33.6,73,82,1328,Normal
37.59,114,94,2422,Moderate
27.07,86,87,59,Normal
38.21,122,93,2706,High
39.36,148,73,3119,Critical
9.07,72,51,917,Normal
10.77,66,42,1270,Normal
39.75,166,68,3008,Critical
38.96,126,94,2956,High
39.13,166,40,3162,Critical
37.53,112,92,2035,Moderate
37.71,108,93,2155,Moderate
37.85,103,94,2335,Moderate
8.46,77,75,202,Normal
27.86,74,0,1927,Normal
40.17,142,20,3025,Critical
39.44,156,69,3047,Critical
37.81,102,90,2446,Moderate
13.19,82,44,1044,Normal
40.27,160,77,3066,Critical
39.21,169,79,3170,Critical
38.18,133,95,2955,High
39.84,161,58,3083,Critical
39.76,141,42,3173,Critical
37.81,119,94,2070,Moderate
37.73,102,94,2267,Moderate
39.94,166,62,3050,Critical
39.26,146,54,3138,Critical
37.76,103,94,2417,Moderate
39.02,160,13,3060,Critical
38.6,127,94,2512,High
37.85,106,90,2465,Moderate
39.27,142,36,3161,Critical
38.19,131,93,2738,High
37.6,102,92,2170,Moderate
38.46,126,94,2570,High
11.7,90,10,1461,Normal
37.85,112,91,2136,Moderate
23.22,96,11,621,Normal
39.11,167,64,3106,Critical
37.6,107,93,2099,Moderate
38.72,125,93,2947,High
19.35,97,23,241,Normal
38.94,134,94,2589,High
38.63,136,94,2792,High
38.62,130,95,2580,High
1.82,92,17,1784,Normal
23.81,70,59,633,Normal
38.07,127,94,2916,High
38.65,128,93,2765,High
40.04,161,49,3173,Critical
38.59,126,93,2506,High
12.31,76,65,1914,Normal
38.62,137,93,2894,High
29.52,83,82,1037,Normal
17.79,84,44,1220,Normal
25.2,64,26,1649,Normal
37.62,108,90,2477,Moderate
9.07,100,66,277,Normal
39.53,151,0,3026,Critical
39.32,170,86,3179,Critical
32.46,60,18,430,Normal
17.91,79,3,1754,Normal
21.13,79,8,1479,Normal
39.56,152,69,3054,Critical
38.42,125,94,2860,High
18.99,99,78,1856,Normal
38.56,133,94,2634,High
16.71,99,34,332,Normal
16.75,61,34,526,Normal
2.85,62,9,1013,Normal
39.07,170,12,3165,Critical
38.27,121,93,2936,High
38.66,139,94,2785,High
24.55,87,68,654,Normal
39.9,164,46,3086,Critical
39.01,165,59,3107,Critical
4.09,75,37,1342,Normal
37.85,112,90,2227,Moderate
37.78,106,93,2256,Moderate
7.04,62,37,1076,Normal
38.31,129,95,2884,High
37.57,105,91,2295,Moderate
38.15,134,94,2785,High
38.92,123,95,2700,High
39.83,155,23,3063,Critical
38.38,138,95,2793,High
39.06,162,81,3125,Critical
36.83,79,72,623,Normal
40.13,162,66,3035,Critical
20.27,67,21,473,Normal
7.21,91,25,573,Normal
14.03,89,28,450,Normal
37.78,110,90,2181,Moderate
38.17,128,95,2949,High
38.65,129,95,2681,High
38.03,133,95,2718,High
38.81,122,94,2722,High
37.67,104,94,2321,Moderate
38.43,123,95,2589,High
40.43,159,71,3003,Critical
37.63,115,91,2283,Moderate
29.05,69,90,352,Normal
37.82,108,90,2199,Moderate
40.1,147,41,3066,Critical
31.99,89,3,68,Normal
37.71,110,92,2281,Moderate
37.63,110,93,2373,Moderate
39.74,145,41,3058,Critical
37.62,120,92,2017,Moderate
37.81,115,91,2029,Moderate
37.59,105,91,2446,Moderate
37.72,106,92,2278,Moderate
40.15,152,67,3007,Critical
38.99,137,93,2673,High
14.98,79,32,1132,Normal
13.31,67,20,1857,Normal
38.3,122,93,2597,High
37.62,105,93,2369,Moderate
37.68,116,93,2172,Moderate
29.67,68,21,1325,Normal
38.3,124,93,2655,High
40.23,158,28,3101,Critical
37.93,101,94,2272,Moderate
37.72,113,90,2416,Moderate
39.9,161,37,3113,Critical
39.56,147,72,3156,Critical
40.16,156,2,3041,Critical
39.49,154,59,3070,Critical
39.31,166,39,3044,Critical
39.89,169,19,3165,Critical
39.77,151,23,3029,Critical
32.17,93,74,1193,Normal
37.91,111,90,2492,Moderate
15.77,96,39,1052,Normal
37.6,113,93,2366,Moderate
38.79,132,95,2955,High
37.68,107,92,2382,Moderate
39.34,150,12,3072,Critical
37.77,102,90,2296,Moderate
38.49,121,93,2651,High
38.6,135,94,2944,High
38.63,122,94,2631,High
40.44,169,70,3159,Critical
37.74,103,93,2184,Moderate
38.32,132,95,2514,High
19.55,88,21,1090,Normal
39.05,162,13,3090,Critical
40.12,162,24,3116,Critical
39.52,166,23,3009,Critical
38.05,127,95,2606,High
40.03,151,60,3035,Critical
39.33,151,87,3176,Critical
39.7,143,56,3129,Critical
11.68,75,46,1472,Normal
37.58,102,94,2364,Moderate
37.96,101,93,2136,Moderate
38.28,136,94,2591,High
37.92,102,92,2005,Moderate
38.29,128,93,2599,High
38.65,135,94,2542,High
1.45,67,69,1321,Normal
38.6,136,95,2721,High
37.53,114,93,2307,Moderate
16.47,72,83,1197,Normal
0.24,89,25,1680,Normal
39.98,154,13,3164,Critical
1.6,84,70,788,Normal
22.6,94,52,398,Normal
7.67,79,13,1715,Normal
38.41,126,94,2895,High
37.74,110,93,2099,Moderate
38.23,135,94,2645,High
37.57,102,94,2282,Moderate
39.79,153,50,3142,Critical
39.76,157,16,3035,Critical
40.24,165,8,3172,Critical
39.86,152,4,3152,Critical
37.78,112,90,2423,Moderate
40.07,156,86,3131,Critical
37.65,116,90,2155,Moderate
40.0,152,44,3112,Critical
37.61,103,90,2074,Moderate
38.83,127,93,2940,High
21.72,80,25,1376,Normal
39.22,148,57,3130,Critical
4.95,86,53,772,Normal
38.7,124,93,2920,High
38.53,138,94,2702,High
37.82,111,94,2480,Moderate
38.55,134,94,2992,High
40.03,143,89,3161,Critical
38.88,128,94,2983,High
37.81,108,93,2280,Moderate
39.31,169,31,3057,Critical
39.67,162,24,3063,Critical
35.72,68,6,953,Normal
37.64,120,94,2242,Moderate
38.44,129,95,2912,High
40.0,154,66,3031,Critical
40.06,155,49,3137,Critical
38.66,130,93,2850,High
17.89,78,2,1583,Normal
38.05,121,94,2832,High
37.55,108,90,2385,Moderate
38.79,127,95,2729,High
38.39,130,94,2532,High
39.82,156,87,3185,Critical
38.27,126,95,2706,High
40.43,145,34,3032,Critical
38.48,140,94,2715,High
40.2,143,29,3063,Critical
38.15,133,95,2837,High
33.24,65,56,820,Normal
22.2,71,90,449,Normal
11.55,69,62,926,Normal
40.3,150,71,3108,Critical
37.81,115,91,2359,Moderate
38.37,128,93,2609,High
38.28,138,94,2728,High
38.19,132,95,2824,High
37.61,119,94,2128,Moderate
40.31,158,22,3159,Critical
37.59,102,90,2118,Moderate
38.5,129,94,2988,High
13.99,75,78,1130,Normal
38.09,127,94,2722,High
39.78,161,11,3115,Critical
38.81,139,94,2706,High
37.63,113,92,2339,Moderate
39.35,150,42,3197,Critical
37.83,114,91,2376,Moderate
16.65,95,48,23,Normal
37.53,101,91,2058,Moderate
39.81,161,64,3115,Critical
15.88,67,74,1726,Normal
37.79,109,91,2405,Moderate
25.86,97,18,864,Normal
37.97,119,93,2451,Moderate
37.68,115,90,2296,Moderate
37.68,116,92,2213,Moderate
39.9,153,49,3042,Critical
30.94,88,10,1406,Normal
8.68,99,53,107,Normal
37.76,104,90,2036,Moderate
2.88,73,50,1591,Normal
29.3,61,66,1894,Normal
29.91,72,6,1628,Normal
37.33,93,78,815,Normal
38.85,138,95,2576,High
39.34,143,65,3147,Critical
38.48,129,95,2704,High
37.64,111,92,2061,Moderate
39.22,165,85,3142,Critical
37.87,119,94,2327,Moderate
38.39,133,93,2537,High
38.14,135,93,2701,High
38.98,128,95,2695,High
39.67,142,81,3113,Critical
38.83,129,94,2785,High
37.97,116,90,2205,Moderate
37.88,113,90,2239,Moderate
38.07,134,93,2631,High
21.93,65,68,1394,Normal
37.5,116,90,2088,Moderate
2.29,69,28,430,Normal
39.35,157,43,3187,Critical
37.84,107,90,2236,Moderate
40.01,162,24,3024,Critical
38.49,137,94,2662,High
37.76,109,91,2481,Moderate
39.7,145,50,3150,Critical
37.96,101,94,2379,Moderate
37.76,120,92,2474,Moderate
38.63,136,95,2701,High
38.06,123,94,2612,High
37.65,116,93,2005,Moderate
38.97,133,95,2633,High
39.17,166,61,3181,Critical
38.98,137,94,2700,High
35.78,82,17,1249,Normal
39.21,157,5,3032,Critical
37.79,120,94,2242,Moderate
37.73,119,92,2476,Moderate
38.19,137,95,2636,High
39.09,152,64,3183,Critical
38.88,126,95,2925,High
39.32,152,43,3154,Critical
38.5,140,94,2647,High
37.79,103,92,2053,Moderate
37.65,103,90,2269,Moderate
28.3,86,59,1158,Normal
39.05,159,80,3101,Critical
27.41,62,60,1561,Normal
40.26,160,80,3181,Critical
38.89,138,95,2975,High
23.71,60,82,665,Normal
37.63,112,93,2081,Moderate
40.45,150,35,3121,Critical
19.81,65,9,585,Normal
38.16,131,93,2812,High
37.96,106,91,2155,Moderate
38.88,123,95,2984,High
32.31,91,43,196,Normal
38.82,125,94,2579,High
38.07,136,94,2900,High
37.71,112,91,2139,Moderate
38.98,125,94,2698,High
37.68,113,90,2233,Moderate
37.92,117,94,2495,Moderate
3.95,86,87,1910,Normal
38.53,122,95,2502,High
39.52,160,23,3022,Critical
37.69,117,92,2203,Moderate
40.49,158,55,3054,Critical
40.15,158,27,3121,Critical
37.88,118,94,2035,Moderate
21.9,80,35,1678,Normal
39.36,144,85,3127,Critical
16.31,90,44,521,Normal
38.5,127,94,2884,High
38.65,133,95,2703,High
9.35,99,11,658,Normal
37.89,109,94,2305,Moderate
37.66,112,92,2043,Moderate
32.83,94,42,581,Normal
37.77,104,92,2328,Moderate
39.36,160,50,3099,Critical
38.29,123,94,2716,High
37.93,102,94,2090,Moderate
37.54,119,90,2484,Moderate
10.01,72,36,1323,Normal
38.05,125,94,2697,High
37.96,105,91,2162,Moderate
27.3,62,62,1722,Normal
39.28,167,47,3014,Critical
37.66,104,91,2176,Moderate
39.5,168,17,3157,Critical
39.01,152,2,3062,Critical
38.36,132,94,2974,High
33.78,92,34,143,Normal
40.24,142,83,3112,Critical
37.77,114,93,2424,Moderate
29.87,85,41,1985,Normal
37.57,110,94,2173,Moderate
39.95,153,32,3030,Critical
8.71,85,13,973,Normal
40.16,162,13,3168,Critical
39.47,148,26,3111,Critical
37.89,120,93,2243,Moderate
32.55,62,20,1283,Normal
39.16,143,45,3072,Critical
39.59,147,1,3067,Critical
39.49,154,47,3093,Critical
40.14,154,38,3021,Critical
39.92,156,83,3068,Critical
37.75,102,94,2046,Moderate
37.5,72,46,1709,Normal
38.52,122,94,2596,High
39.29,145,15,3182,Critical
39.18,144,56,3022,Critical
38.34,137,94,2922,High
10.16,75,8,955,Normal
37.92,114,90,2041,Moderate
37.79,110,92,2288,Moderate
38.93,128,93,2740,High
37.82,104,94,2193,Moderate
16.03,80,74,1878,Normal
37.76,102,91,2244,Moderate
37.51,106,93,2384,Moderate
37.64,106,93,2453,Moderate
37.68,109,94,2009,Moderate
27.41,65,36,700,Normal
17.29,97,12,95,Normal
39.59,158,75,3086,Critical
37.65,114,90,2053,Moderate
37.73,115,90,2261,Moderate
39.38,165,10,3055,Critical
15.28,86,39,129,Normal
35.12,71,48,1738,Normal
37.55,111,94,2363,Moderate
40.25,160,81,3190,Critical
39.19,152,81,3041,Critical
37.19,95,15,611,Normal
37.51,110,90,2002,Moderate
32.04,63,57,184,Normal
38.13,128,95,2855,High
38.84,128,95,2759,High
40.28,161,73,3118,Critical
37.84,110,91,2342,Moderate
37.96,105,90,2107,Moderate
39.36,154,16,3032,Critical
39.03,159,72,3035,Critical
39.14,152,10,3174,Critical
38.77,140,93,2624,High
37.81,113,93,2028,Moderate
38.36,139,95,2958,High
39.27,142,83,3173,Critical
38.18,130,93,2704,High
39.04,165,72,3188,Critical
40.38,141,47,3029,Critical
39.73,165,55,3069,Critical
11.82,74,44,493,Normal
37.55,101,90,2436,Moderate
39.08,142,80,3000,Critical
38.98,122,95,2977,High
38.75,124,95,2517,High
40.3,157,54,3092,Critical
35.36,90,90,273,Normal
37.74,116,94,2233,Moderate
33.42,100,45,1105,Normal
38.16,128,93,2926,High
28.09,84,49,933,Normal
18.86,65,74,1340,Normal
39.02,152,25,3180,Critical
38.48,133,93,2885,High
39.33,162,43,3012,Critical
37.71,101,91,2118,Moderate
37.65,111,90,2114,Moderate
12.8,67,24,1967,Normal
39.2,157,48,3027,Critical
39.77,166,13,3066,Critical
38.4,129,94,2740,High
40.22,157,21,3103,Critical
38.67,127,94,2577,High
37.9,101,92,2088,Moderate
23.57,74,20,1460,Normal
39.81,148,69,3017,Critical
38.5,124,95,2678,High
39.6,142,57,3122,Critical
37.99,117,94,2442,Moderate
6.51,73,89,697,Normal
29.93,60,0,1596,Normal
40.17,148,66,3062,Critical
23.96,73,63,417,Normal
24.07,81,90,825,Normal
32.77,63,36,714,Normal
20.13,68,60,549,Normal
38.54,123,95,2810,High
39.82,156,59,3121,Critical
39.07,144,75,3000,Critical
38.8,125,95,2768,High
25.69,76,36,1992,Normal
38.87,124,93,2662,High
40.48,154,41,3071,Critical
38.46,124,93,2664,High
39.05,151,34,3175,Critical
39.21,147,66,3152,Critical
14.38,96,69,653,Normal
39.6,150,40,3194,Critical
39.35,155,27,3181,Critical
22.55,74,53,1509,Normal
40.34,166,60,3069,Critical
37.54,107,90,2169,Moderate
37.71,111,94,2123,Moderate
38.83,135,93,2783,High
38.43,134,94,2847,High
38.41,134,95,2873,High
39.81,161,17,3125,Critical
2.8,63,46,1390,Normal
39.17,169,54,3067,Critical
6.74,92,19,1045,Normal
37.59,103,94,2047,Moderate
17.89,78,33,1344,Normal
39.89,167,49,3141,Critical
30.35,62,78,900,Normal
25.25,87,47,576,Normal
19.37,70,29,770,Normal
39.56,155,79,3152,Critical
7.51,82,54,975,Normal
37.59,109,94,2323,Moderate
22.17,73,7,1691,Normal
36.43,71,77,1634,Normal
39.28,170,71,3111,Critical
39.09,165,87,3149,Critical
39.38,146,82,3058,Critical
40.0,155,60,3091,Critical
37.61,109,91,2479,Moderate
40.05,147,70,3052,Critical
37.84,119,90,2345,Moderate
18.02,77,82,1000,Normal
37.67,114,90,2137,Moderate
39.28,166,28,3042,Critical
7.45,83,35,1154,Normal
40.3,143,42,3135,Critical
38.35,131,93,2860,High
38.0,129,95,2797,High
38.44,136,93,2823,High
8.3,61,7,1844,Normal
10.99,66,85,873,Normal
38.22,130,94,2759,High
37.88,116,94,2311,Moderate
38.61,135,93,2841,High
39.55,154,56,3149,Critical
37.83,104,91,2168,Moderate
38.46,132,93,2506,High
37.96,114,91,2221,Moderate
27.59,77,66,695,Normal
37.93,120,93,2487,Moderate
6.79,74,13,264,Normal
38.69,136,94,2527,High
37.63,103,92,2140,Moderate
37.81,106,90,2004,Moderate
38.66,124,94,2975,High
38.94,138,93,2734,High
5.19,89,49,1880,Normal
38.18,124,93,2753,High
37.66,117,91,2417,Moderate
39.57,170,77,3065,Critical
39.89,145,77,3058,Critical
38.47,136,94,2634,High
37.83,119,93,2255,Moderate
6.4,95,84,447,Normal
38.59,134,94,2851,High
39.1,146,18,3022,Critical
37.65,106,91,2450,Moderate
30.06,62,48,509,Normal
40.25,143,87,3140,Critical
39.79,141,13,3032,Critical
37.51,108,90,2470,Moderate
39.7,170,19,3053,Critical
38.73,131,95,2989,High
37.99,103,94,2498,Moderate
17.65,78,61,619,Normal
37.7,110,93,2393,Moderate
37.63,102,91,2231,Moderate
39.95,148,37,3092,Critical
38.29,132,95,2505,High
11.65,83,78,594,Normal
37.77,112,94,2472,Moderate
37.99,116,94,2188,Moderate
38.8,124,95,2515,High
38.26,125,93,2575,High
39.09,147,90,3054,Critical
11.61,65,31,1114,Normal
31.87,89,47,1767,Normal
37.84,117,91,2006,Moderate
40.5,145,72,3102,Critical
40.31,163,35,3161,Critical
38.33,125,93,2649,High
38.21,134,94,2768,High
38.06,137,94,2676,High
37.72,119,93,2222,Moderate
40.26,163,64,3022,Critical
33.67,98,40,1520,Normal
39.9,170,39,3174,Critical
38.92,134,95,2654,High
40.25,164,85,3185,Critical
37.88,110,91,2373,Moderate
16.12,74,42,472,Normal
39.71,158,7,3132,Critical
38.43,125,94,2699,High
8.09,97,7,780,Normal
36.13,73,90,813,Normal
34.78,90,11,1333,Normal
38.66,122,94,2792,High
39.38,154,82,3156,Critical
38.65,121,93,2863,High
38.73,127,95,2914,High
37.84,105,94,2012,Moderate
40.12,154,87,3189,Critical
38.95,137,94,2761,High
4.76,73,60,372,Normal
37.95,101,93,2411,Moderate
39.25,155,50,3063,Critical
37.71,108,92,2368,Moderate
38.16,126,93,2775,High
39.77,168,84,3049,Critical
37.93,117,93,2484,Moderate
21.81,89,83,1081,Normal
1.54,79,71,500,Normal
38.81,135,95,2991,High
38.62,136,95,2717,High
38.8,133,95,2901,High
37.88,108,91,2045,Moderate
38.61,123,94,2716,High
10.59,96,31,516,Normal
38.87,121,94,2703,High
38.97,138,95,2602,High
39.7,155,4,3179,Critical
37.6,102,93,2385,Moderate
37.68,104,92,2308,Moderate
37.93,111,90,2145,Moderate
38.49,128,93,2510,High
38.14,121,94,2740,High
39.79,170,24,3064,Critical
37.99,111,94,2207,Moderate
40.17,154,18,3153,Critical
38.95,136,93,2926,High
37.94,113,94,2242,Moderate
22.24,89,4,268,Normal
35.55,88,19,722,Normal
38.0,105,93,2066,Moderate
39.43,150,26,3096,Critical
38.13,123,95,2639,High
38.99,140,93,2827,High
38.11,140,95,2874,High
37.73,115,93,2130,Moderate
38.95,133,95,2525,High
38.81,140,95,2990,High
37.81,111,94,2425,Moderate
37.87,120,94,2281,Moderate
38.09,128,95,2831,High
40.02,162,13,3175,Critical
38.64,136,93,2938,High
9.8,71,49,601,Normal
39.04,160,21,3162,Critical
38.86,133,95,2685,High
38.13,123,95,2637,High
38.86,124,95,2699,High
38.16,124,93,2597,High
37.61,106,93,2014,Moderate
39.44,165,89,3187,Critical
37.65,105,94,2205,Moderate
37.76,115,90,2408,Moderate
37.78,114,93,2117,Moderate
37.87,110,93,2051,Moderate
24.1,61,39,45,Normal
37.53,106,91,2069,Moderate
39.95,154,63,3073,Critical
38.49,136,94,2753,High
37.74,115,91,2091,Moderate
38.02,123,95,2642,High
39.63,161,8,3017,Critical
37.83,114,92,2008,Moderate
38.26,123,95,2687,High
37.54,108,90,2222,Moderate
38.61,121,95,2736,High
39.48,160,21,3149,Critical
37.95,120,90,2304,Moderate
39.08,160,12,3038,Critical
37.62,108,94,2431,Moderate
38.08,126,95,2648,High
37.75,107,94,2482,Moderate
16.46,90,21,444,Normal
37.74,108,94,2247,Moderate
39.89,166,3,3051,Critical
37.74,116,91,2293,Moderate
37.56,107,90,2052,Moderate
38.7,140,94,2864,High
38.5,130,94,2528,High
40.07,141,83,3157,Critical
40.06,150,2,3130,Critical
37.73,115,93,2055,Moderate
37.8,101,90,2330,Moderate
14.84,91,34,1491,Normal
37.63,120,93,2147,Moderate
15.99,60,71,1339,Normal
39.37,147,73,3115,Critical
39.24,166,26,3070,Critical
39.99,169,51,3128,Critical
37.91,114,90,2462,Moderate
37.83,114,91,2074,Moderate
15.18,77,20,64,Normal
37.83,107,90,2216,Moderate
39.27,148,0,3105,Critical
40.11,165,89,3165,Critical
38.04,128,95,2938,High
38.66,122,93,2999,High
38.89,139,93,2779,High
17.79,84,68,1757,Normal
37.9,109,92,2478,Moderate
39.91,157,44,3054,Critical
38.32,140,93,2885,High
38.34,139,94,2641,High
39.19,148,3,3168,Critical
34.78,64,88,852,Normal
37.94,110,90,2008,Moderate
37.89,104,92,2033,Moderate
39.25,157,31,3152,Critical
40.05,168,17,3108,Critical
37.5,108,92,2412,Moderate
38.57,129,93,2931,High
37.51,103,90,2014,Moderate
37.65,107,91,2057,Moderate
12.3,72,85,1894,Normal
40.37,141,65,3172,Critical
38.52,140,95,2800,High
39.8,165,61,3183,Critical
16.86,86,76,854,Normal
10.12,95,77,1536,Normal
25.29,91,25,1242,Normal
37.87,110,91,2246,Moderate
39.86,144,32,3116,Critical
38.95,137,95,2531,High
38.85,138,93,2646,High
37.79,107,93,2230,Moderate
16.07,80,14,1723,Normal
38.75,122,94,2855,High
39.09,156,49,3178,Critical
37.89,120,93,2283,Moderate
38.4,130,95,2814,High
4.81,87,54,138,Normal
3.92,83,35,1995,Normal
39.55,142,2,3096,Critical
26.68,86,22,244,Normal
39.51,145,87,3005,Critical
17.43,90,61,1507,Normal
40.14,159,57,3081,Critical
38.45,121,93,2851,High
38.68,135,93,2708,High
37.52,103,92,2019,Moderate
37.57,103,92,2321,Moderate
38.2,140,94,2857,High
40.39,143,50,3127,Critical
37.59,101,92,2303,Moderate
39.57,143,56,3171,Critical
38.83,123,93,2817,High
37.71,110,91,2241,Moderate
37.75,119,90,2270,Moderate
37.52,109,94,2020,Moderate
4.18,70,0,720,Normal
37.74,114,94,2268,Moderate
39.38,142,38,3161,Critical
37.61,118,94,2317,Moderate
40.36,145,4,3196,Critical
2.19,84,22,1995,Normal
37.67,109,92,2436,Moderate
37.85,110,91,2138,Moderate
39.73,159,4,3156,Critical
37.56,111,91,2347,Moderate
39.21,164,85,3194,Critical
38.27,123,94,2622,High
37.97,117,92,2407,Moderate
28.37,76,36,1647,Normal
37.72,114,94,2400,Moderate
37.65,107,91,2348,Moderate
38.87,135,94,2772,High
37.98,117,91,2388,Moderate
22.8,97,19,569,Normal
33.66,82,49,1324,Normal
6.43,67,66,1591,Normal
37.94,111,90,2149,Moderate
37.78,108,90,2230,Moderate
15.41,98,23,1155,Normal
10.91,61,72,955,Normal
37.98,112,92,2124,Moderate
2.55,61,53,1309,Normal
40.06,161,67,3132,Critical
37.75,106,92,2090,Moderate
22.8,60,75,918,Normal
40.09,170,24,3195,Critical
39.23,164,42,3063,Critical
38.81,125,95,2656,High
29.48,70,4,400,Normal
24.4,72,89,200,Normal
38.43,122,93,2521,High
10.77,96,1,1588,Normal
35.02,74,25,486,Normal
30.95,89,21,422,Normal
37.99,114,92,2178,Moderate
39.14,167,33,3024,Critical
40.18,145,55,3200,Critical
2.89,71,62,421,Normal
23.89,100,35,1519,Normal
34.42,60,64,1189,Normal
38.16,134,95,2681,High
37.79,108,92,2488,Moderate
39.96,161,79,3043,Critical
11.54,65,61,43,Normal
5.63,100,86,602,Normal
40.1,157,65,3067,Critical
37.98,115,93,2289,Moderate
40.12,168,64,3016,Critical
39.37,158,86,3033,Critical
38.0,117,94,2470,Moderate
19.6,99,78,1844,Normal
38.73,137,94,2694,High
40.04,151,72,3103,Critical
39.42,170,4,3133,Critical
22.22,91,68,1638,Normal
37.58,119,92,2363,Moderate
40.08,152,58,3142,Critical
25.37,74,62,1940,Normal
37.87,104,90,2354,Moderate
39.83,164,39,3110,Critical
37.9,119,91,2463,Moderate
40.44,162,55,3119,Critical
37.96,114,94,2103,Moderate
13.49,88,12,1271,Normal
37.56,109,90,2384,Moderate
38.06,133,95,2931,High
37.89,110,94,2399,Moderate
22.92,87,9,1045,Normal
38.37,123,93,2913,High
38.93,133,94,2710,High
40.31,144,68,3146,Critical
38.35,135,94,2718,High
37.99,114,94,2036,Moderate
39.84,144,17,3101,Critical
38.28,130,93,2843,High
39.46,170,13,3052,Critical
8.11,79,16,1185,Normal
37.51,110,91,2399,Moderate
38.26,134,95,2956,High
39.37,141,15,3062,Critical
37.91,106,93,2159,Moderate
39.82,142,36,3113,Critical
38.61,123,95,2719,High
1.23,95,11,1920,Normal
19.17,89,64,161,Normal
38.69,126,93,2669,High
38.18,123,94,2606,High
37.65,103,94,2297,Moderate
37.64,113,93,2270,Moderate
40.24,164,80,3044,Critical
35.73,93,57,1185,Normal
5.17,85,24,1003,Normal
37.84,113,93,2404,Moderate
37.77,118,92,2410,Moderate
38.93,131,95,2905,High
1.68,93,41,1443,Normal
38.26,123,95,2809,High
3.44,89,12,822,Normal
38.73,123,93,2844,High
37.93,116,91,2323,Moderate
38.62,122,94,2817,High
34.13,68,27,257,Normal
37.85,118,91,2355,Moderate
3.65,78,49,1246,Normal
38.62,122,94,2963,High
25.95,69,64,1468,Normal
37.74,102,94,2244,Moderate
37.96,113,94,2498,Moderate
8.6,85,13,187,Normal
40.44,147,16,3143,Critical
37.69,113,90,2284,Moderate
5.99,76,30,686,Normal
0.45,80,72,1453,Normal
40.47,158,83,3100,Critical
37.55,107,91,2158,Moderate
38.42,136,93,2928,High
34.8,85,38,1073,Normal
38.88,140,95,2518,High
12.2,82,4,1062,Normal
38.84,140,95,2639,High
39.91,152,82,3054,Critical
37.82,106,92,2146,Moderate
38.95,124,94,2922,High
32.04,94,57,1509,Normal
25.66,81,76,1965,Normal
28.1,78,33,422,Normal
39.36,161,10,3045,Critical
8.17,61,2,1486,Normal
37.57,120,94,2370,Moderate
40.04,158,30,3021,Critical
39.0,133,95,2998,High
39.38,165,29,3059,Critical
25.17,66,20,785,Normal
12.88,68,3,1510,Normal
38.05,126,93,2581,High
39.82,162,81,3060,Critical
40.48,164,88,3197,Critical
35.63,98,38,1750,Normal
5.22,80,59,446,Normal
38.73,138,93,2738,High
39.39,167,0,3007,Critical
37.55,107,90,2040,Moderate
40.26,144,10,3026,Critical
40.23,159,41,3100,Critical
38.9,121,93,2785,High
37.91,110,91,2487,Moderate
0.39,78,53,318,Normal
40.32,143,55,3027,Critical
40.46,151,61,3031,Critical
37.78,102,90,2261,Moderate
38.11,138,95,2774,High
38.65,132,95,2941,High
38.54,134,93,2995,High
37.75,103,91,2392,Moderate
39.94,141,24,3147,Critical
38.76,126,95,2573,High
30.4,73,40,322,Normal
38.82,132,93,2543,High
40.17,156,69,3071,Critical
34.27,60,31,100,Normal
38.37,135,93,2548,High
18.28,82,73,1843,Normal
4.14,81,65,80,Normal
40.23,167,75,3154,Critical
38.61,135,95,2763,High
40.44,154,58,3070,Critical
37.65,109,90,2165,Moderate
2.51,69,72,294,Normal
37.61,107,92,2134,Moderate
16.19,82,51,1956,Normal
39.68,167,45,3025,Critical
37.98,106,93,2200,Moderate
17.31,94,60,1043,Normal
37.9,101,91,2422,Moderate
40.17,167,7,3064,Critical
39.53,164,82,3096,Critical
37.74,111,92,2166,Moderate
27.39,85,13,1453,Normal
37.96,101,93,2331,Moderate
32.28,93,22,501,Normal
8.14,75,46,175,Normal
9.74,65,87,1543,Normal
37.79,105,91,2402,Moderate
37.96,114,93,2377,Moderate
32.23,78,73,1454,Normal
38.56,135,95,2583,High
39.3,157,4,3053,Critical
37.68,117,91,2031,Moderate
32.4,98,3,543,Normal
40.38,149,58,3182,Critical
40.31,141,71,3142,Critical
38.47,138,95,2520,High
38.64,132,93,2735,High
40.09,157,81,3183,Critical
40.22,148,76,3124,Critical
36.8,61,59,366,Normal
15.11,84,77,1057,Normal
38.81,122,95,2603,High
38.17,127,94,2780,High
38.67,137,94,2559,High
21.82,90,47,763,Normal
39.34,160,73,3060,Critical
37.86,119,93,2202,Moderate
38.37,136,94,2622,High
1.31,99,89,121,Normal
21.82,73,29,862,Normal
39.87,146,23,3172,Critical
40.42,143,85,3076,Critical
37.99,105,90,2000,Moderate
38.71,121,93,2843,High
39.99,146,64,3062,Critical
24.31,89,63,1536,Normal
38.03,134,94,2590,High
37.77,118,92,2464,Moderate
37.5,103,90,2368,Moderate
39.44,159,61,3113,Critical
24.19,77,80,171,Normal
40.3,156,90,3145,Critical
40.3,151,36,3017,Critical
21.12,62,80,1091,Normal
39.45,159,36,3011,Critical
38.87,132,95,2529,High
38.38,126,93,2837,High
38.84,136,93,2873,High
37.88,101,91,2121,Moderate
38.74,139,95,2986,High
37.65,120,93,2380,Moderate
26.35,73,76,837,Normal
39.23,160,32,3069,Critical
38.75,134,94,2814,High
38.04,129,93,2695,High
40.23,155,31,3158,Critical
37.84,115,94,2100,Moderate
17.42,93,67,171,Normal
37.71,119,94,2122,Moderate
14.86,65,69,1586,Normal
9.84,100,3,1020,Normal
37.65,110,92,2246,Moderate
37.87,119,94,2231,Moderate
37.6,119,92,2139,Moderate
40.46,141,40,3144,Critical
38.83,134,95,2861,High
12.45,69,31,1996,Normal
38.79,131,93,2780,High
39.87,167,30,3169,Critical
39.68,159,54,3068,Critical
37.77,108,91,2150,Moderate
38.55,123,93,2542,High
40.08,168,2,3198,Critical
15.23,83,2,335,Normal
38.11,139,94,2529,High
37.71,108,93,2186,Moderate
38.91,124,93,2512,High
37.78,115,91,2457,Moderate
22.61,82,42,1823,Normal
28.68,60,90,751,Normal
40.02,158,17,3049,Critical
38.53,129,93,2645,High
11.39,69,47,657,Normal
39.08,147,11,3027,Critical
38.46,136,94,2847,High
38.16,121,94,2667,High
37.79,114,91,2253,Moderate
14.87,99,83,1942,Normal
38.74,132,94,2875,High
37.96,111,92,2447,Moderate
38.06,138,94,2500,High
39.56,144,22,3006,Critical
38.78,129,94,2782,High
37.72,107,91,2494,Moderate
38.07,125,94,2635,High
6.08,66,1,370,Normal
39.95,153,47,3178,Critical
38.47,121,95,2528,High
38.88,138,95,2540,High
38.16,125,95,2582,High
19.47,68,82,135,Normal
39.53,166,2,3020,Critical
38.88,138,95,2889,High
39.38,170,45,3040,Critical
28.45,61,35,626,Normal
28.09,75,27,1061,Normal
39.87,164,83,3049,Critical
5.79,71,67,1190,Normal
37.56,103,93,2436,Moderate
37.89,116,92,2023,Moderate
2.73,70,81,979,Normal
38.6,128,93,2979,High
40.06,165,38,3093,Critical
37.88,111,90,2057,Moderate
37.91,113,90,2276,Moderate
1.81,82,49,1416,Normal
38.94,128,93,2755,High
37.85,112,93,2370,Moderate
14.49,80,8,733,Normal
31.83,77,13,499,Normal
38.76,123,93,2618,High
6.04,91,26,876,Normal
37.86,116,94,2409,Moderate
37.59,115,94,2026,Moderate
37.91,105,92,2202,Moderate
1.35,77,6,818,Normal
38.17,139,95,2647,High
39.05,168,5,3188,Critical
9.31,67,75,341,Normal
37.91,112,92,2221,Moderate
38.3,131,95,2982,High
40.04,170,43,3095,Critical
37.71,105,92,2486,Moderate
40.12,157,71,3155,Critical
38.83,127,95,2816,High
40.47,168,64,3153,Critical
39.55,153,12,3005,Critical
38.11,132,95,2523,High
38.98,136,95,2671,High
39.18,154,83,3053,Critical
40.27,167,37,3086,Critical
39.66,153,63,3197,Critical
26.5,61,17,997,Normal
37.68,117,94,2069,Moderate
40.16,142,64,3177,Critical
2.0,74,48,1959,Normal
39.29,161,10,3200,Critical
37.91,109,93,2157,Moderate
37.92,118,93,2067,Moderate
37.73,105,93,2138,Moderate
40.23,159,16,3104,Critical
38.5,135,95,2800,High
39.64,166,25,3176,Critical
33.78,73,81,1505,Normal
37.86,104,92,2387,Moderate
40.17,163,36,3110,Critical
37.7,109,93,2060,Moderate
39.82,160,58,3112,Critical
30.68,100,7,1996,Normal
37.82,110,92,2417,Moderate
20.72,85,81,668,Normal
5.72,94,39,1507,Normal
38.86,134,93,2814,High
39.82,154,45,3027,Critical
34.49,99,16,664,Normal
40.15,167,79,3110,Critical
23.99,82,29,247,Normal
37.71,112,92,2047,Moderate
40.09,167,88,3042,Critical
38.09,137,93,2825,High
38.29,137,95,2838,High
38.64,133,95,2708,High
38.88,125,93,2852,High
40.23,141,36,3081,Critical
37.7,116,91,2225,Moderate
6.4,83,57,1091,Normal
38.3,132,94,2735,High
37.51,107,92,2196,Moderate
38.61,132,94,2938,High
38.78,121,93,2515,High
40.4,142,65,3166,Critical
37.83,112,94,2295,Moderate
37.56,119,90,2035,Moderate
26.98,69,20,1252,Normal
11.5,96,49,165,Normal
40.3,150,78,3080,Critical
39.18,147,23,3139,Critical
29.99,100,68,1602,Normal
37.81,115,92,2345,Moderate
38.72,128,93,2955,High
39.89,154,81,3085,Critical
37.75,120,90,2347,Moderate
8.58,67,24,575,Normal
29.11,82,75,1945,Normal
10.11,78,22,1626,Normal
37.59,103,93,2483,Moderate
39.35,155,84,3029,Critical
37.5,117,93,2214,Moderate
38.88,134,95,2821,High
37.94,112,93,2021,Moderate
38.69,136,95,2636,High
38.19,121,93,2611,High
39.03,155,22,3110,Critical
1.72,68,80,1429,Normal
37.58,103,93,2085,Moderate
40.47,164,90,3003,Critical
38.21,136,93,2575,High
33.96,76,31,1726,Normal
37.74,107,92,2409,Moderate
39.84,142,45,3025,Critical
37.63,114,93,2199,Moderate
40.23,148,54,3021,Critical
37.69,111,91,2263,Moderate
38.4,138,93,2868,High
37.9,114,91,2249,Moderate
17.63,66,45,41,Normal
7.24,91,87,86,Normal
8.56,86,26,546,Normal
0.05,85,89,1921,Normal
38.44,130,94,2642,High
37.75,102,94,2405,Moderate
40.11,159,58,3163,Critical
38.15,134,93,2788,High
37.89,107,94,2168,Moderate
39.74,155,3,3156,Critical
13.64,97,85,118,Normal
38.5,133,93,2663,High
15.45,97,71,378,Normal
38.09,137,94,2649,High
38.21,135,95,2633,High
38.96,130,94,2734,High
38.3,137,93,2840,High
37.72,103,90,2323,Moderate
37.82,106,91,2283,Moderate
39.63,163,14,3125,Critical
39.5,156,5,3067,Critical
37.69,102,91,2489,Moderate
38.66,138,93,2885,High
37.66,103,91,2373,Moderate
39.57,162,12,3188,Critical
37.64,113,93,2389,Moderate
40.47,165,26,3107,Critical
40.32,152,31,3024,Critical
38.37,140,95,2933,High
37.88,101,91,2340,Moderate
6.26,70,90,707,Normal
39.02,146,49,3136,Critical
22.3,70,34,695,Normal
37.19,85,7,907,Normal
33.45,77,24,1719,Normal
38.29,121,95,2939,High
39.7,154,67,3145,Critical
37.81,111,90,2073,Moderate
37.53,106,94,2007,Moderate
38.43,128,95,2546,High
38.62,122,93,2934,High
40.11,166,28,3089,Critical
39.32,151,42,3047,Critical
39.73,169,53,3181,Critical
40.44,153,41,3091,Critical
10.44,84,15,1381,Normal
39.77,146,18,3191,Critical
19.0,91,44,738,Normal
39.99,164,28,3075,Critical
38.25,127,95,2680,High
39.71,165,5,3150,Critical
38.87,130,93,2911,High
37.89,106,90,2172,Moderate
37.94,112,94,2214,Moderate
39.4,155,6,3043,Critical
38.88,135,93,2651,High
31.1,79,0,1869,Normal
38.27,127,95,2553,High
40.22,163,14,3027,Critical
0.76,64,83,1283,Normal
38.82,126,93,2859,High
38.28,126,93,2922,High
20.5,95,17,942,Normal
7.76,80,75,788,Normal
38.93,133,95,2974,High
37.58,114,94,2067,Moderate
37.81,109,92,2401,Moderate
27.85,75,20,1359,Normal
38.48,131,95,2998,High
39.69,146,39,3034,Critical
23.44,85,44,351,Normal
16.9,84,75,333,Normal
40.16,159,48,3150,Critical
3.3,67,18,895,Normal
40.14,144,18,3026,Critical
22.97,89,77,1379,Normal
39.31,151,79,3008,Critical
37.31,85,88,1301,Normal
37.99,108,92,2463,Moderate
37.87,103,90,2319,Moderate
40.45,164,86,3139,Critical
39.85,169,62,3083,Critical
39.29,159,78,3143,Critical
40.42,142,7,3080,Critical
24.64,66,41,657,Normal
14.81,77,6,1992,Normal
40.32,169,55,3047,Critical
37.68,119,90,2450,Moderate
37.55,102,94,2079,Moderate
11.72,67,69,1813,Normal
4.0,81,3,1043,Normal
38.07,132,93,2677,High
37.92,104,90,2210,Moderate
14.76,66,79,1464,Normal
38.35,133,95,2839,High
40.12,154,21,3045,Critical
38.98,133,95,2908,High
39.9,149,27,3045,Critical
37.74,112,93,2029,Moderate
37.87,111,91,2079,Moderate
38.45,139,94,2908,High
37.96,105,91,2024,Moderate
38.26,130,93,2786,High
37.92,108,92,2270,Moderate
38.68,136,95,2507,High
34.7,83,70,1102,Normal
39.48,151,69,3193,Critical
39.79,161,59,3002,Critical
39.76,163,83,3177,Critical
38.92,122,95,2540,High
10.82,95,33,11,Normal
38.75,137,93,2899,High
37.99,108,94,2227,Moderate
18.24,81,13,1775,Normal
38.96,131,93,2956,High
37.0,76,78,567,Normal
40.2,156,77,3016,Critical
40.39,157,60,3190,Critical
37.81,106,92,2329,Moderate
37.91,110,94,2158,Moderate
37.9,103,93,2070,Moderate
26.68,60,14,1906,Normal
39.89,144,83,3156,Critical
37.82,117,94,2273,Moderate
37.51,109,93,2055,Moderate
39.39,149,69,3119,Critical
16.3,61,58,1953,Normal
38.64,137,95,2742,High
7.56,98,47,772,Normal
38.97,124,95,2994,High
39.65,167,25,3024,Critical
37.65,119,94,2351,Moderate
22.47,98,51,1346,Normal
6.03,78,74,228,Normal
39.71,145,49,3089,Critical
11.31,88,20,779,Normal
1.79,67,1,979,Normal
37.8,115,92,2440,Moderate
37.59,103,90,2263,Moderate
18.42,82,83,686,Normal
38.38,127,94,2505,High
37.95,120,93,2238,Moderate
37.63,105,92,2454,Moderate
40.09,165,82,3143,Critical
39.17,141,85,3094,Critical
37.52,112,90,2312,Moderate
39.16,146,68,3139,Critical
37.8,114,94,2400,Moderate
22.79,72,77,625,Normal
25.4,100,42,1960,Normal
38.61,137,95,2710,High
37.53,112,93,2035,Moderate
3.12,86,7,25,Normal
40.35,143,59,3106,Critical
38.13,139,93,2820,High
37.65,103,90,2085,Moderate
37.85,119,94,2288,Moderate
38.96,140,95,2573,High
37.5,112,92,2332,Moderate
38.88,139,94,2546,High
5.23,73,61,841,Normal
37.94,104,93,2419,Moderate
37.82,107,91,2073,Moderate
40.35,170,44,3030,Critical
38.94,135,93,2869,High
33.65,92,22,1085,Normal
3.89,69,75,1922,Normal
39.94,168,68,3095,Critical
40.22,145,90,3095,Critical
38.0,129,94,2793,High
38.05,121,93,2759,High
37.85,114,92,2049,Moderate
33.88,72,13,527,Normal
37.9,109,94,2252,Moderate
37.84,112,92,2026,Moderate
37.88,114,91,2057,Moderate
38.45,123,94,2643,High
37.95,111,92,2199,Moderate
38.77,139,94,2713,High
2.42,99,83,407,Normal
38.45,131,95,2638,High
39.36,149,50,3067,Critical
39.35,153,38,3096,Critical
38.79,139,94,2866,High
39.49,163,31,3027,Critical
38.68,137,94,2872,High
23.32,89,74,1366,Normal
37.79,101,94,2328,Moderate
38.99,125,94,2981,High
39.85,148,27,3013,Critical
13.42,74,49,1588,Normal
14.32,67,16,1646,Normal
37.95,102,93,2044,Moderate
39.72,143,74,3055,Critical
40.41,165,37,3169,Critical
38.11,127,95,2805,High
20.64,79,83,1239,Normal
26.05,94,10,536,Normal
39.59,153,3,3032,Critical
38.44,128,94,2601,High
38.88,137,95,2953,High
37.84,103,90,2249,Moderate
22.05,90,42,383,Normal
38.29,122,95,2860,High
13.12,95,59,999,Normal
35.03,63,65,1039,Normal
37.58,104,92,2124,Moderate
40.09,146,4,3155,Critical
37.68,108,90,2302,Moderate
38.95,140,93,2636,High
39.01,170,72,3157,Critical
37.57,102,93,2492,Moderate
37.8,106,92,2158,Moderate
20.54,85,34,671,Normal
2.33,72,72,436,Normal
33.69,64,10,1644,Normal
37.79,118,94,2150,Moderate
38.01,123,93,2652,High
39.44,153,53,3030,Critical
27.95,62,88,962,Normal
39.82,155,45,3070,Critical
37.91,110,92,2159,Moderate
37.67,102,93,2425,Moderate
1.64,88,48,1102,Normal
37.56,120,91,2099,Moderate
20.66,72,55,319,Normal
38.46,135,95,2831,High
37.66,118,90,2123,Moderate
37.99,102,92,2243,Moderate
38.58,121,93,2670,High
39.9,165,29,3014,Critical
7.6,69,9,1284,Normal
39.78,150,63,3079,Critical
38.91,138,94,2670,High
39.98,154,65,3079,Critical
40.08,158,77,3147,Critical
39.35,159,66,3154,Critical
40.36,165,37,3010,Critical
0.97,93,60,1085,Normal
37.5,101,93,2494,Moderate
10.35,76,24,942,Normal
7.03,88,65,227,Normal
37.56,114,94,2040,Moderate
8.3,69,36,834,Normal
37.87,106,90,2380,Moderate
40.47,159,22,3042,Critical
39.14,167,51,3003,Critical
18.87,86,27,500,Normal
38.23,127,94,2728,High
38.53,130,95,2611,High
37.65,104,94,2003,Moderate
27.45,96,72,1993,Normal
37.51,103,93,2302,Moderate
37.6,108,91,2188,Moderate
37.62,104,93,2142,Moderate
37.65,111,94,2427,Moderate
38.85,132,93,2825,High
40.02,167,65,3018,Critical
39.34,166,73,3189,Critical
38.44,133,94,2827,High
38.0,124,94,2513,High
37.58,106,94,2425,Moderate
39.58,141,12,3155,Critical
26.35,74,77,111,Normal
39.78,141,66,3050,Critical
38.43,134,93,2856,High
38.72,132,94,2997,High
37.84,117,90,2358,Moderate
40.38,156,75,3099,Critical
40.4,147,49,3191,Critical
40.2,150,34,3118,Critical
37.56,101,91,2186,Moderate
37.55,103,90,2496,Moderate
37.73,119,93,2362,Moderate
7.03,60,25,270,Normal
34.93,81,69,1657,Normal
39.6,155,18,3054,Critical
38.58,122,93,2990,High
39.02,156,55,3022,Critical
36.97,86,18,1011,Normal
37.74,104,93,2053,Moderate
38.1,135,95,2623,High
38.15,130,94,2932,High
18.95,89,59,661,Normal
39.33,163,33,3105,Critical
1.69,72,70,846,Normal
39.76,145,11,3020,Critical
39.43,153,40,3110,Critical
3.63,98,14,1116,Normal
37.53,106,93,2473,Moderate
28.66,87,85,1141,Normal
32.65,65,30,427,Normal
37.67,113,90,2494,Moderate
37.92,106,94,2009,Moderate
37.61,112,94,2465,Moderate
37.58,109,93,2149,Moderate
38.3,122,94,2840,High
39.7,147,13,3084,Critical
37.77,108,91,2235,Moderate
37.84,105,91,2020,Moderate
39.61,145,5,3101,Critical
38.83,126,94,2598,High
40.38,163,17,3077,Critical
5.1,83,16,1739,Normal
34.45,60,52,1421,Normal
37.72,115,93,2012,Moderate
37.62,107,90,2323,Moderate
37.84,102,93,2226,Moderate
39.56,142,84,3088,Critical
39.11,150,23,3099,Critical
40.26,152,51,3118,Critical
37.89,115,90,2365,Moderate
40.1,156,29,3001,Critical
38.28,125,95,2900,High
37.73,107,91,2431,Moderate
39.91,163,59,3146,Critical
40.21,158,24,3039,Critical
38.67,130,94,2853,High
26.86,87,40,1129,Normal
39.84,159,31,3167,Critical
40.12,169,21,3002,Critical
40.4,165,28,3152,Critical
37.55,101,92,2283,Moderate
38.6,130,93,2987,High
38.14,124,94,2706,High
39.21,155,76,3165,Critical
40.3,145,8,3196,Critical
40.17,170,27,3164,Critical
39.97,148,32,3093,Critical
38.34,133,93,3000,High
40.23,164,84,3123,Critical
37.9,116,94,2368,Moderate
37.59,111,91,2220,Moderate
38.49,126,95,2803,High
38.93,133,93,2719,High
25.54,83,3,276,Normal
38.06,135,93,2570,High
37.83,102,93,2469,Moderate
39.71,163,82,3073,Critical
40.23,143,62,3190,Critical
38.71,128,95,2549,High
40.13,169,18,3035,Critical
39.11,154,9,3111,Critical
39.53,165,37,3129,Critical
38.85,125,94,2808,High
37.91,104,92,2185,Moderate
38.95,135,95,2983,High
39.68,169,12,3044,Critical
16.84,76,80,1223,Normal
21.72,80,28,1986,Normal
37.56,103,92,2332,Moderate
37.74,120,92,2377,Moderate
39.39,162,30,3049,Critical
38.0,137,94,2742,High
38.97,138,94,2527,High
38.66,131,94,2840,High
39.66,147,75,3200,Critical
38.94,127,93,2853,High
37.76,114,94,2124,Moderate
35.79,74,44,351,Normal
37.82,101,91,2092,Moderate
38.68,128,94,2592,High
40.49,168,90,3015,Critical
19.87,64,76,1649,Normal
23.18,80,23,1957,Normal
9.3,90,80,963,Normal
37.83,110,94,2427,Moderate
16.87,65,20,1150,Normal
37.37,94,48,735,Normal
38.39,123,95,2892,High
37.98,113,90,2452,Moderate
37.51,111,91,2080,Moderate
3.42,73,28,785,Normal
40.19,155,82,3071,Critical
38.86,135,95,3000,High
37.72,101,90,2351,Moderate
37.79,110,94,2449,Moderate
39.24,166,11,3129,Critical
38.24,130,93,2723,High
4.44,81,44,1488,Normal
38.26,134,95,2713,High
38.0,139,95,2528,High
38.01,123,93,2981,High
38.79,134,94,2642,High
29.91,69,66,1671,Normal
39.48,146,61,3014,Critical
39.68,161,61,3017,Critical
19.51,63,24,1488,Normal
39.93,158,23,3077,Critical
37.85,110,91,2103,Moderate
35.67,87,71,1774,Normal
39.26,161,73,3191,Critical
39.12,145,77,3038,Critical
8.39,62,84,599,Normal
39.88,146,30,3032,Critical
37.97,102,91,2323,Moderate
38.1,131,95,2837,High
37.6,111,90,2411,Moderate
38.38,133,93,2539,High
39.65,150,45,3166,Critical
25.83,60,27,793,Normal
37.99,107,93,2393,Moderate
6.48,75,81,83,Normal
38.75,129,93,2845,High
37.89,106,90,2007,Moderate
38.83,137,93,2714,High
39.95,157,37,3191,Critical
39.18,155,55,3118,Critical
39.32,152,54,3078,Critical
18.68,75,12,1179,Normal
4.28,92,35,1093,Normal
39.41,149,1,3002,Critical
17.51,93,24,1580,Normal
39.76,162,24,3107,Critical
38.73,123,95,2698,High
1.76,89,48,364,Normal
23.87,68,56,326,Normal
18.33,100,16,470,Normal
37.92,109,91,2274,Moderate
37.76,104,94,2307,Moderate
38.96,133,93,2915,High
38.23,130,94,2778,High
2.16,81,68,1341,Normal
37.57,115,94,2213,Moderate
8.7,64,89,1011,Normal
38.86,129,95,2880,High
37.69,118,91,2381,Moderate
37.93,108,94,2150,Moderate
33.94,85,46,1191,Normal
34.63,82,26,476,Normal
40.28,150,70,3057,Critical
37.96,112,94,2218,Moderate
40.46,143,37,3071,Critical
39.18,147,17,3108,Critical
37.98,117,91,2384,Moderate
38.0,117,91,2430,Moderate
37.86,105,90,2037,Moderate
38.81,130,94,2632,High
37.72,109,92,2021,Moderate
40.24,150,2,3017,Critical
38.37,125,95,2671,High
40.2,169,65,3094,Critical
40.18,149,59,3110,Critical
39.58,161,60,3156,Critical
39.45,166,57,3180,Critical
28.68,86,57,1493,Normal
16.3,97,52,535,Normal
39.17,143,8,3194,Critical
23.11,70,13,137,Normal
14.89,81,77,499,Normal
30.47,86,69,1530,Normal
37.76,102,93,2168,Moderate
39.32,148,32,3030,Critical
25.7,77,18,1058,Normal
38.43,123,95,2747,High
12.44,84,9,609,Normal
38.58,137,93,2665,High
38.79,127,94,2820,High
38.53,128,95,2598,High
37.73,108,94,2148,Moderate
37.84,106,92,2288,Moderate
37.82,110,94,2097,Moderate
39.8,167,18,3085,Critical
39.92,156,85,3186,Critical
38.62,132,93,2630,High
38.01,122,93,2636,High
37.74,104,92,2025,Moderate
38.69,140,95,2887,High
20.33,67,2,1840,Normal
37.73,116,94,2346,Moderate
40.2,163,71,3123,Critical
39.09,166,87,3125,Critical
39.45,141,60,3067,Critical
37.62,120,94,2263,Moderate
37.76,107,93,2286,Moderate
39.55,142,12,3050,Critical
38.9,134,93,2725,High
38.41,130,94,2519,High
37.82,110,92,2346,Moderate
37.78,107,92,2077,Moderate
39.51,156,49,3084,Critical
5.68,96,56,506,Normal
37.53,105,92,2262,Moderate
39.81,141,1,3032,Critical
40.39,152,45,3151,Critical
38.8,134,95,2920,High
37.74,106,90,2329,Moderate
28.23,98,34,1241,Normal
38.75,135,93,2616,High
38.44,125,95,2531,High
25.16,60,40,112,Normal
37.63,111,90,2158,Moderate
40.37,143,70,3108,Critical
37.85,108,90,2050,Moderate
37.89,104,92,2496,Moderate
13.34,85,27,51,Normal
23.58,73,15,533,Normal
40.32,170,36,3046,Critical
38.97,121,94,2560,High
37.66,117,90,2388,Moderate
37.65,117,90,2389,Moderate
15.65,83,31,912,Normal
38.43,124,93,2592,High
39.46,148,77,3086,Critical
37.85,119,90,2248,Moderate
30.05,74,21,312,Normal
40.04,160,89,3016,Critical
37.8,115,94,2148,Moderate
40.29,170,89,3131,Critical
19.95,96,73,588,Normal
39.77,155,56,3157,Critical
37.53,111,92,2269,Moderate
40.02,160,17,3184,Critical
38.64,135,95,2814,High
39.49,157,84,3055,Critical
37.57,115,92,2031,Moderate
37.64,107,90,2102,Moderate
39.45,170,76,3010,Critical
39.57,164,36,3149,Critical
40.38,164,75,3047,Critical
37.52,118,90,2497,Moderate
37.98,120,90,2316,Moderate
37.42,73,63,1635,Normal
37.11,78,74,1866,Normal
10.12,76,25,624,Normal
38.94,136,95,2651,High
40.02,155,17,3095,Critical
40.31,165,36,3182,Critical
7.91,60,69,1023,Normal
20.22,80,47,1215,Normal
21.04,87,19,30,Normal
38.71,125,94,2541,High
37.65,109,94,2252,Moderate
38.69,121,95,2875,High
14.17,87,89,1306,Normal
38.76,139,95,2629,High
38.6,122,95,2834,High
39.66,146,6,3169,Critical
37.6,109,94,2437,Moderate
39.74,144,50,3037,Critical
40.5,144,4,3122,Critical
2.97,93,2,1978,Normal
17.45,94,82,1081,Normal
38.82,126,94,2537,High
39.44,143,7,3066,Critical
37.89,105,93,2329,Moderate
39.6,166,80,3124,Critical
37.61,119,92,2428,Moderate
38.16,140,95,2951,High
38.07,134,95,2929,High
38.61,132,94,2953,High
37.68,106,94,2009,Moderate
38.35,139,95,2558,High
39.94,152,74,3041,Critical
14.31,82,20,1535,Normal
38.7,126,94,2910,High
2.57,90,28,882,Normal
24.12,76,37,499,Normal
38.58,124,93,2927,High
37.59,102,94,2011,Moderate
38.72,124,95,2624,High
0.23,86,85,1301,Normal
38.78,140,93,2542,High
36.18,73,67,1135,Normal
40.38,151,71,3038,Critical
37.88,106,92,2496,Moderate
38.9,121,93,2577,High
38.96,134,95,2653,High
38.26,137,93,2933,High
38.08,123,93,2712,High
39.43,147,32,3103,Critical
28.18,77,69,479,Normal
22.51,99,88,1882,Normal
37.62,111,94,2217,Moderate
30.03,96,0,1384,Normal
20.03,97,70,1204,Normal
32.44,96,22,1056,Normal
38.32,138,93,2751,High
38.1,135,94,2751,High
38.38,130,94,2683,High
37.99,117,93,2202,Moderate
29.0,82,38,1611,Normal
40.5,148,68,3155,Critical
40.49,160,28,3080,Critical
39.42,153,29,3128,Critical
39.99,160,89,3099,Critical
37.74,105,91,2379,Moderate
3.67,86,63,1903,Normal
5.15,73,87,550,Normal
39.5,167,89,3114,Critical
40.29,169,31,3141,Critical
37.97,109,90,2253,Moderate
39.14,152,51,3006,Critical
18.7,62,16,1223,Normal
19.95,91,32,1192,Normal
37.87,102,94,2141,Moderate
37.56,102,90,2142,Moderate
37.75,119,94,2193,Moderate
37.8,109,94,2227,Moderate
14.45,62,46,1261,Normal
37.54,107,93,2143,Moderate
39.49,150,83,3025,Critical
37.72,107,90,2069,Moderate
39.11,141,34,3142,Critical
37.64,120,91,2011,Moderate
38.32,130,94,2753,High
40.39,163,88,3045,Critical
37.97,117,92,2147,Moderate
38.27,138,93,2568,High
38.1,134,94,2674,High
30.67,88,14,1587,Normal
17.07,98,80,382,Normal
38.04,130,93,2978,High
17.12,95,11,775,Normal
37.9,117,94,2384,Moderate
40.1,167,25,3160,Critical
37.93,117,93,2351,Moderate
35.2,76,36,1809,Normal
37.9,107,92,2405,Moderate
37.79,104,93,2209,Moderate
27.97,97,80,1346,Normal
40.42,167,55,3180,Critical
39.5,142,16,3111,Critical
38.86,125,94,2980,High
38.54,130,93,2979,High
37.54,102,90,2435,Moderate
37.87,120,92,2396,Moderate
6.3,80,55,1009,Normal
8.7,64,34,1608,Normal
37.81,109,90,2247,Moderate
37.79,115,92,2265,Moderate
39.41,146,48,3173,Critical
37.83,112,90,2364,Moderate
39.82,164,21,3137,Critical
39.04,170,82,3113,Critical
34.83,72,38,1526,Normal
39.46,160,14,3015,Critical
37.81,106,94,2358,Moderate
40.15,166,86,3169,Critical
38.1,127,93,2966,High
38.93,131,94,2516,High
4.02,86,16,651,Normal
37.75,102,91,2158,Moderate
39.6,163,73,3156,Critical
19.23,90,2,1659,Normal
40.11,151,55,3081,Critical
13.23,65,25,1399,Normal
33.02,83,9,1512,Normal
8.19,90,46,1544,Normal
38.27,126,93,2528,High
38.79,124,93,2520,High
39.16,148,59,3191,Critical
1.3,70,68,619,Normal
40.41,169,12,3017,Critical
12.44,93,36,1127,Normal
39.89,163,82,3054,Critical
39.42,158,53,3111,Critical
37.63,112,92,2274,Moderate
39.0,164,19,3116,Critical
38.13,124,94,2536,High
39.04,163,19,3051,Critical
38.85,139,94,2804,High
37.63,103,91,2215,Moderate
37.66,112,92,2486,Moderate
40.01,164,48,3029,Critical
38.92,126,95,2896,High
37.12,70,8,1785,Normal
38.46,125,93,2985,High
37.96,116,94,2056,Moderate
14.91,98,34,1104,Normal
39.83,157,47,3013,Critical
38.51,132,94,2878,High
31.41,64,78,1466,Normal
38.7,140,93,2764,High
38.2,126,94,2843,High
37.95,120,94,2107,Moderate
7.54,73,6,1976,Normal
39.96,156,55,3103,Critical
23.27,96,48,142,Normal
37.98,114,93,2052,Moderate
37.56,111,94,2112,Moderate
28.1,66,45,1765,Normal
22.57,80,47,1858,Normal
39.29,164,26,3077,Critical
39.72,160,32,3097,Critical
20.47,90,33,581,Normal
38.59,130,93,2558,High
39.41,168,65,3196,Critical
37.82,115,91,2236,Moderate
39.26,141,83,3040,Critical
38.34,134,95,2994,High
39.91,150,14,3063,Critical
39.89,154,67,3154,Critical
37.62,113,93,2168,Moderate
38.44,130,93,2577,High
10.2,96,42,1286,Normal
38.36,138,93,2729,High
40.03,146,9,3109,Critical
15.01,77,39,574,Normal
39.54,170,3,3193,Critical
37.82,109,90,2234,Moderate
38.64,132,93,2518,High
38.37,129,93,2892,High
39.4,156,62,3176,Critical
37.77,101,94,2119,Moderate
22.93,82,19,1750,Normal
37.67,118,91,2114,Moderate
39.72,149,6,3044,Critical
23.75,63,27,1040,Normal
37.64,104,91,2149,Moderate
34.67,100,58,510,Normal
16.53,88,86,775,Normal
38.45,135,94,2549,High
39.23,166,66,3122,Critical
38.68,140,95,2923,High
38.55,135,95,2668,High
25.17,76,53,285,Normal
39.25,141,40,3076,Critical
10.95,94,64,1480,Normal
37.98,107,92,2358,Moderate
1.15,73,36,1094,Normal
40.24,147,27,3157,Critical
15.97,79,69,37,Normal
37.7,106,92,2225,Moderate
18.69,85,62,1428,Normal
38.44,131,94,2636,High
23.52,83,89,715,Normal
37.81,108,91,2500,Moderate
17.18,100,10,1378,Normal
2.65,80,40,439,Normal
38.72,122,95,2753,High
39.97,155,14,3079,Critical
39.03,158,39,3040,Critical
18.28,79,64,1360,Normal
37.88,119,90,2145,Moderate
37.72,119,93,2262,Moderate
31.44,95,52,112,Normal
27.24,80,35,1926,Normal
38.04,133,95,2537,High
22.14,65,66,994,Normal
38.34,126,93,2803,High
23.75,99,7,455,Normal
38.42,129,95,2769,High
40.26,152,39,3144,Critical
37.7,106,91,2417,Moderate
1.8,75,65,1607,Normal
37.56,112,91,2079,Moderate
37.92,119,92,2063,Moderate
38.35,136,93,2507,High
39.67,151,25,3117,Critical
17.41,66,87,1270,Normal
37.97,106,90,2108,Moderate
38.21,122,94,2735,High
37.73,103,90,2449,Moderate
38.07,137,94,2983,High
37.62,115,92,2301,Moderate
16.57,95,31,1717,Normal
38.21,133,95,2883,High
14.88,87,24,442,Normal
37.7,115,91,2345,Moderate
17.92,77,46,1633,Normal
19.36,89,33,207,Normal
37.83,119,90,2014,Moderate
4.87,65,84,1642,Normal
38.34,129,94,2747,High
37.91,120,94,2334,Moderate
39.83,167,81,3133,Critical
38.81,128,94,2937,High
39.17,150,18,3166,Critical
37.91,108,94,2030,Moderate
22.23,63,15,1178,Normal
35.05,60,68,1289,Normal
31.07,82,40,339,Normal
40.05,149,14,3010,Critical
39.18,154,26,3182,Critical
37.82,101,91,2444,Moderate
39.3,141,29,3131,Critical
39.38,157,81,3065,Critical
17.39,81,84,1715,Normal
39.77,158,25,3175,Critical
35.24,62,61,1170,Normal
38.07,128,95,2652,High
37.82,112,93,2433,Moderate
38.98,123,95,2558,High
37.96,103,92,2405,Moderate
40.43,166,85,3125,Critical
1.92,87,14,400,Normal
37.94,116,94,2375,Moderate
38.77,133,95,2766,High
37.58,103,93,2489,Moderate
39.57,155,3,3063,Critical
38.18,128,94,2959,High
3.11,61,32,554,Normal
20.9,81,73,1714,Normal
22.74,90,73,286,Normal
37.71,117,94,2159,Moderate
38.77,126,94,2648,High
12.82,79,21,733,Normal
39.77,163,75,3123,Critical
37.87,108,92,2062,Moderate
38.03,138,93,2886,High
26.91,96,72,1139,Normal
40.34,166,41,3182,Critical
39.08,154,30,3092,Critical
38.19,132,94,2966,High
38.18,138,93,2957,High
37.57,119,94,2470,Moderate
38.74,137,94,2889,High
37.99,104,91,2060,Moderate
38.32,128,94,2645,High
38.46,123,93,2711,High
19.55,92,21,81,Normal
37.69,103,92,2115,Moderate
37.86,103,94,2237,Moderate
38.52,123,94,2859,High
37.56,103,93,2468,Moderate
38.23,135,94,2613,High
40.05,154,42,3154,Critical
37.8,115,90,2497,Moderate
8.14,79,40,861,Normal
39.13,149,46,3198,Critical
16.47,69,0,1932,Normal
16.36,88,73,1572,Normal
38.66,124,94,2751,High
38.54,137,95,2638,High
10.09,72,26,332,Normal
37.74,115,90,2211,Moderate
29.93,94,86,709,Normal
17.77,79,33,1190,Normal
37.86,105,92,2040,Moderate
39.66,149,58,3152,Critical
9.75,93,2,701,Normal
37.73,109,92,2006,Moderate
37.79,107,92,2290,Moderate
40.27,163,82,3036,Critical
39.29,161,88,3123,Critical
20.71,81,43,956,Normal
3.63,92,80,1835,Normal
38.72,140,93,2644,High
38.6,128,94,2613,High
37.91,107,92,2035,Moderate
38.17,137,93,2867,High
37.98,107,91,2105,Moderate
37.89,108,91,2457,Moderate
38.96,134,94,2904,High
37.59,102,92,2112,Moderate
40.48,168,79,3119,Critical
37.93,111,90,2002,Moderate
38.36,138,93,2547,High
37.77,111,94,2156,Moderate
39.58,170,71,3039,Critical
37.68,101,93,2319,Moderate
37.74,115,92,2332,Moderate
40.2,144,7,3122,Critical
38.54,133,94,2890,High
37.51,107,90,2157,Moderate
1.53,79,33,676,Normal
39.48,150,50,3121,Critical
37.54,118,91,2405,Moderate
37.95,112,92,2124,Moderate
37.95,104,93,2316,Moderate
38.0,115,90,2464,Moderate
32.29,90,33,1113,Normal
40.49,148,54,3142,Critical
38.02,127,93,2750,High
32.52,96,5,747,Normal
40.45,158,28,3108,Critical
37.91,108,90,2335,Moderate
22.23,80,11,954,Normal
38.35,123,93,2764,High
37.67,115,94,2381,Moderate
11.52,84,22,1649,Normal
28.38,97,43,552,Normal
20.14,66,34,267,Normal
38.38,136,95,2517,High
38.97,135,94,2869,High
25.31,80,5,1859,Normal
22.06,68,48,1589,Normal
39.71,149,72,3001,Critical
20.32,83,42,1801,Normal
38.55,130,94,2747,High
33.64,79,23,246,Normal
37.88,115,92,2008,Moderate
38.53,124,93,2557,High
39.42,148,51,3180,Critical
21.62,75,84,1853,Normal
37.52,107,92,2173,Moderate
7.85,69,24,551,Normal
38.53,130,94,2549,High
39.05,151,64,3165,Critical
38.98,122,94,2778,High
12.55,88,56,93,Normal
37.61,112,90,2050,Moderate
39.66,143,75,3184,Critical
28.2,78,20,408,Normal
37.97,101,94,2216,Moderate
39.82,162,90,3084,Critical
37.59,119,90,2274,Moderate
37.61,104,92,2022,Moderate
6.8,85,27,480,Normal
39.17,143,15,3149,Critical
21.54,89,13,4,Normal
39.29,163,24,3042,Critical
37.52,104,92,2346,Moderate
39.65,168,59,3058,Critical
37.62,120,90,2258,Moderate
38.41,140,93,2972,High
39.06,144,38,3005,Critical
39.69,157,25,3012,Critical
37.69,115,92,2095,Moderate
39.33,148,6,3098,Critical
37.74,106,93,2160,Moderate
39.88,145,44,3117,Critical
25.0,78,37,385,Normal
27.78,93,31,367,Normal
38.36,135,95,2655,High
14.63,83,36,1080,Normal
38.63,140,95,2861,High
1.22,91,34,396,Normal
26.18,65,37,900,Normal
29.96,78,0,942,Normal
37.74,107,92,2100,Moderate
38.33,121,95,2847,High
38.42,128,94,2653,High
37.6,113,91,2053,Moderate
38.59,140,93,2739,High
38.65,133,95,2713,High
40.12,161,11,3172,Critical
39.88,145,75,3166,Critical
37.73,119,90,2291,Moderate
40.21,157,14,3076,Critical
4.12,62,31,1943,Normal
35.04,89,70,281,Normal
37.52,101,92,2465,Moderate
38.69,131,95,2693,High
40.45,157,81,3052,Critical
37.86,114,93,2192,Moderate
37.99,107,90,2069,Moderate
32.33,67,6,1443,Normal
12.34,90,2,1354,Normal
38.86,123,93,2893,High
20.57,75,9,750,Normal
39.79,148,2,3010,Critical
37.83,117,92,2115,Moderate
39.19,157,88,3073,Critical
39.96,152,9,3169,Critical
39.39,151,36,3156,Critical
26.88,69,79,226,Normal
39.07,157,45,3027,Critical
37.53,120,91,2297,Moderate
23.39,78,13,1495,Normal
37.53,117,94,2328,Moderate
13.58,95,66,922,Normal
38.21,130,95,2695,High
38.23,140,95,2874,High
38.13,130,94,2554,High
6.63,84,22,1755,Normal
17.72,82,90,141,Normal
38.93,140,95,2691,High
39.51,160,63,3193,Critical
39.1,168,43,3134,Critical
38.04,137,95,2680,High
39.55,153,79,3154,Critical
38.94,129,95,2882,High
39.1,145,5,3005,Critical
37.53,109,90,2409,Moderate
37.85,109,92,2398,Moderate
37.95,113,91,2477,Moderate
38.95,136,93,2981,High
38.71,133,95,2568,High
12.0,63,72,187,Normal
37.93,111,92,2229,Moderate
10.54,96,86,1557,Normal
0.05,74,80,111,Normal
5.6,66,13,888,Normal
28.32,99,67,60,Normal
37.99,118,91,2090,Moderate
37.85,118,91,2133,Moderate
38.46,139,93,2953,High
11.62,79,90,59,Normal
19.51,75,13,1969,Normal
34.93,65,15,174,Normal
39.3,164,78,3076,Critical
38.47,131,94,2552,High
37.57,105,90,2329,Moderate
3.11,80,28,418,Normal
39.52,166,71,3004,Critical
39.04,159,51,3182,Critical
30.66,68,47,874,Normal
23.08,60,24,830,Normal
40.12,170,38,3149,Critical
39.44,155,43,3118,Critical
37.92,109,92,2225,Moderate
30.33,71,87,1298,Normal
37.66,112,93,2180,Moderate
37.62,102,91,2060,Moderate
38.31,124,93,2872,High
39.27,159,13,3102,Critical
33.84,90,8,110,Normal
27.52,88,29,1991,Normal
6.39,98,4,1619,Normal
4.81,72,30,538,Normal
40.28,151,75,3121,Critical
39.15,159,66,3182,Critical
40.2,147,17,3182,Critical
38.79,139,93,2963,High
38.09,133,95,2818,High
38.05,124,94,2763,High
12.33,98,9,1811,Normal
38.43,138,95,2520,High
38.35,127,94,2572,High
38.61,133,95,2570,High
37.95,109,94,2170,Moderate
7.48,98,81,566,Normal
39.31,162,77,3110,Critical
39.08,156,83,3144,Critical
39.29,149,63,3101,Critical
22.69,78,7,1603,Normal
39.77,154,1,3065,Critical
37.9,120,91,2077,Moderate
38.02,128,95,2547,High
39.95,145,44,3092,Critical
37.54,112,90,2138,Moderate
33.84,73,65,1450,Normal
37.72,113,90,2098,Moderate
38.45,125,93,2685,High
39.5,169,85,3094,Critical
37.76,120,92,2442,Moderate
38.66,131,94,2746,High
39.77,148,51,3125,Critical
37.83,106,90,2029,Moderate
38.56,126,93,2745,High
39.07,147,48,3155,Critical
33.17,88,38,1671,Normal
39.92,153,31,3157,Critical
39.55,164,6,3099,Critical
38.12,131,93,2917,High
38.81,121,95,2647,High
37.68,108,93,2138,Moderate
37.81,112,93,2184,Moderate
40.43,151,49,3199,Critical
38.54,136,93,2808,High
37.99,116,90,2148,Moderate
12.8,71,46,159,Normal
39.59,159,31,3058,Critical
40.37,155,37,3141,Critical
36.76,74,89,699,Normal
37.74,101,90,2134,Moderate
39.26,142,4,3146,Critical
7.72,94,36,572,Normal
38.74,133,95,2547,High
37.98,105,90,2137,Moderate
36.32,89,79,76,Normal
38.67,138,95,2635,High
37.55,118,93,2410,Moderate
38.46,128,93,2881,High
16.43,78,48,155,Normal
26.6,85,71,1052,Normal
38.9,130,93,2626,High
40.15,156,18,3030,Critical
11.19,61,40,1080,Normal
38.35,136,93,2981,High
37.66,115,91,2493,Moderate
38.79,125,95,2748,High
37.99,110,91,2483,Moderate
22.67,76,88,1871,Normal
38.2,125,93,2721,High
37.83,106,94,2183,Moderate
37.91,107,91,2283,Moderate
38.18,122,93,2710,High
37.57,118,93,2057,Moderate
40.12,143,60,3107,Critical
17.49,62,63,883,Normal
38.31,131,94,2961,High
37.54,120,91,2451,Moderate
9.91,61,32,1592,Normal
37.28,97,66,77,Normal
38.59,140,94,2706,High
37.91,119,91,2252,Moderate
20.17,85,40,1165,Normal
38.09,131,94,2500,High
38.51,137,93,2983,High
38.21,123,93,2807,High
38.89,139,93,2806,High
37.51,114,90,2264,Moderate
10.02,74,90,1274,Normal
38.01,139,94,2734,High
37.61,108,91,2397,Moderate
39.29,167,2,3095,Critical
37.75,120,93,2226,Moderate
37.75,113,93,2391,Moderate
37.82,101,91,2316,Moderate
37.97,111,94,2420,Moderate
18.52,95,54,1146,Normal
40.47,149,56,3181,Critical
37.5,118,91,2476,Moderate
38.23,128,93,2860,High
12.54,60,89,595,Normal
37.84,110,94,2107,Moderate
39.39,148,3,3032,Critical
37.88,109,91,2150,Moderate
37.82,107,92,2306,Moderate
37.68,112,92,2408,Moderate
37.58,105,93,2037,Moderate
39.64,152,21,3150,Critical
38.55,127,94,2558,High
39.62,147,43,3040,Critical
38.61,130,94,2754,High
37.72,101,94,2366,Moderate
39.82,158,85,3125,Critical
38.55,126,93,2713,High
39.21,161,77,3091,Critical
39.37,167,85,3071,Critical
1.72,93,40,1030,Normal
37.95,105,91,2349,Moderate
14.73,69,20,1426,Normal
37.64,108,90,2384,Moderate
37.89,117,94,2031,Moderate
39.38,151,17,3061,Critical
37.86,113,93,2342,Moderate
11.04,76,24,204,Normal
38.17,126,94,2591,High
38.95,124,94,2710,High
34.68,74,38,1078,Normal
37.77,117,91,2158,Moderate
37.85,113,93,2356,Moderate
38.36,121,94,2618,High
37.99,111,92,2076,Moderate
38.13,138,95,2754,High
6.75,85,85,457,Normal
38.88,128,93,2517,High
32.32,64,11,1720,Normal
38.07,128,94,2787,High
14.46,76,15,1051,Normal
40.22,163,68,3075,Critical
37.59,103,92,2243,Moderate
38.45,134,93,2861,High
38.18,134,94,2848,High
9.19,74,4,1045,Normal
40.42,157,37,3126,Critical
40.03,147,4,3045,Critical
39.32,143,74,3099,Critical
39.3,155,48,3016,Critical
23.39,89,40,976,Normal
40.01,168,20,3184,Critical
38.49,135,93,2589,High
39.82,162,41,3110,Critical
39.46,155,63,3191,Critical
38.12,129,95,2510,High
40.06,152,55,3160,Critical
38.2,129,93,2719,High
23.88,86,0,757,Normal
38.1,125,93,2846,High
39.04,143,48,3103,Critical
37.99,117,91,2080,Moderate
37.9,116,92,2002,Moderate
37.92,115,92,2077,Moderate
37.99,112,92,2268,Moderate
38.72,140,95,2992,High
37.99,119,91,2191,Moderate
37.76,108,91,2089,Moderate
37.75,102,92,2340,Moderate
38.79,133,95,2828,High
38.28,140,94,2525,High
38.77,135,95,2509,High
6.82,81,2,3,Normal
38.22,130,95,2852,High
12.02,65,2,214,Normal
21.19,100,77,592,Normal
38.71,132,93,2595,High
37.71,117,93,2305,Moderate
38.96,130,95,2969,High
39.26,165,82,3039,Critical
38.28,123,94,2792,High
37.96,111,93,2248,Moderate
17.14,78,26,1610,Normal
33.74,98,49,778,Normal
39.14,168,46,3116,Critical
38.06,130,95,2500,High
39.27,146,89,3043,Critical
38.68,140,93,2844,High
13.89,80,6,1191,Normal
37.74,107,94,2284,Moderate
37.7,114,91,2248,Moderate
37.72,118,94,2391,Moderate
37.91,108,92,2367,Moderate
16.94,92,28,121,Normal
37.56,110,91,2423,Moderate
37.48,88,60,1872,Normal
37.79,119,91,2075,Moderate
37.98,103,91,2292,Moderate
37.89,109,91,2208,Moderate
39.78,145,7,3052,Critical
37.9,103,94,2474,Moderate
37.8,114,92,2069,Moderate
37.93,113,94,2157,Moderate
39.25,142,37,3125,Critical
39.09,151,40,3153,Critical
38.96,122,93,2862,High
37.92,117,90,2368,Moderate
9.54,100,28,1790,Normal
11.74,64,71,285,Normal
16.93,70,5,665,Normal
2.41,88,53,111,Normal
37.99,115,90,2361,Moderate
39.86,154,18,3043,Critical
39.74,166,68,3029,Critical
36.62,94,66,533,Normal
40.06,142,52,3154,Critical
37.63,104,92,2121,Moderate
38.88,132,95,2747,High
39.24,150,23,3065,Critical
37.53,116,93,2324,Moderate
38.75,138,93,2747,High
39.61,148,29,3107,Critical
40.22,156,8,3002,Critical
39.31,168,62,3010,Critical
37.8,120,91,2055,Moderate
5.15,74,58,1097,Normal
37.61,106,91,2127,Moderate
13.54,87,72,1107,Normal
39.51,161,2,3170,Critical
33.76,61,79,1775,Normal
20.87,69,2,329,Normal
5.19,73,31,1859,Normal
38.34,128,95,2614,High
38.96,122,93,2603,High
38.37,138,93,2561,High
39.11,166,54,3002,Critical
37.57,112,92,2427,Moderate
37.79,110,94,2488,Moderate
36.04,100,41,1756,Normal
37.55,108,90,2099,Moderate
32.16,93,19,486,Normal
38.73,121,95,2578,High
39.55,154,17,3136,Critical
17.25,81,39,943,Normal
25.06,65,67,906,Normal
37.91,111,92,2466,Moderate
38.99,131,95,2844,High
38.21,137,95,2727,High
40.05,149,2,3002,Critical
39.5,149,83,3131,Critical
37.71,109,92,2301,Moderate
3.66,98,46,1957,Normal
37.58,118,93,2458,Moderate
37.71,111,94,2367,Moderate
37.91,111,93,2201,Moderate
39.03,158,7,3032,Critical
31.45,78,79,1894,Normal
37.7,112,92,2452,Moderate
38.13,128,94,2527,High
33.28,66,2,1935,Normal
37.6,105,94,2052,Moderate
37.97,115,93,2334,Moderate
6.75,84,87,1799,Normal
24.37,65,20,1324,Normal
28.21,63,23,1671,Normal
38.85,138,93,2974,High
37.75,119,93,2335,Moderate
33.2,71,90,672,Normal
37.63,112,90,2057,Moderate
39.48,169,0,3181,Critical
37.51,104,93,2081,Moderate
40.27,149,29,3138,Critical
38.18,135,93,2673,High
37.66,113,94,2465,Moderate
10.86,91,38,467,Normal
37.89,102,93,2471,Moderate
15.25,97,44,522,Normal
40.08,160,58,3051,Critical
37.64,117,93,2199,Moderate
39.29,167,11,3178,Critical
38.59,122,93,2830,High
20.39,79,89,642,Normal
38.67,124,94,2988,High
39.04,166,1,3061,Critical
38.52,136,94,2595,High
37.92,102,92,2473,Moderate
4.06,95,65,1246,Normal
39.11,143,56,3049,Critical
38.81,127,93,2698,High
37.79,102,93,2119,Moderate
37.64,110,90,2450,Moderate
35.53,70,48,244,Normal
39.9,144,43,3019,Critical
40.29,148,30,3144,Critical
38.16,126,95,2551,High
39.74,153,12,3069,Critical
17.07,69,31,4,Normal
38.84,134,94,2649,High
37.59,101,92,2328,Moderate
39.1,152,19,3030,Critical
38.23,136,95,2753,High
39.01,164,23,3151,Critical
39.29,149,31,3146,Critical
40.17,162,88,3020,Critical
40.29,167,40,3030,Critical
28.3,73,57,326,Normal
40.0,146,73,3033,Critical
2.46,85,50,257,Normal
39.1,156,71,3025,Critical
38.99,125,95,2848,High
37.99,104,94,2099,Moderate
39.06,161,78,3069,Critical
40.45,148,2,3118,Critical
18.01,72,72,622,Normal
10.19,81,19,1277,Normal
37.69,120,92,2219,Moderate
39.12,164,60,3106,Critical
40.07,153,24,3015,Critical
37.68,119,90,2184,Moderate
40.25,164,8,3102,Critical
38.29,140,95,2743,High
38.72,137,95,2546,High
37.56,114,93,2234,Moderate
40.16,150,87,3188,Critical
37.55,111,90,2467,Moderate
38.48,124,95,2565,High
38.98,129,94,2801,High
39.01,156,73,3096,Critical
40.14,155,74,3164,Critical
39.34,170,89,3135,Critical
38.79,122,94,2917,High
40.37,161,16,3072,Critical
38.19,138,95,2780,High
39.31,170,73,3189,Critical
38.5,135,95,2989,High
38.32,125,94,2655,High
39.4,156,33,3015,Critical
40.49,147,43,3054,Critical
40.21,148,42,3171,Critical
38.38,124,95,2990,High
39.76,169,13,3175,Critical
7.55,60,22,1635,Normal
37.61,118,91,2460,Moderate
37.9,117,94,2484,Moderate
37.88,103,93,2070,Moderate
3.42,85,90,1167,Normal
38.4,126,93,2676,High
38.2,126,94,2900,High
40.27,165,70,3099,Critical
39.48,162,41,3171,Critical
39.64,146,31,3150,Critical
35.45,61,2,1029,Normal
38.75,131,95,2784,High
37.53,110,91,2192,Moderate
39.22,161,79,3079,Critical
40.4,161,75,3056,Critical
38.35,126,95,2663,High
39.36,170,64,3055,Critical
38.14,124,95,2737,High
39.85,148,47,3077,Critical
33.22,80,64,1481,Normal
40.06,143,28,3199,Critical
38.09,138,95,2520,High
31.52,71,28,931,Normal
37.83,119,94,2054,Moderate
4.44,99,13,1238,Normal
37.57,116,90,2211,Moderate
38.8,124,93,2560,High
37.51,115,93,2338,Moderate
10.57,69,40,1591,Normal
36.96,89,22,1223,Normal
39.94,152,43,3089,Critical
37.78,114,90,2074,Moderate
39.78,148,24,3192,Critical
10.31,91,42,343,Normal
40.15,163,21,3200,Critical
38.89,130,93,2608,High
40.42,145,50,3116,Critical
39.35,158,44,3082,Critical
37.88,116,91,2167,Moderate
40.37,143,11,3166,Critical
28.85,68,32,964,Normal
26.92,60,27,1744,Normal
6.62,79,85,1614,Normal
37.71,101,92,2262,Moderate
38.8,138,93,2606,High
37.66,108,94,2112,Moderate
37.7,118,91,2366,Moderate
9.29,72,15,476,Normal
32.25,71,13,756,Normal
16.33,90,9,1627,Normal
37.66,112,93,2215,Moderate
15.41,97,84,1725,Normal
28.59,95,70,1628,Normal
7.6,95,82,448,Normal
37.87,119,92,2023,Moderate
39.51,147,10,3040,Critical
29.51,81,74,715,Normal
38.54,127,94,2937,High
37.57,115,90,2071,Moderate
11.5,74,24,1655,Normal
38.51,139,95,2750,High
39.56,157,59,3107,Critical
37.86,113,92,2241,Moderate
24.24,67,2,1335,Normal
39.88,148,83,3118,Critical
38.54,128,93,2799,High
38.3,128,94,2740,High
40.42,160,62,3059,Critical
37.84,117,94,2488,Moderate
37.96,110,94,2241,Moderate
39.12,163,43,3003,Critical
38.68,136,95,2673,High
40.0,163,8,3190,Critical
37.99,113,94,2190,Moderate
40.37,162,52,3110,Critical
38.03,124,94,2799,High
33.45,74,52,955,Normal
39.83,161,11,3058,Critical
37.53,115,94,2468,Moderate
38.28,133,94,2927,High
37.73,111,94,2481,Moderate
37.16,98,89,284,Normal
13.48,64,49,745,Normal
38.06,130,93,2755,High
32.85,62,78,1709,Normal
12.04,63,22,300,Normal
38.92,128,93,2703,High
40.37,156,26,3047,Critical
38.75,136,95,2500,High
38.87,135,93,2772,High
38.37,138,94,2782,High
37.82,120,93,2310,Moderate
37.62,117,90,2342,Moderate
37.62,115,94,2279,Moderate
38.84,134,95,2593,High
39.11,161,52,3072,Critical
28.76,81,42,1570,Normal
37.87,102,94,2176,Moderate
38.89,139,94,2949,High
37.57,101,93,2355,Moderate
38.48,136,93,2637,High
39.07,160,33,3155,Critical
34.61,88,87,5,Normal
38.62,131,94,2686,High
0.18,80,53,903,Normal
23.83,73,62,1987,Normal
38.87,122,94,2934,High
11.56,74,4,1070,Normal
37.83,106,94,2232,Moderate
39.06,145,3,3031,Critical
38.78,139,95,2575,High
37.84,118,91,2054,Moderate
9.69,94,25,1433,Normal
40.43,145,88,3091,Critical
37.98,101,90,2132,Moderate
38.88,138,95,2965,High
39.23,156,85,3051,Critical
13.23,72,85,1257,Normal
0.78,74,23,205,Normal
40.21,141,40,3157,Critical
38.07,125,93,2659,High
38.98,129,94,2898,High
38.4,127,95,2946,High
37.93,105,94,2263,Moderate
38.0,113,92,2379,Moderate
37.96,114,91,2162,Moderate
40.12,166,38,3064,Critical
38.56,130,94,2879,High
40.2,147,6,3104,Critical
37.59,101,94,2157,Moderate
40.25,155,54,3196,Critical
37.61,104,90,2117,Moderate
37.63,120,91,2120,Moderate
37.68,116,90,2089,Moderate
39.2,149,68,3095,Critical
10.24,91,68,1344,Normal
38.28,133,93,2996,High
37.71,115,91,2215,Moderate
38.64,132,93,2883,High
37.9,105,90,2148,Moderate
37.06,72,72,625,Normal
38.33,128,94,2777,High
40.15,169,76,3180,Critical
37.84,104,94,2459,Moderate
38.26,130,94,2956,High
34.64,72,86,1820,Normal
38.78,140,94,2896,High
9.66,63,83,1981,Normal
6.06,75,73,1239,Normal
38.53,129,93,2982,High
37.79,104,93,2320,Moderate
39.78,154,42,3141,Critical
38.56,121,95,2636,High
38.45,135,93,2882,High
38.0,136,95,2873,High
37.99,112,91,2431,Moderate
5.17,68,31,1094,Normal
38.06,136,95,2851,High
39.84,164,41,3085,Critical
39.97,152,69,3139,Critical
38.58,137,95,2784,High
37.95,109,94,2106,Moderate
33.69,76,42,407,Normal
37.95,116,92,2299,Moderate
38.4,135,94,2892,High
38.38,135,93,2946,High
37.77,112,94,2199,Moderate
37.53,110,92,2088,Moderate
38.96,128,95,2668,High
38.8,140,93,2511,High
37.57,118,93,2466,Moderate
38.96,133,95,2697,High
38.18,132,93,2617,High
38.4,124,93,2629,High
39.78,163,81,3101,Critical
38.41,133,94,2594,High
37.89,101,90,2089,Moderate
39.97,157,45,3052,Critical
25.57,90,61,528,Normal
37.64,114,91,2318,Moderate
37.74,119,92,2098,Moderate
39.62,153,90,3021,Critical
37.94,118,90,2472,Moderate
17.24,91,37,1644,Normal
38.0,116,90,2373,Moderate
31.7,89,27,407,Normal
7.1,69,15,1802,Normal
21.34,76,73,814,Normal
38.71,127,94,2806,High
23.62,81,50,1703,Normal
38.34,136,94,2844,High
37.65,120,94,2086,Moderate
13.65,78,19,1041,Normal
39.42,142,21,3148,Critical
38.53,124,95,2567,High
38.67,133,95,2809,High
39.94,160,60,3193,Critical
37.74,106,90,2357,Moderate
38.73,124,95,2613,High
39.74,144,72,3175,Critical
40.43,152,14,3105,Critical
37.61,107,91,2152,Moderate
37.75,116,93,2097,Moderate
37.61,117,93,2463,Moderate
11.3,73,37,1325,Normal
38.76,123,93,2519,High
38.78,121,93,2997,High
20.61,94,86,607,Normal
37.76,112,90,2045,Moderate
39.2,145,46,3008,Critical
28.6,66,46,904,Normal
37.74,114,90,2190,Moderate
38.5,128,94,2640,High
31.5,98,86,308,Normal
37.85,117,92,2024,Moderate
38.36,134,93,2612,High
12.43,66,5,127,Normal
38.76,129,93,2605,High
39.56,142,0,3143,Critical
12.49,80,8,153,Normal
37.83,109,93,2307,Moderate
39.75,157,52,3149,Critical
37.93,105,92,2008,Moderate
37.86,118,93,2268,Moderate
39.87,157,1,3056,Critical
38.61,124,95,2909,High
39.61,170,1,3041,Critical
38.25,122,94,2638,High
5.89,63,70,369,Normal
37.93,119,90,2386,Moderate
40.28,160,66,3166,Critical
38.64,132,94,2537,High
39.17,170,62,3096,Critical
39.97,168,40,3081,Critical
39.33,169,34,3170,Critical
37.63,103,94,2332,Moderate
37.9,108,90,2477,Moderate
39.17,152,85,3148,Critical
33.6,89,7,1519,Normal
39.39,145,50,3156,Critical
39.79,156,48,3057,Critical
4.59,99,21,551,Normal
38.65,122,95,2701,High
39.65,157,3,3113,Critical
16.65,96,38,704,Normal
10.4,88,30,1973,Normal
39.73,151,61,3148,Critical
38.68,130,95,2925,High
38.85,128,95,2815,High
5.73,61,90,1399,Normal
39.26,141,49,3147,Critical
1.39,69,30,358,Normal
21.17,100,78,474,Normal
37.88,103,93,2246,Moderate
38.46,135,94,2576,High
2.37,72,3,796,Normal
40.37,142,31,3185,Critical
37.9,101,90,2219,Moderate
40.31,153,33,3109,Critical
39.46,165,64,3132,Critical
40.27,152,34,3122,Critical
38.82,130,93,2620,High
40.43,151,61,3028,Critical
38.24,123,95,2751,High
39.97,143,58,3185,Critical
37.78,116,91,2210,Moderate
39.73,154,2,3177,Critical
30.92,90,67,1014,Normal
39.8,152,26,3068,Critical
1.48,79,7,97,Normal
39.36,151,78,3086,Critical
15.53,81,42,442,Normal
6.17,80,2,884,Normal
38.25,130,95,2603,High
40.43,141,88,3096,Critical
37.55,101,93,2456,Moderate
39.88,168,45,3145,Critical
39.73,163,78,3163,Critical
40.06,143,17,3188,Critical
39.86,165,43,3019,Critical
5.95,67,4,1116,Normal
37.56,107,94,2027,Moderate
39.58,147,28,3034,Critical
22.89,97,45,973,Normal
38.66,124,93,2845,High
40.45,155,62,3078,Critical
38.57,140,94,2804,High
37.92,120,90,2300,Moderate
2.59,77,64,588,Normal
38.6,132,94,2885,High
39.03,169,47,3200,Critical
40.28,148,62,3012,Critical
38.23,130,95,2732,High
37.74,118,91,2408,Moderate
30.83,80,3,606,Normal
38.46,132,95,2653,High
38.08,130,95,2904,High
38.63,138,95,2734,High
40.3,147,24,3006,Critical
37.94,102,94,2430,Moderate
2.09,85,86,361,Normal
37.81,118,93,2102,Moderate
38.61,137,93,2847,High
37.72,111,90,2227,Moderate
6.59,83,37,29,Normal
37.83,102,90,2184,Moderate
39.35,142,64,3172,Critical
21.16,63,20,922,Normal
25.44,99,26,1315,Normal
39.78,161,22,3085,Critical
39.36,167,69,3131,Critical
37.97,104,92,2430,Moderate
40.47,152,72,3049,Critical
9.0,80,78,177,Normal
39.12,158,74,3192,Critical
37.96,115,90,2010,Moderate
0.08,86,82,297,Normal
7.76,92,66,721,Normal
38.11,138,95,2737,High
39.06,156,37,3009,Critical
37.79,115,91,2347,Moderate
6.78,77,18,1814,Normal
38.97,129,95,2834,High
39.03,154,34,3044,Critical
39.57,163,49,3168,Critical
39.04,146,72,3075,Critical
38.64,136,93,2719,High
3.84,71,74,1751,Normal
39.93,142,62,3021,Critical
35.76,88,53,324,Normal
39.5,148,68,3153,Critical
37.97,112,92,2406,Moderate
37.84,120,91,2308,Moderate
38.04,127,95,2958,High
37.6,114,94,2058,Moderate
26.61,61,62,741,Normal
38.08,123,95,2628,High
37.71,101,93,2086,Moderate
15.23,98,69,1479,Normal
38.39,134,93,2718,High
40.13,168,28,3071,Critical
39.86,170,49,3079,Critical
40.39,153,10,3143,Critical
37.74,116,91,2123,Moderate
32.5,70,31,1495,Normal
38.65,130,95,2696,High
39.32,162,40,3035,Critical
12.76,68,21,1614,Normal
38.43,130,95,2643,High
38.08,128,95,2738,High
38.8,130,93,2568,High
38.59,133,94,2944,High
38.19,126,95,2781,High
12.19,88,12,1994,Normal
38.0,128,94,2932,High
39.47,152,76,3110,Critical
37.92,112,94,2206,Moderate
38.49,138,93,2685,High
33.14,79,27,254,Normal
36.69,79,4,887,Normal
40.39,148,87,3175,Critical
38.85,129,94,2602,High
11.84,82,59,182,Normal
39.49,149,55,3084,Critical
38.21,131,93,2922,High
5.21,65,38,1810,Normal
39.41,158,33,3003,Critical
39.87,157,54,3169,Critical
0.6,85,50,915,Normal
39.91,168,51,3090,Critical
37.99,120,92,2269,Moderate
38.46,131,94,2720,High
37.67,114,92,2200,Moderate
37.51,103,91,2341,Moderate
37.61,120,91,2438,Moderate
39.23,163,26,3175,Critical
40.09,163,18,3025,Critical
39.85,153,69,3188,Critical
15.83,67,18,1491,Normal
37.51,104,94,2252,Moderate
39.97,166,29,3078,Critical
21.56,86,48,1336,Normal
37.88,104,92,2196,Moderate
38.02,121,95,2596,High
39.26,149,5,3184,Critical
11.39,71,15,852,Normal
39.3,155,33,3178,Critical
37.86,109,91,2218,Moderate
40.4,154,70,3012,Critical
37.9,113,93,2497,Moderate
38.38,139,94,2594,High
33.07,78,75,12,Normal
38.27,137,94,2510,High
38.75,130,95,2552,High
37.6,116,91,2301,Moderate
38.85,127,95,2955,High
37.95,105,92,2396,Moderate
39.31,154,9,3003,Critical
37.61,103,93,2242,Moderate
38.74,123,93,2561,High
27.32,86,57,1930,Normal
39.03,152,70,3029,Critical
39.11,157,59,3131,Critical
37.75,114,93,2191,Moderate
8.16,95,77,1787,Normal
12.13,90,56,1021,Normal
38.32,128,94,2557,High
40.13,144,5,3096,Critical
38.29,126,95,2505,High
28.61,79,73,1612,Normal
18.12,68,88,1480,Normal
38.43,121,93,2748,High
39.35,146,50,3102,Critical
5.62,71,25,1084,Normal
38.97,136,93,2961,High
39.45,143,35,3079,Critical
38.33,127,93,2539,High
39.96,165,86,3197,Critical
37.89,113,94,2478,Moderate
39.66,159,23,3176,Critical
38.88,128,93,2612,High
37.83,103,93,2281,Moderate
40.4,157,33,3007,Critical
38.0,115,91,2276,Moderate
39.45,153,36,3091,Critical
37.52,118,93,2222,Moderate
11.08,79,27,1446,Normal
38.85,138,93,2606,High
38.11,128,95,2725,High
2.74,61,29,521,Normal
17.2,82,46,1191,Normal
38.11,134,93,2784,High
40.08,154,40,3088,Critical
22.12,98,89,1736,Normal
10.04,92,4,1481,Normal
37.78,111,94,2074,Moderate
4.16,71,78,199,Normal
39.02,167,89,3185,Critical
39.53,151,40,3162,Critical
38.0,111,91,2143,Moderate
37.66,109,94,2451,Moderate
40.13,143,37,3054,Critical
38.77,137,95,2669,High
37.55,107,94,2308,Moderate
38.41,137,93,2691,High
38.1,121,93,2966,High
37.58,102,90,2081,Moderate
39.21,158,22,3139,Critical
32.77,76,26,1419,Normal
39.72,156,44,3179,Critical
9.27,95,76,924,Normal
38.44,132,95,2965,High
39.26,163,42,3055,Critical
37.83,116,94,2421,Moderate
39.5,161,23,3074,Critical
21.41,93,69,1272,Normal
2.98,79,86,195,Normal
38.42,125,95,2903,High
37.51,118,94,2466,Moderate
40.19,158,41,3032,Critical
40.47,157,8,3149,Critical
39.79,159,10,3189,Critical
37.56,120,94,2420,Moderate
39.07,147,73,3158,Critical
39.28,155,51,3086,Critical
38.86,127,93,2577,High
38.99,140,95,2690,High
23.5,71,87,1334,Normal
39.2,165,34,3094,Critical
37.7,104,90,2070,Moderate
38.26,128,95,2966,High
22.3,70,23,711,Normal
38.19,136,94,2849,High
40.49,148,5,3129,Critical
38.8,137,93,2580,High
38.54,130,93,2725,High
38.85,137,93,2699,High
36.24,91,4,1013,Normal
37.63,110,91,2042,Moderate
33.27,90,34,716,Normal
40.32,159,34,3005,Critical
37.79,117,90,2193,Moderate
38.79,139,94,2513,High
38.46,134,95,2956,High
38.4,137,94,2864,High
38.55,136,94,2722,High
38.51,124,95,2673,High
38.38,134,94,2706,High
37.85,104,91,2165,Moderate
37.73,101,93,2197,Moderate
37.95,109,94,2384,Moderate
37.82,110,92,2079,Moderate
27.92,63,66,1888,Normal
32.18,76,67,1646,Normal
37.72,111,94,2039,Moderate
39.52,149,11,3135,Critical
38.2,138,94,2764,High
38.21,122,94,2711,High
38.65,133,93,2822,High
37.93,109,91,2171,Moderate
38.94,132,94,2862,High
37.56,103,91,2245,Moderate
39.22,166,59,3138,Critical
37.71,115,90,2494,Moderate
40.38,163,63,3196,Critical
37.76,111,90,2317,Moderate
37.68,107,92,2155,Moderate
39.56,157,20,3106,Critical
20.04,60,15,1565,Normal
40.18,163,28,3042,Critical
37.98,105,94,2462,Moderate
37.59,104,90,2275,Moderate
4.17,71,63,406,Normal
9.42,81,84,1812,Normal
37.88,115,90,2277,Moderate
37.54,110,92,2018,Moderate
39.5,166,29,3104,Critical
38.32,135,94,2991,High
38.83,121,95,2778,High
39.84,154,46,3055,Critical
38.94,127,95,2680,High
37.67,110,94,2447,Moderate
37.5,114,93,2433,Moderate
37.56,120,91,2445,Moderate
37.7,115,94,2462,Moderate
9.67,87,61,933,Normal
38.6,122,95,2796,High
39.17,163,54,3152,Critical
36.84,94,17,630,Normal
3.44,80,17,1606,Normal
38.42,128,95,2624,High
12.68,76,45,91,Normal
37.61,107,94,2158,Moderate
38.81,129,93,2955,High
39.62,143,42,3042,Critical
38.67,136,94,2735,High
40.12,154,78,3100,Critical
37.73,108,91,2235,Moderate
34.09,64,70,1837,Normal
38.77,136,94,2920,High
37.55,115,94,2076,Moderate
40.3,157,22,3134,Critical
37.58,110,93,2404,Moderate
37.82,109,92,2186,Moderate
38.16,134,95,2570,High
38.37,122,93,2991,High
38.63,125,93,2615,High
39.09,145,67,3135,Critical
2.0,63,87,1305,Normal
38.55,140,93,2994,High
38.36,140,93,2569,High
38.21,137,93,2619,High
38.14,130,93,2916,High
39.36,158,64,3184,Critical
37.88,104,92,2054,Moderate
37.95,105,94,2496,Moderate
39.29,168,75,3148,Critical
21.99,100,8,783,Normal
38.33,139,95,2973,High
37.51,102,94,2259,Moderate
26.89,68,19,1274,Normal
39.52,163,54,3162,Critical
28.05,70,51,1764,Normal
39.28,151,52,3071,Critical
37.66,110,90,2259,Moderate
39.22,142,29,3199,Critical
39.73,148,31,3016,Critical
38.98,122,94,2827,High
37.78,113,92,2283,Moderate
37.53,107,90,2392,Moderate
37.87,108,92,2210,Moderate
40.2,141,48,3144,Critical
39.14,164,56,3169,Critical
39.4,155,48,3046,Critical
37.59,106,91,2026,Moderate
38.78,125,94,2620,High
23.84,83,15,854,Normal
38.81,140,93,2829,High
17.5,79,30,1032,Normal
17.31,86,56,535,Normal
37.69,120,94,2472,Moderate
38.76,132,94,2960,High
38.54,138,95,2550,High
37.98,112,90,2274,Moderate
39.25,154,54,3042,Critical
40.46,159,65,3188,Critical
37.64,120,92,2259,Moderate
38.41,139,93,2843,High
28.74,85,5,452,Normal
38.57,126,93,2937,High
40.26,163,1,3107,Critical
40.21,159,31,3054,Critical
37.83,120,94,2325,Moderate
12.03,62,37,407,Normal
39.26,153,74,3039,Critical
39.76,150,10,3038,Critical
37.91,116,94,2352,Moderate
38.94,126,95,2957,High
40.34,147,63,3097,Critical
37.78,115,91,2372,Moderate
39.58,147,33,3099,Critical
15.99,68,45,1208,Normal
40.19,156,61,3078,Critical
37.88,106,94,2224,Moderate
38.97,130,94,2500,High
37.7,103,94,2250,Moderate
38.02,140,95,2816,High
38.44,134,95,2965,High
38.28,124,94,2784,High
39.43,150,54,3189,Critical
14.23,82,2,256,Normal
38.73,138,95,2834,High
24.26,86,40,407,Normal
39.73,142,80,3044,Critical
37.68,108,94,2376,Moderate
19.27,84,11,1185,Normal
35.37,94,10,282,Normal
40.1,155,49,3156,Critical
37.92,105,92,2426,Moderate
37.79,111,92,2204,Moderate
37.95,111,94,2196,Moderate
38.59,128,93,2926,High
40.0,158,42,3170,Critical
38.49,140,93,2884,High
38.71,134,95,2689,High
29.83,90,46,1689,Normal
38.38,123,93,2738,High
37.99,109,91,2140,Moderate
38.3,123,93,2962,High
38.66,122,95,2631,High
38.73,133,95,2683,High
38.35,125,94,2779,High
38.63,137,94,2745,High
37.89,107,92,2158,Moderate
21.16,61,52,104,Normal
37.58,103,93,2198,Moderate
37.76,105,94,2123,Moderate
37.87,102,94,2489,Moderate
39.41,164,9,3022,Critical
18.28,83,69,174,Normal
39.66,147,71,3056,Critical
38.7,124,94,2970,High
38.73,132,93,2860,High
37.72,114,93,2435,Moderate
38.48,132,94,2951,High
39.35,141,82,3100,Critical
39.96,162,17,3193,Critical
29.26,76,70,319,Normal
18.27,73,30,167,Normal
38.76,130,94,2950,High
40.5,164,78,3047,Critical
40.06,151,87,3029,Critical
39.49,161,41,3174,Critical
37.59,113,92,2183,Moderate
17.84,62,78,1115,Normal
39.05,143,43,3069,Critical
40.18,158,21,3195,Critical
39.72,151,5,3003,Critical
39.17,170,50,3097,Critical
37.74,111,93,2318,Moderate
40.03,169,53,3148,Critical
39.66,162,88,3018,Critical
38.58,127,94,2756,High
12.41,74,52,1612,Normal
37.56,113,92,2271,Moderate
38.88,121,93,2507,High
37.58,103,93,2426,Moderate
37.67,114,90,2336,Moderate
33.72,61,86,1407,Normal
39.69,156,35,3162,Critical
38.78,139,93,2649,High
37.61,119,93,2411,Moderate
39.17,157,66,3109,Critical
38.24,123,95,2796,High
38.58,140,94,2963,High
28.55,88,20,1879,Normal
38.41,133,95,2599,High
39.42,164,79,3143,Critical
40.41,148,1,3083,Critical
39.02,170,87,3068,Critical
39.13,147,25,3179,Critical
38.35,130,95,2879,High
37.66,102,92,2084,Moderate
38.82,138,95,2528,High
38.44,132,93,2761,High
1.83,87,17,883,Normal
37.5,102,94,2125,Moderate
37.52,115,91,2239,Moderate
40.41,160,18,3003,Critical
38.84,137,94,2922,High
39.39,149,90,3032,Critical
40.24,168,28,3173,Critical
38.77,123,93,2941,High
37.57,112,91,2209,Moderate
40.21,148,4,3034,Critical
38.91,135,94,2784,High
38.25,127,95,2810,High
18.59,80,87,567,Normal
15.4,74,57,1676,Normal
38.32,140,93,2837,High
37.67,119,90,2140,Moderate
39.34,167,39,3199,Critical
37.83,108,90,2375,Moderate
37.69,120,93,2185,Moderate
38.19,137,94,2557,High
20.41,61,52,1497,Normal
39.12,154,29,3181,Critical
39.15,160,48,3006,Critical
39.75,159,83,3084,Critical
27.47,75,88,1529,Normal
40.4,166,45,3187,Critical
39.95,145,28,3029,Critical
9.22,76,4,262,Normal
40.27,156,53,3036,Critical
37.91,109,90,2335,Moderate
38.05,135,93,2736,High
12.15,95,34,1607,Normal
38.99,131,95,2967,High
38.03,130,95,2510,High
13.34,95,64,1111,Normal
39.28,170,81,3139,Critical
38.18,126,93,2626,High
10.28,61,43,380,Normal
37.11,66,72,1148,Normal
40.15,163,34,3174,Critical
37.76,114,92,2269,Moderate
37.66,110,90,2088,Moderate
39.32,167,0,3075,Critical
37.96,114,91,2187,Moderate
37.89,101,92,2311,Moderate
38.49,131,93,2720,High
6.07,61,4,1574,Normal
38.8,132,93,2901,High
39.76,163,3,3178,Critical
37.88,107,90,2049,Moderate
38.61,130,95,2928,High
37.98,104,90,2179,Moderate
37.92,113,91,2318,Moderate
34.17,72,49,198,Normal
38.18,133,94,2824,High
37.88,120,91,2116,Moderate
37.73,102,90,2225,Moderate
37.82,104,91,2416,Moderate
37.72,105,94,2404,Moderate
40.29,149,69,3101,Critical
37.56,105,93,2471,Moderate
23.99,99,34,1557,Normal
39.3,163,51,3059,Critical
37.72,106,93,2306,Moderate
25.85,64,38,735,Normal
40.0,166,26,3026,Critical
0.96,100,1,1212,Normal
38.81,128,95,2713,High
38.13,122,95,2896,High
37.75,104,90,2345,Moderate
39.05,142,2,3099,Critical
37.52,105,91,2404,Moderate
37.72,108,93,2344,Moderate
37.86,120,94,2300,Moderate
36.82,98,15,1536,Normal
38.61,133,93,2956,High
38.85,127,95,2549,High
25.33,60,15,221,Normal
39.72,168,24,3076,Critical
39.49,148,58,3027,Critical
38.67,135,93,2527,High
38.55,128,95,2560,High
39.97,146,72,3197,Critical
37.5,104,91,2440,Moderate
6.6,99,62,1611,Normal
29.56,67,58,746,Normal
38.35,123,94,2896,High
38.63,129,94,2653,High
23.97,97,47,750,Normal
37.84,102,93,2212,Moderate
39.7,152,43,3154,Critical
37.86,103,94,2211,Moderate
12.38,72,72,986,Normal
37.66,101,93,2200,Moderate
40.4,148,42,3141,Critical
40.39,147,78,3187,Critical
39.52,162,11,3059,Critical
38.82,122,93,2568,High
4.64,81,20,1620,Normal
37.96,103,92,2352,Moderate
38.57,123,93,2538,High
31.98,96,80,1401,Normal
31.53,80,74,1887,Normal
37.58,113,91,2000,Moderate
40.33,157,66,3164,Critical
38.79,124,95,2604,High
37.68,102,94,2296,Moderate
39.19,152,64,3075,Critical
28.69,72,83,1049,Normal
37.54,106,94,2090,Moderate
14.38,70,43,45,Normal
12.73,75,50,26,Normal
37.94,101,93,2222,Moderate
37.55,119,93,2237,Moderate
39.83,143,19,3059,Critical
38.78,129,93,2907,High
40.26,167,36,3057,Critical
37.64,102,90,2323,Moderate
38.73,130,93,2892,High
39.4,161,6,3159,Critical
38.8,122,95,2816,High
38.57,140,94,2630,High
22.07,65,57,1797,Normal
38.52,134,95,2725,High
38.98,140,95,2557,High
21.42,72,72,1305,Normal
37.62,110,91,2427,Moderate
34.56,70,16,39,Normal
38.78,135,95,2531,High
38.04,129,95,2633,High
38.98,139,95,2885,High
25.8,98,62,1534,Normal
0.8,99,73,1872,Normal
12.89,98,6,1474,Normal
39.88,142,14,3006,Critical
37.64,113,91,2187,Moderate
0.67,72,61,1972,Normal
28.94,61,45,359,Normal
37.65,112,90,2154,Moderate
39.36,143,16,3168,Critical
39.9,167,44,3094,Critical
37.76,108,93,2424,Moderate
17.8,97,13,1844,Normal
38.84,131,93,2511,High
38.28,130,94,2853,High
38.91,122,94,2632,High
38.98,121,95,2545,High
39.91,157,29,3014,Critical
37.52,116,93,2392,Moderate
38.51,124,93,2904,High
20.26,76,74,1434,Normal
39.39,166,5,3091,Critical
37.98,104,91,2352,Moderate
38.7,137,95,2704,High
33.25,76,38,190,Normal
37.99,116,93,2003,Moderate
26.68,74,23,863,Normal
6.83,66,58,141,Normal
38.69,133,95,2940,High
37.58,103,94,2285,Moderate
37.59,119,91,2235,Moderate
37.59,106,90,2352,Moderate
21.53,89,26,271,Normal
38.54,123,95,2815,High
39.7,151,51,3159,Critical
38.77,136,95,2772,High
37.61,107,93,2477,Moderate
37.92,113,90,2421,Moderate
37.58,112,91,2210,Moderate
37.86,113,94,2495,Moderate
28.98,72,20,489,Normal
2.17,72,86,1271,Normal
39.14,159,49,3174,Critical
37.72,105,91,2382,Moderate
40.42,148,71,3147,Critical
38.58,135,93,2569,High
23.5,86,33,107,Normal
40.29,142,28,3091,Critical
28.65,82,17,1263,Normal
33.13,86,13,623,Normal
19.18,60,89,988,Normal
38.6,138,93,2742,High
38.92,137,94,2717,High
40.06,155,66,3101,Critical
35.06,71,66,910,Normal
40.25,160,3,3092,Critical
38.73,124,94,2676,High
37.92,117,93,2018,Moderate
0.02,60,14,1008,Normal
37.63,118,90,2138,Moderate
8.33,91,11,1383,Normal
37.98,117,91,2474,Moderate
38.11,134,95,2909,High
40.26,157,71,3071,Critical
39.03,160,2,3088,Critical
37.94,116,94,2386,Moderate
38.72,139,93,2788,High
40.45,160,76,3029,Critical
39.08,146,27,3033,Critical
40.3,149,10,3168,Critical
39.35,159,62,3013,Critical
11.07,98,80,1861,Normal
40.0,147,35,3124,Critical
38.93,138,95,2507,High
37.56,115,92,2220,Moderate
37.77,113,90,2305,Moderate
37.81,109,91,2431,Moderate
40.43,149,14,3073,Critical
39.46,170,68,3123,Critical
37.58,117,92,2395,Moderate
7.3,100,36,1449,Normal
37.87,103,94,2365,Moderate
38.71,133,93,2787,High
38.34,132,95,2995,High
22.82,92,16,562,Normal
14.13,75,27,1083,Normal
39.22,141,5,3061,Critical
39.0,155,84,3061,Critical
37.53,104,90,2443,Moderate
29.37,90,31,1201,Normal
38.33,132,93,2893,High
37.79,119,94,2034,Moderate
39.13,161,44,3120,Critical
37.86,116,92,2315,Moderate
38.5,129,95,2572,High
38.79,135,93,2842,High
39.03,163,38,3026,Critical
24.5,60,56,1860,Normal
37.52,109,94,2218,Moderate
38.82,138,95,2860,High
12.39,99,17,1728,Normal
37.68,120,93,2318,Moderate
35.58,77,47,163,Normal
34.58,83,75,138,Normal
28.82,91,6,150,Normal
37.89,109,92,2498,Moderate
34.39,94,43,1551,Normal
26.54,90,21,1448,Normal
15.55,94,15,1326,Normal
39.46,164,55,3101,Critical
40.2,161,23,3015,Critical
37.84,113,92,2404,Moderate
37.84,105,90,2377,Moderate
38.8,136,94,2765,High
37.85,109,93,2048,Moderate
37.98,105,90,2373,Moderate
23.65,93,64,9,Normal
39.56,146,13,3003,Critical
38.52,131,95,2959,High
38.19,132,94,2602,High
37.54,111,90,2180,Moderate
39.76,143,3,3073,Critical
11.81,85,75,1942,Normal
37.65,109,91,2339,Moderate
37.76,107,93,2153,Moderate
37.72,119,91,2420,Moderate
38.17,126,95,2951,High
0.69,67,54,621,Normal
38.75,123,95,2800,High
37.54,106,90,2193,Moderate
3.01,92,54,545,Normal
37.76,115,93,2143,Moderate
39.77,168,55,3111,Critical
39.06,170,36,3080,Critical
39.4,170,70,3064,Critical
37.68,102,93,2404,Moderate
39.91,159,51,3003,Critical
37.62,106,91,2225,Moderate
40.44,151,33,3062,Critical
37.77,112,90,2268,Moderate
31.19,94,0,864,Normal
38.95,136,94,2712,High
38.17,137,95,2852,High
28.7,80,54,1468,Normal
37.56,106,94,2477,Moderate
37.78,116,92,2480,Moderate
38.39,139,93,2595,High
39.88,160,78,3100,Critical
38.1,123,95,2856,High
38.36,131,93,2949,High
2.16,83,48,116,Normal
37.61,110,90,2027,Moderate
39.61,150,81,3140,Critical
39.49,163,20,3085,Critical
37.64,119,92,2490,Moderate
40.41,150,19,3022,Critical
23.11,71,45,222,Normal
38.88,126,94,2572,High
39.19,147,59,3098,Critical
37.61,115,90,2480,Moderate
38.38,122,95,2692,High
37.53,116,90,2327,Moderate
37.82,118,92,2424,Moderate
38.43,136,94,2970,High
39.25,142,39,3070,Critical
10.25,74,56,1044,Normal
20.73,95,53,1243,Normal
31.56,92,20,1551,Normal
38.04,129,93,2956,High
1.33,98,48,633,Normal
38.97,133,93,2765,High
38.6,130,95,2597,High
37.7,115,93,2055,Moderate
38.73,140,94,2918,High
40.34,149,0,3002,Critical
37.62,116,94,2176,Moderate
39.82,166,52,3135,Critical
17.08,84,43,1649,Normal
38.31,128,93,2854,High
38.11,128,94,2598,High
37.73,103,94,2327,Moderate
38.87,122,93,2719,High
37.96,113,90,2364,Moderate
37.54,119,92,2400,Moderate
12.23,83,88,291,Normal
37.07,88,65,832,Normal
14.71,92,62,1394,Normal
20.33,83,88,1154,Normal
25.25,72,84,1153,Normal
5.05,99,57,742,Normal
17.46,80,17,1742,Normal
40.1,142,89,3020,Critical
37.62,108,91,2183,Moderate
39.2,161,27,3083,Critical
30.01,89,28,59,Normal
38.3,127,94,2665,High
8.35,85,63,759,Normal
38.04,140,93,2961,High
38.5,133,93,2606,High
39.16,151,4,3165,Critical
40.17,159,13,3034,Critical
32.11,68,35,1202,Normal
10.94,100,75,1233,Normal
39.99,151,55,3023,Critical
34.27,90,30,242,Normal
38.34,130,93,2615,High
38.54,129,95,2540,High
37.93,105,90,2249,Moderate
8.07,83,68,1640,Normal
10.48,76,43,1469,Normal
23.99,92,61,1546,Normal
38.81,136,95,2840,High
39.6,157,16,3024,Critical
37.65,118,92,2257,Moderate
24.98,95,1,1209,Normal
39.64,147,22,3142,Critical
38.18,129,93,2798,High
5.02,82,46,634,Normal
39.18,154,47,3014,Critical
37.99,115,90,2331,Moderate
38.86,135,94,2900,High
39.99,166,18,3152,Critical
39.5,150,79,3025,Critical
13.39,61,3,795,Normal
38.92,125,95,2548,High
7.47,60,43,998,Normal
37.96,120,90,2093,Moderate
14.8,65,67,1184,Normal
38.0,116,90,2296,Moderate
10.17,76,47,524,Normal
12.48,79,67,1396,Normal
40.4,164,25,3195,Critical
37.53,108,93,2077,Moderate
37.66,117,93,2188,Moderate
4.74,73,24,686,Normal
37.36,80,74,1331,Normal
38.03,132,93,2896,High
38.01,136,93,2866,High
37.57,112,91,2476,Moderate
39.08,160,6,3113,Critical
37.75,103,90,2211,Moderate
37.75,117,91,2415,Moderate
37.69,105,94,2036,Moderate
38.23,131,93,2961,High
10.85,100,61,342,Normal
39.35,150,3,3100,Critical
33.42,81,18,1029,Normal
38.58,136,95,2808,High
37.65,108,94,2224,Moderate
40.41,141,37,3138,Critical
13.6,92,10,561,Normal
37.61,116,91,2219,Moderate
37.76,107,94,2164,Moderate
23.82,87,27,971,Normal
37.52,119,90,2418,Moderate
22.72,100,61,466,Normal
37.56,115,90,2111,Moderate
40.4,151,79,3173,Critical
38.75,133,94,2652,High
38.05,134,94,2657,High
40.0,142,1,3015,Critical
37.96,116,90,2410,Moderate
39.56,160,84,3049,Critical
38.99,136,95,2823,High
40.45,150,6,3116,Critical
37.92,101,94,2121,Moderate
38.66,122,94,2810,High
39.25,152,62,3056,Critical
38.71,131,93,2942,High
39.37,145,80,3087,Critical
40.4,162,86,3178,Critical
37.79,112,93,2332,Moderate
37.56,106,94,2418,Moderate
37.84,112,90,2266,Moderate
39.21,150,86,3076,Critical
38.99,132,94,2974,High
39.15,152,53,3014,Critical
40.09,169,73,3166,Critical
33.67,74,65,2000,Normal
39.73,148,30,3139,Critical
37.59,109,94,2007,Moderate
37.57,105,90,2125,Moderate
38.79,121,93,2845,High
37.66,112,92,2041,Moderate
37.61,108,92,2153,Moderate
37.8,107,91,2134,Moderate
39.0,121,93,2584,High
38.17,122,94,2750,High
39.27,156,66,3159,Critical
38.64,140,93,2654,High
40.49,141,4,3074,Critical
37.86,108,91,2187,Moderate
37.7,111,91,2141,Moderate
37.84,113,94,2323,Moderate
38.95,128,93,2908,High
37.42,89,5,1461,Normal
37.78,120,91,2377,Moderate
38.5,136,95,2863,High
39.94,149,76,3100,Critical
39.72,141,83,3082,Critical
38.82,137,94,2611,High
37.51,115,94,2212,Moderate
38.19,121,95,2992,High
8.4,71,26,1267,Normal
39.23,163,1,3107,Critical
13.21,75,55,811,Normal
38.08,124,95,2859,High
39.57,157,18,3186,Critical
38.38,139,95,2526,High
32.83,91,56,1223,Normal
33.98,93,58,1833,Normal
37.51,102,91,2210,Moderate
9.42,100,9,1816,Normal
25.86,86,72,673,Normal
37.83,115,93,2028,Moderate
39.94,149,2,3117,Critical
40.24,161,21,3098,Critical
0.64,67,12,1392,Normal
38.73,126,94,2506,High
37.61,105,94,2249,Moderate
38.58,123,93,2886,High
37.68,113,93,2057,Moderate
39.77,170,10,3133,Critical
38.85,137,95,2966,High
22.85,75,68,451,Normal
14.36,98,31,1244,Normal
38.25,121,93,2890,High
15.96,65,86,444,Normal
38.27,133,95,2768,High
37.71,102,91,2468,Moderate
39.47,150,0,3020,Critical
38.49,126,93,2710,High
40.03,161,78,3165,Critical
11.04,89,37,1566,Normal
38.25,131,93,2978,High
40.34,161,19,3022,Critical
39.59,143,84,3027,Critical
38.68,136,94,2962,High
38.83,129,94,2968,High
37.59,104,92,2039,Moderate
40.38,147,71,3090,Critical
38.99,124,93,2634,High
37.88,119,92,2099,Moderate
39.79,165,66,3089,Critical
37.76,118,93,2388,Moderate
37.71,111,91,2185,Moderate
39.75,168,20,3093,Critical
19.63,88,73,1896,Normal
27.13,68,50,385,Normal
38.46,136,94,2698,High
38.9,138,95,2991,High
37.83,111,90,2429,Moderate
7.26,65,26,1174,Normal
15.71,69,41,649,Normal
38.57,130,95,2983,High
12.97,74,29,1393,Normal
37.76,116,90,2445,Moderate
38.76,139,95,2575,High
40.09,141,8,3075,Critical
38.99,139,93,2775,High
40.18,165,17,3186,Critical
4.9,96,35,1444,Normal
37.73,106,91,2397,Moderate
37.98,105,94,2081,Moderate
39.59,151,59,3172,Critical
15.92,73,16,810,Normal
37.98,113,90,2112,Moderate
0.62,96,0,1547,Normal
31.41,84,36,770,Normal
17.47,95,59,294,Normal
37.57,117,93,2009,Moderate
38.34,132,94,2652,High
39.82,151,79,3181,Critical
38.47,127,94,2942,High
39.76,163,33,3059,Critical
37.86,107,92,2451,Moderate
14.67,72,56,1778,Normal
38.67,127,95,2693,High
40.12,145,25,3147,Critical
39.98,164,13,3055,Critical
39.31,161,56,3010,Critical
4.52,92,50,1732,Normal
30.39,74,6,125,Normal
9.47,70,48,543,Normal
6.79,66,71,1995,Normal
37.58,105,93,2418,Moderate
31.5,79,54,1473,Normal
40.17,151,75,3116,Critical
31.21,61,87,443,Normal
22.61,70,30,826,Normal
38.89,130,94,2588,High
31.19,99,76,1521,Normal
1.21,72,33,657,Normal
38.74,127,93,2970,High
21.39,68,44,1498,Normal
31.45,61,3,998,Normal
39.24,148,73,3021,Critical
39.1,153,77,3174,Critical
37.84,120,92,2056,Moderate
31.24,73,56,394,Normal
39.49,170,51,3076,Critical
38.27,134,94,2866,High
36.27,70,69,277,Normal
16.3,70,16,1146,Normal
38.98,140,93,2951,High
38.12,131,95,2656,High
2.89,70,33,1521,Normal
37.82,107,94,2189,Moderate
1.53,65,30,798,Normal
39.56,164,23,3099,Critical
39.96,157,59,3166,Critical
37.83,111,94,2123,Moderate
38.04,139,93,2700,High
37.52,119,94,2228,Moderate
28.06,97,66,1560,Normal
38.75,133,95,2910,High
38.04,131,93,2727,High
39.67,143,9,3049,Critical
37.73,110,92,2350,Moderate
22.19,62,6,423,Normal
38.79,140,95,2904,High
39.16,148,37,3045,Critical
38.44,126,95,2957,High
37.74,109,92,2333,Moderate
38.82,128,94,2987,High
37.71,105,92,2075,Moderate
38.32,137,94,2613,High
40.42,170,62,3072,Critical
39.51,166,69,3007,Critical
37.75,118,91,2466,Moderate
38.31,127,93,2658,High
38.57,126,93,2584,High
37.64,103,91,2396,Moderate
38.87,122,95,2828,High
38.26,127,94,2796,High
39.19,165,26,3172,Critical
38.44,136,94,2728,High
38.2,138,94,2573,High
37.78,105,90,2464,Moderate
39.18,168,43,3059,Critical
29.69,61,42,924,Normal
38.36,131,93,2774,High
38.88,140,94,2836,High
37.96,102,92,2450,Moderate
39.48,164,12,3105,Critical
40.07,152,39,3047,Critical
38.8,123,93,2885,High
29.62,79,65,339,Normal
4.26,93,60,1929,Normal
16.36,69,23,948,Normal
40.23,163,2,3063,Critical
37.52,102,90,2036,Moderate
37.85,120,90,2022,Moderate
10.57,99,57,1002,Normal
38.08,137,95,2654,High
39.04,158,32,3028,Critical
39.3,147,13,3019,Critical
39.0,139,95,2900,High
38.47,123,93,2708,High
39.99,144,60,3048,Critical
37.64,115,92,2269,Moderate
26.92,90,80,923,Normal
23.62,65,26,90,Normal
37.88,103,94,2228,Moderate
38.91,138,93,2881,High
37.6,101,91,2342,Moderate
37.57,106,92,2368,Moderate
37.78,110,90,2446,Moderate
37.81,106,91,2285,Moderate
26.33,99,47,1777,Normal
40.15,145,26,3001,Critical
37.86,114,94,2415,Moderate
37.89,115,90,2235,Moderate
37.68,112,92,2399,Moderate
37.76,109,94,2197,Moderate
40.48,167,29,3021,Critical
37.68,113,91,2271,Moderate
37.6,106,93,2025,Moderate
40.13,148,83,3074,Critical
3.27,72,0,1110,Normal
37.85,107,94,2144,Moderate
39.68,149,77,3076,Critical
39.12,145,84,3086,Critical
37.73,116,91,2369,Moderate
39.48,163,38,3193,Critical
37.57,104,93,2079,Moderate
37.57,116,90,2413,Moderate
3.3,70,27,38,Normal
39.07,161,14,3094,Critical
38.54,124,93,2877,High
38.44,129,95,2580,High
37.51,112,91,2491,Moderate
37.5,116,90,2016,Moderate
37.51,114,93,2440,Moderate
38.81,130,93,2923,High
40.15,150,80,3100,Critical
39.9,159,80,3114,Critical
34.55,85,14,1263,Normal
38.62,137,95,2653,High
40.14,152,43,3184,Critical
40.36,150,67,3029,Critical
38.64,136,95,2867,High
38.72,140,94,2800,High
38.87,131,94,2667,High
38.5,134,93,2861,High
38.71,123,93,2961,High
40.1,142,4,3140,Critical
37.12,67,56,1327,Normal
12.34,83,10,1603,Normal
37.67,114,92,2298,Moderate
40.01,146,11,3117,Critical
37.65,105,91,2453,Moderate
38.66,138,93,2507,High
38.58,127,93,2568,High
4.09,92,4,710,Normal
26.19,71,64,57,Normal
21.36,64,47,663,Normal
38.69,130,93,2857,High
40.45,150,0,3063,Critical
37.61,118,90,2368,Moderate
39.01,147,73,3108,Critical
38.54,129,93,2828,High
37.95,111,94,2124,Moderate
37.55,103,94,2281,Moderate
37.81,105,91,2172,Moderate
37.87,108,94,2347,Moderate
40.13,144,86,3198,Critical
15.82,94,76,1251,Normal
37.74,110,90,2183,Moderate
38.61,132,95,2848,High
37.7,108,90,2041,Moderate
37.7,115,92,2124,Moderate
20.19,65,6,309,Normal
38.69,138,95,2522,High
37.94,119,93,2018,Moderate
38.65,133,95,2671,High
38.07,140,94,2973,High
37.51,107,93,2239,Moderate
16.95,62,86,524,Normal
38.76,128,93,2986,High
10.07,94,67,1273,Normal
37.93,104,93,2217,Moderate
35.12,80,24,485,Normal
37.58,112,90,2219,Moderate
37.76,114,91,2406,Moderate
28.72,95,1,1993,Normal
37.71,115,92,2397,Moderate
39.35,164,5,3003,Critical
3.13,60,32,385,Normal
12.42,98,89,1282,Normal
39.89,142,26,3091,Critical
39.49,142,3,3033,Critical
29.65,95,18,1521,Normal
40.21,159,4,3071,Critical
20.77,81,44,1560,Normal
7.49,60,27,734,Normal
26.43,90,59,58,Normal
40.13,168,56,3164,Critical
37.98,112,91,2498,Moderate
32.24,65,30,174,Normal
14.3,91,81,1673,Normal
12.66,84,72,1635,Normal
37.52,103,90,2051,Moderate
40.4,142,3,3149,Critical
38.09,127,94,2554,High
7.93,89,80,1429,Normal
39.03,159,28,3199,Critical
37.82,111,92,2474,Moderate
38.98,133,94,2761,High
38.68,125,95,2561,High
39.6,170,79,3033,Critical
23.27,82,12,739,Normal
39.72,147,5,3113,Critical
3.44,94,76,634,Normal
26.81,88,79,600,Normal
38.13,136,94,2592,High
39.32,164,41,3025,Critical
24.5,63,60,1212,Normal
35.6,98,62,1993,Normal
2.73,78,64,540,Normal
39.41,150,64,3085,Critical
38.27,137,95,2808,High
37.82,113,91,2016,Moderate
38.97,130,95,2643,High
38.02,138,93,2771,High
37.88,101,94,2191,Moderate
8.28,75,65,53,Normal
38.52,123,93,2918,High
38.92,128,94,2810,High
40.21,146,43,3177,Critical
39.5,165,80,3025,Critical
39.32,144,84,3004,Critical
27.97,78,55,167,Normal
38.9,127,95,2877,High
2.88,76,56,417,Normal
37.53,114,94,2234,Moderate
40.36,145,80,3146,Critical
38.17,128,93,2587,High
40.34,162,30,3069,Critical
37.66,101,94,2090,Moderate
38.6,125,93,2886,High
37.55,113,93,2254,Moderate
39.72,156,74,3116,Critical
39.62,156,49,3062,Critical
37.64,107,91,2057,Moderate
11.58,88,78,720,Normal
33.29,72,64,1445,Normal
40.17,160,82,3131,Critical
37.66,102,90,2141,Moderate
17.06,98,28,1492,Normal
12.43,67,62,513,Normal
38.47,139,94,2957,High
38.39,131,95,2543,High
39.64,161,65,3047,Critical
40.46,150,84,3196,Critical
9.15,94,50,192,Normal
39.19,143,1,3148,Critical
39.0,143,55,3183,Critical
39.7,149,71,3009,Critical
38.97,135,94,2963,High
18.28,100,14,1826,Normal
39.18,161,25,3013,Critical
37.82,111,92,2041,Moderate
39.34,150,45,3183,Critical
37.64,114,93,2005,Moderate
37.84,116,92,2425,Moderate
39.89,151,48,3143,Critical
39.4,169,45,3125,Critical
38.24,125,94,2522,High
40.27,162,3,3017,Critical
39.11,161,80,3174,Critical
11.25,86,77,292,Normal
37.68,119,90,2417,Moderate
38.62,124,95,2520,High
38.02,126,94,2682,High
39.04,145,81,3163,Critical
37.57,117,93,2270,Moderate
38.46,137,93,2807,High
37.9,111,92,2447,Moderate
4.94,65,33,569,Normal
24.34,87,28,415,Normal
13.03,69,27,1854,Normal
38.67,136,95,2821,High
13.74,64,79,1865,Normal
37.83,111,92,2466,Moderate
38.09,132,94,2897,High
37.58,106,92,2446,Moderate
39.21,149,65,3078,Critical
37.65,106,92,2060,Moderate
37.52,119,92,2341,Moderate
37.69,108,94,2140,Moderate
38.55,129,94,2573,High
38.02,130,95,2736,High
37.83,120,91,2077,Moderate
38.9,130,95,2754,High
39.81,146,53,3015,Critical
3.2,60,13,1666,Normal
39.09,152,50,3075,Critical
37.82,107,90,2428,Moderate
13.78,76,65,1858,Normal
37.58,106,92,2266,Moderate
39.47,151,22,3040,Critical
26.72,86,43,1892,Normal
3.74,91,76,1351,Normal
37.62,112,91,2372,Moderate
39.15,170,27,3186,Critical
37.66,101,92,2150,Moderate
39.42,154,63,3055,Critical
1.27,63,59,1606,Normal
40.14,153,40,3026,Critical
5.6,77,78,193,Normal
38.83,125,93,2866,High
38.13,121,93,2835,High
10.19,97,33,852,Normal
40.15,142,53,3160,Critical
39.52,149,22,3069,Critical
9.43,96,81,267,Normal
38.95,124,93,2528,High
23.29,87,16,1894,Normal
34.25,98,67,1885,Normal
37.64,116,91,2229,Moderate
39.39,169,30,3193,Critical
8.63,80,25,1005,Normal
39.69,162,64,3052,Critical
23.01,62,61,1340,Normal
39.75,167,43,3050,Critical
38.05,124,95,2796,High
38.91,131,95,2619,High
40.02,149,15,3159,Critical
39.92,151,66,3058,Critical
40.46,168,56,3155,Critical
40.47,164,5,3018,Critical
37.93,114,91,2453,Moderate
31.22,88,24,1058,Normal
37.73,104,94,2005,Moderate
38.41,131,94,2711,High
38.37,129,94,2848,High
38.11,127,93,2799,High
39.57,166,25,3194,Critical
38.16,140,95,2687,High
37.7,105,91,2203,Moderate
38.71,140,93,2801,High
40.18,144,64,3068,Critical
40.47,155,5,3084,Critical
37.85,119,93,2282,Moderate
27.72,81,82,1639,Normal
38.6,128,94,2781,High
37.96,117,94,2485,Moderate
37.7,118,94,2378,Moderate
38.78,121,95,2642,High
38.17,136,93,2578,High
37.81,106,94,2236,Moderate
24.8,68,90,465,Normal
38.38,136,94,2874,High
36.99,83,22,980,Normal
38.92,132,94,2976,High
37.66,107,94,2370,Moderate
37.85,102,91,2230,Moderate
38.04,125,93,2559,High
23.8,96,60,1029,Normal
40.07,143,32,3126,Critical
37.98,105,92,2174,Moderate
19.83,91,63,642,Normal
38.44,128,93,2885,High
39.88,160,33,3053,Critical
37.53,114,94,2030,Moderate
39.1,160,6,3075,Critical
6.69,71,75,630,Normal
37.52,113,92,2430,Moderate
37.62,102,94,2170,Moderate
37.83,101,90,2023,Moderate
40.1,149,39,3190,Critical
0.31,64,16,522,Normal
38.77,123,94,2504,High
37.98,120,94,2492,Moderate
40.37,149,8,3118,Critical
14.04,82,30,844,Normal
38.69,127,94,2692,High
24.77,68,19,662,Normal
38.07,140,95,2953,High
38.0,110,93,2267,Moderate
37.74,114,93,2141,Moderate
27.08,74,38,39,Normal
19.32,62,71,711,Normal
37.54,120,91,2168,Moderate
10.81,66,84,682,Normal
37.57,120,91,2007,Moderate
31.8,84,90,1148,Normal
8.67,63,87,110,Normal
38.52,131,94,2568,High
22.36,78,50,1255,Normal
11.84,78,35,545,Normal
38.07,127,93,2796,High
37.7,116,92,2144,Moderate
32.43,100,12,1732,Normal
37.68,117,93,2418,Moderate
34.57,92,66,1142,Normal
38.73,136,94,2790,High
37.75,111,94,2134,Moderate
19.8,93,74,429,Normal
6.46,66,46,721,Normal
38.48,122,93,2923,High
38.92,132,93,2874,High
40.48,146,26,3014,Critical
38.2,126,95,2630,High
38.84,136,95,2631,High
39.19,164,57,3081,Critical
37.64,115,94,2412,Moderate
38.39,133,94,2950,High
39.67,152,47,3009,Critical
18.65,95,46,158,Normal
39.68,141,36,3115,Critical
38.4,137,93,2545,High
34.05,67,88,184,Normal
13.31,99,40,1145,Normal
38.61,139,94,2859,High
38.61,124,93,2961,High
38.43,132,95,2748,High
23.46,74,90,1747,Normal
29.37,80,9,159,Normal
38.11,129,95,2550,High
16.6,87,35,618,Normal
38.88,130,94,2536,High
40.46,144,67,3185,Critical
37.96,107,92,2285,Moderate
38.61,127,94,2764,High
39.87,145,48,3129,Critical
40.23,156,89,3110,Critical
37.58,110,91,2231,Moderate
39.66,155,6,3054,Critical
38.85,137,94,2588,High
29.03,95,22,311,Normal
39.23,163,15,3042,Critical
37.96,120,93,2427,Moderate
39.41,164,37,3118,Critical
38.04,133,95,2583,High
39.35,156,78,3080,Critical
37.95,119,93,2339,Moderate
37.61,116,90,2274,Moderate
37.51,106,92,2417,Moderate
39.08,159,76,3015,Critical
2.08,88,21,1078,Normal
37.93,112,92,2197,Moderate
39.74,159,81,3105,Critical
37.65,103,92,2051,Moderate
30.18,62,42,566,Normal
38.5,123,94,2834,High
37.52,101,93,2146,Moderate
38.98,130,95,2671,High
38.88,137,93,2519,High
38.71,134,95,2851,High
38.01,124,95,2679,High
38.68,127,94,2855,High
39.14,165,25,3057,Critical
38.65,123,94,2773,High
38.16,138,95,2728,High
37.57,105,91,2382,Moderate
38.95,129,94,2935,High
37.4,67,39,203,Normal
39.83,145,31,3057,Critical
38.69,140,94,2629,High
40.45,158,10,3152,Critical
36.13,78,25,414,Normal
1.18,60,53,380,Normal
40.43,148,9,3058,Critical
38.45,131,95,2960,High
39.38,169,48,3107,Critical
32.56,70,85,1084,Normal
39.58,164,64,3112,Critical
38.26,126,95,2895,High
37.7,117,92,2282,Moderate
38.74,138,94,2986,High
38.63,126,93,2665,High
16.51,68,42,1558,Normal
39.05,164,26,3126,Critical
37.89,112,91,2323,Moderate
39.04,167,67,3145,Critical
38.84,126,94,2643,High
38.23,135,93,2664,High
38.24,138,95,2654,High
13.56,94,33,1399,Normal
30.74,77,86,1827,Normal
37.68,109,90,2272,Moderate
26.52,76,13,1837,Normal
39.3,162,78,3090,Critical
38.96,121,94,2537,High
13.61,77,63,24,Normal
4.41,63,1,294,Normal
37.63,111,93,2265,Moderate
38.24,136,93,2774,High
39.88,155,71,3001,Critical
38.63,129,94,2916,High
38.31,133,94,2595,High
37.63,106,93,2314,Moderate
38.73,140,95,2857,High
37.69,113,91,2459,Moderate
38.74,124,93,2589,High
38.45,125,95,2884,High
38.17,124,93,2546,High
37.56,114,93,2141,Moderate
39.72,143,5,3022,Critical
36.86,97,41,1498,Normal
37.61,101,91,2457,Moderate
37.75,114,94,2297,Moderate
37.63,115,92,2435,Moderate
3.77,98,79,897,Normal
37.65,112,94,2076,Moderate
38.43,131,95,2598,High
40.09,149,79,3058,Critical
37.89,111,91,2175,Moderate
39.99,160,24,3051,Critical
8.32,84,46,1247,Normal
9.22,62,15,492,Normal
3.41,61,32,465,Normal
37.64,117,92,2089,Moderate
38.98,134,94,2573,High
40.33,161,87,3160,Critical
37.96,120,93,2411,Moderate
39.39,153,79,3083,Critical
38.82,136,93,2870,High
37.53,115,94,2273,Moderate
5.24,82,7,264,Normal
37.95,116,93,2046,Moderate
37.65,102,93,2382,Moderate
39.26,169,33,3064,Critical
38.86,131,94,2950,High
38.68,123,95,2771,High
39.5,147,55,3018,Critical
37.61,116,91,2183,Moderate
11.87,69,52,572,Normal
40.19,168,66,3045,Critical
37.67,113,92,2155,Moderate
38.7,122,94,2638,High
27.89,100,48,712,Normal
37.79,111,94,2456,Moderate
37.98,109,94,2265,Moderate
37.83,108,91,2010,Moderate
38.08,127,93,2739,High
2.0,64,7,230,Normal
38.0,111,90,2373,Moderate
40.07,167,60,3074,Critical
39.92,166,22,3127,Critical
40.49,154,71,3011,Critical
37.7,106,94,2241,Moderate
39.0,154,86,3011,Critical
18.76,88,24,1920,Normal
28.44,73,67,26,Normal
40.03,164,36,3087,Critical
39.91,153,54,3169,Critical
39.11,167,88,3200,Critical
38.29,127,95,2606,High
37.66,107,92,2353,Moderate
40.03,144,84,3157,Critical
2.07,78,41,37,Normal
39.14,154,81,3011,Critical
39.36,147,3,3080,Critical
37.62,118,91,2188,Moderate
32.59,80,77,1110,Normal
6.95,68,70,700,Normal
38.26,123,95,2749,High
37.73,108,94,2195,Moderate
29.79,80,90,1995,Normal
38.27,128,93,2614,High
37.55,116,93,2325,Moderate
38.98,126,95,2560,High
38.87,125,93,2703,High
38.4,122,94,2755,High
40.4,163,21,3188,Critical
37.83,108,93,2258,Moderate
38.42,139,95,2715,High
38.23,134,95,2504,High
38.35,129,93,2981,High
1.96,70,66,1955,Normal
39.99,157,34,3118,Critical
38.97,133,93,2645,High
39.28,167,44,3033,Critical
39.01,170,79,3048,Critical
37.52,107,94,2046,Moderate
38.29,124,95,2515,High
38.89,127,93,2724,High
37.6,114,90,2371,Moderate
4.85,67,46,744,Normal
39.63,165,69,3074,Critical
38.24,135,95,2733,High
37.74,107,92,2006,Moderate
37.93,118,90,2325,Moderate
38.94,133,95,2740,High
37.62,113,91,2094,Moderate
38.63,133,93,2555,High
38.33,138,94,2679,High
39.67,151,45,3176,Critical
38.34,129,94,2933,High
38.33,137,93,2727,High
40.23,153,59,3053,Critical
37.84,113,92,2212,Moderate
38.26,121,94,2693,High
38.82,123,93,2779,High
38.48,132,94,2725,High
37.86,106,91,2041,Moderate
38.46,135,94,2739,High
18.07,94,1,337,Normal
38.41,134,95,2958,High
35.97,64,28,950,Normal
38.37,128,94,2888,High
37.74,102,90,2327,Moderate
39.67,166,2,3077,Critical
37.72,109,91,2096,Moderate
38.11,130,94,2782,High
38.41,130,94,2536,High
37.53,111,92,2408,Moderate
8.18,74,34,794,Normal
40.08,144,31,3130,Critical
24.27,70,42,532,Normal
40.48,145,83,3172,Critical
26.44,76,52,368,Normal
38.76,121,94,2528,High
40.34,148,85,3057,Critical
38.66,139,95,2553,High
37.64,120,94,2269,Moderate
38.91,127,93,2963,High
39.34,166,23,3011,Critical
38.39,134,93,2724,High
27.36,73,6,1763,Normal
40.0,162,42,3081,Critical
37.6,105,94,2154,Moderate
16.12,62,40,1767,Normal
13.98,96,33,1931,Normal
39.17,146,84,3179,Critical
20.34,99,39,897,Normal
38.59,130,95,2547,High
37.57,118,94,2450,Moderate
37.73,113,91,2182,Moderate
37.82,101,91,2152,Moderate
12.0,68,81,797,Normal
39.34,148,5,3044,Critical
39.26,161,27,3129,Critical
37.8,110,93,2332,Moderate
39.06,169,50,3007,Critical
39.3,143,80,3016,Critical
37.71,105,92,2353,Moderate
25.57,91,49,3,Normal
37.66,103,93,2084,Moderate
18.44,86,82,1072,Normal
0.88,78,63,820,Normal
39.82,166,90,3008,Critical
39.7,149,27,3178,Critical
13.33,80,67,950,Normal
11.25,73,88,1204,Normal
38.39,140,94,2864,High
25.65,80,29,1557,Normal
38.32,139,93,2587,High
37.69,116,91,2425,Moderate
40.12,161,7,3097,Critical
32.88,72,72,394,Normal
38.39,132,95,2714,High
37.58,118,91,2314,Moderate
38.61,130,93,2533,High
17.64,73,45,288,Normal
39.36,168,58,3199,Critical
38.54,128,95,2665,High
38.81,129,93,2565,High
40.11,141,89,3194,Critical
39.15,143,15,3076,Critical
37.7,118,93,2161,Moderate
38.93,122,95,2549,High
37.94,106,94,2350,Moderate
6.28,86,29,905,Normal
38.63,128,94,2531,High
40.26,157,72,3110,Critical
20.28,60,27,1888,Normal
39.93,157,80,3026,Critical
38.36,125,93,2845,High
26.24,80,86,1889,Normal
39.65,160,67,3000,Critical
37.75,106,93,2144,Moderate
1.84,89,9,1835,Normal
39.38,167,80,3120,Critical
20.09,77,22,1534,Normal
38.29,138,93,2860,High
3.53,79,78,1696,Normal
20.53,100,15,105,Normal
38.9,140,95,2546,High
39.13,154,13,3114,Critical
29.02,82,52,1471,Normal
1.93,67,89,214,Normal
38.2,140,94,2555,High
40.29,143,80,3117,Critical
38.87,130,94,2874,High
38.74,128,95,2620,High
39.61,161,13,3073,Critical
37.97,103,94,2465,Moderate
3.78,75,89,330,Normal
37.8,113,90,2450,Moderate
36.89,87,42,1237,Normal
37.65,107,90,2354,Moderate
40.16,169,87,3078,Critical
40.15,142,13,3098,Critical
39.59,143,83,3179,Critical
22.51,86,5,912,Normal
37.8,116,91,2428,Moderate
39.18,160,81,3106,Critical
39.73,164,33,3108,Critical
39.06,163,88,3141,Critical
26.1,63,12,1708,Normal
12.61,88,46,327,Normal
38.61,131,93,2556,High
37.95,111,92,2356,Moderate
40.04,148,47,3104,Critical
40.24,159,43,3191,Critical
40.28,147,60,3154,Critical
40.28,142,12,3160,Critical
38.88,121,93,2612,High
37.88,120,93,2171,Moderate
38.51,130,93,2786,High
38.11,136,94,2590,High
3.63,85,30,368,Normal
30.7,76,85,1651,Normal
40.41,147,58,3103,Critical
30.72,90,34,930,Normal
39.32,157,10,3053,Critical
37.97,111,94,2331,Moderate
37.62,113,91,2455,Moderate
38.43,128,94,2961,High
20.32,60,68,147,Normal
15.41,64,12,1658,Normal
37.53,111,90,2395,Moderate
5.61,86,11,1736,Normal
38.86,132,94,2979,High
35.56,74,26,707,Normal
37.24,100,11,176,Normal
37.97,101,92,2265,Moderate
37.64,115,94,2038,Moderate
38.16,123,94,2625,High
40.09,157,17,3136,Critical
37.63,109,92,2014,Moderate
37.93,105,90,2271,Moderate
38.77,136,95,2507,High
38.3,139,95,2672,High
38.59,121,95,2846,High
40.34,158,17,3158,Critical
37.81,103,90,2392,Moderate
39.57,145,20,3048,Critical
40.26,156,11,3006,Critical
39.48,152,57,3019,Critical
39.93,141,2,3197,Critical
38.35,131,94,2947,High
35.35,85,30,153,Normal
38.66,125,93,2641,High
37.6,114,94,2288,Moderate
38.02,135,94,2672,High
37.53,117,94,2061,Moderate
37.9,103,92,2225,Moderate
39.68,151,4,3126,Critical
38.05,140,94,2699,High
39.53,166,19,3024,Critical
37.61,116,93,2189,Moderate
39.51,168,1,3102,Critical
39.16,167,40,3051,Critical
7.16,94,6,1371,Normal
38.92,131,95,2562,High
39.29,170,44,3090,Critical
39.99,161,72,3087,Critical
20.97,80,19,187,Normal
39.53,154,31,3093,Critical
27.42,66,71,1588,Normal
39.95,149,28,3055,Critical
38.05,133,93,2882,High
39.26,149,71,3079,Critical
37.94,120,94,2211,Moderate
38.58,132,95,2914,High
10.93,91,57,1153,Normal
38.18,127,95,2793,High
38.03,130,94,2937,High
39.65,166,7,3150,Critical
3.06,86,63,1566,Normal
40.01,150,28,3050,Critical
38.89,138,93,2532,High
38.8,121,93,2753,High
37.78,107,90,2375,Moderate
38.6,124,94,2868,High
27.21,68,78,714,Normal
37.55,112,92,2102,Moderate
17.31,73,32,220,Normal
21.24,68,72,399,Normal
38.34,136,93,2513,High
37.55,110,92,2400,Moderate
37.59,111,94,2369,Moderate
38.19,130,95,2561,High
38.08,126,95,2651,High
39.64,148,16,3097,Critical
39.02,149,68,3070,Critical
40.37,143,33,3106,Critical
35.01,65,16,267,Normal
39.41,145,20,3004,Critical
40.36,160,64,3055,Critical
37.92,117,93,2282,Moderate
39.68,152,6,3047,Critical
39.79,169,42,3076,Critical
40.13,142,30,3196,Critical
0.92,85,4,1227,Normal
37.89,114,91,2025,Moderate
19.75,64,48,686,Normal
38.57,128,95,2585,High
37.87,113,90,2490,Moderate
39.18,164,41,3160,Critical
14.98,90,72,1792,Normal
40.43,164,90,3054,Critical
38.79,126,93,2654,High
37.78,109,92,2200,Moderate
38.33,138,94,2994,High
37.96,112,94,2420,Moderate
38.45,131,93,2919,High
39.76,163,29,3005,Critical
37.9,111,92,2002,Moderate
38.4,124,95,2883,High
12.47,90,65,652,Normal
39.05,150,29,3067,Critical
39.55,152,32,3116,Critical
37.58,115,91,2036,Moderate
38.9,122,95,2777,High
39.92,163,60,3048,Critical
38.8,133,93,2679,High
24.97,99,1,527,Normal
37.86,107,94,2440,Moderate
39.69,141,51,3161,Critical
4.01,96,5,188,Normal
17.74,68,27,966,Normal
38.97,134,95,2685,High
39.84,154,70,3104,Critical
37.9,117,92,2057,Moderate
37.69,110,91,2124,Moderate
38.41,123,93,2957,High
37.63,111,90,2098,Moderate
37.8,111,94,2491,Moderate
39.21,147,88,3024,Critical
39.06,170,13,3171,Critical
12.96,64,73,1849,Normal
29.36,79,59,1237,Normal
38.41,130,95,2740,High
38.99,130,94,2559,High
40.39,170,56,3036,Critical
8.65,77,42,1566,Normal
39.96,148,3,3095,Critical
40.05,169,38,3067,Critical
38.06,137,94,2773,High
39.88,156,62,3092,Critical
38.84,125,94,2768,High
12.48,93,39,231,Normal
37.87,117,91,2318,Moderate
39.67,145,13,3102,Critical
23.82,100,21,793,Normal
37.57,118,91,2428,Moderate
38.37,131,95,2651,High
37.74,120,93,2432,Moderate
37.51,106,92,2435,Moderate
38.14,127,95,2920,High
18.17,86,74,540,Normal
38.95,139,95,2579,High
38.16,121,95,2660,High
38.43,140,95,2751,High
39.07,145,39,3115,Critical
38.9,128,94,2991,High
38.57,138,94,2593,High
37.94,111,93,2363,Moderate
37.84,114,91,2078,Moderate
37.73,116,90,2428,Moderate
38.36,125,94,2580,High
38.7,135,95,2998,High
38.77,124,95,2794,High
34.66,80,65,608,Normal
38.16,121,95,2634,High
39.3,145,3,3172,Critical
29.06,75,23,954,Normal
37.6,120,93,2336,Moderate
39.57,165,72,3160,Critical
37.6,115,93,2104,Moderate
39.7,148,88,3154,Critical
37.76,106,92,2040,Moderate
16.29,100,59,740,Normal
37.82,118,94,2061,Moderate
6.46,77,13,947,Normal
39.73,144,18,3144,Critical
38.52,125,94,2912,High
38.76,122,95,2715,High
37.91,114,91,2078,Moderate
40.07,152,7,3150,Critical
10.96,81,64,515,Normal
38.77,134,95,2599,High
37.88,119,90,2197,Moderate
39.74,142,12,3166,Critical
39.54,155,72,3121,Critical
39.27,154,70,3086,Critical
38.19,125,95,2576,High
38.34,129,93,2653,High
19.49,90,39,1740,Normal
39.43,165,79,3028,Critical
37.79,109,91,2227,Moderate
39.89,167,14,3040,Critical
39.92,154,26,3097,Critical
11.18,98,46,747,Normal
38.48,140,94,2522,High
37.83,109,90,2412,Moderate
29.65,97,82,1916,Normal
39.54,156,57,3177,Critical
37.65,111,90,2330,Moderate
40.06,148,69,3086,Critical
40.04,149,82,3135,Critical
39.99,153,25,3141,Critical
38.56,140,93,2962,High
37.7,110,94,2325,Moderate
39.49,170,31,3154,Critical
38.46,123,95,2870,High
23.11,85,38,725,Normal
39.48,154,52,3114,Critical
37.65,109,93,2468,Moderate
29.69,92,55,984,Normal
37.73,115,93,2041,Moderate
21.7,78,23,1939,Normal
37.79,104,92,2259,Moderate
3.13,71,39,1134,Normal
38.23,130,95,2738,High
40.16,151,59,3032,Critical
40.21,154,88,3151,Critical
35.61,86,63,1633,Normal
38.21,125,93,2861,High
39.77,153,59,3101,Critical
39.34,159,29,3006,Critical
36.54,83,89,606,Normal
7.48,90,59,1385,Normal
37.83,119,91,2437,Moderate
39.09,154,62,3186,Critical
38.66,134,94,2802,High
38.64,129,94,2893,High
39.51,141,48,3115,Critical
38.08,134,93,2616,High
38.81,131,95,2748,High
38.04,121,94,2741,High
38.71,126,95,2538,High
38.19,130,94,2661,High
37.96,120,91,2042,Moderate
37.54,114,94,2278,Moderate
40.45,150,42,3011,Critical
37.81,113,92,2261,Moderate
38.53,131,93,2880,High
40.5,143,78,3141,Critical
37.89,104,90,2493,Moderate
2.39,98,16,1167,Normal
38.37,140,94,2915,High
39.78,143,32,3020,Critical
38.22,133,94,2813,High
39.81,146,81,3122,Critical
37.86,120,94,2455,Moderate
38.28,140,94,2751,High
37.99,110,93,2327,Moderate
40.01,143,76,3177,Critical
40.06,167,16,3180,Critical
38.57,123,95,2721,High
38.05,125,93,2796,High
37.85,110,91,2262,Moderate
37.59,104,92,2160,Moderate
37.51,104,91,2321,Moderate
38.51,128,93,2675,High
16.72,79,53,1166,Normal
6.02,90,75,145,Normal
37.8,108,93,2083,Moderate
39.8,145,54,3090,Critical
39.19,161,40,3192,Critical
38.93,121,93,2907,High
38.2,139,94,2648,High
7.72,96,41,64,Normal
28.08,74,12,930,Normal
38.46,140,94,2691,High
37.83,120,94,2208,Moderate
3.18,76,67,1666,Normal
39.18,165,3,3169,Critical
37.6,118,93,2082,Moderate
3.37,75,86,1785,Normal
40.49,170,84,3096,Critical
37.6,108,91,2162,Moderate
37.93,120,90,2405,Moderate
38.86,132,95,2934,High
24.75,73,57,1781,Normal
37.51,117,90,2289,Moderate
37.93,115,92,2314,Moderate
31.66,62,45,1876,Normal
38.95,138,94,2525,High
37.71,117,90,2468,Moderate
37.7,114,92,2061,Moderate
38.85,139,94,2540,High
38.97,134,94,2539,High
38.08,132,95,2797,High
39.62,168,45,3175,Critical
38.06,131,93,2869,High
38.92,127,94,2539,High
39.71,157,47,3003,Critical
18.39,91,35,1224,Normal
37.59,116,93,2429,Moderate
4.38,83,43,778,Normal
4.7,74,67,1080,Normal
18.14,79,84,1460,Normal
40.37,170,8,3109,Critical
39.59,170,80,3186,Critical
7.18,77,30,762,Normal
38.43,140,95,2867,High
38.72,140,95,2535,High
38.82,135,94,2882,High
37.96,113,90,2459,Moderate
18.25,89,4,71,Normal
37.93,106,90,2460,Moderate
29.93,85,28,1448,Normal
38.49,131,94,2887,High
38.88,138,93,2840,High
38.63,139,93,2580,High
12.74,65,14,1847,Normal
38.86,134,93,2803,High
10.05,61,22,1752,Normal
39.15,158,33,3050,Critical
0.5,78,28,636,Normal
37.62,110,94,2233,Moderate
38.6,138,95,2752,High
39.57,142,34,3103,Critical
37.93,114,93,2312,Moderate
38.77,126,93,2616,High
39.06,153,57,3068,Critical
38.72,124,94,2523,High
39.15,168,17,3063,Critical
38.44,139,93,2858,High
38.29,123,93,2532,High
39.44,151,20,3047,Critical
4.46,72,52,1854,Normal
37.78,105,94,2414,Moderate
37.65,113,92,2112,Moderate
37.75,115,91,2354,Moderate
40.16,167,41,3015,Critical
38.75,140,93,2851,High
38.45,140,93,2504,High
39.82,151,51,3154,Critical
40.4,153,66,3006,Critical
0.8,90,80,1056,Normal
38.55,140,94,2862,High
38.12,123,94,2734,High
40.36,169,33,3183,Critical
40.29,146,67,3014,Critical
38.24,132,95,2905,High
12.96,63,64,1964,Normal
37.99,111,91,2153,Moderate
39.69,161,59,3049,Critical
1.3,84,75,1951,Normal
23.92,64,57,163,Normal
39.74,168,64,3096,Critical
38.31,131,93,2950,High
14.34,64,74,470,Normal
39.36,169,23,3014,Critical
38.71,137,95,2913,High
38.53,126,95,2761,High
39.9,166,7,3060,Critical
39.39,147,28,3097,Critical
39.42,147,59,3073,Critical
38.25,133,94,2712,High
39.88,146,36,3097,Critical
38.43,131,94,2715,High
40.09,161,62,3115,Critical
38.32,128,93,2701,High
37.99,106,92,2031,Moderate
39.65,149,40,3031,Critical
40.45,148,20,3072,Critical
19.01,79,24,1117,Normal
37.71,108,93,2450,Moderate
39.16,169,45,3135,Critical
37.81,101,94,2260,Moderate
39.93,146,90,3053,Critical
14.83,86,73,693,Normal
13.42,97,10,1866,Normal
40.18,150,79,3040,Critical
39.31,156,66,3184,Critical
38.94,135,95,2795,High
37.87,103,92,2483,Moderate
22.63,68,10,272,Normal
37.66,112,91,2357,Moderate
39.11,163,52,3175,Critical
39.12,170,53,3035,Critical
37.85,110,94,2174,Moderate
37.97,115,90,2243,Moderate
9.85,99,65,1177,Normal
37.67,116,90,2376,Moderate
39.16,145,22,3174,Critical
37.6,110,92,2055,Moderate
39.11,150,6,3108,Critical
39.42,153,54,3020,Critical
4.06,72,51,1603,Normal
37.59,118,94,2183,Moderate
38.85,124,94,2943,High
38.61,136,93,2889,High
40.38,146,37,3040,Critical
38.42,130,95,2941,High
21.92,63,81,1309,Normal
38.97,126,94,2620,High
40.07,169,89,3098,Critical
39.32,146,5,3060,Critical
39.75,150,57,3070,Critical
37.83,102,91,2307,Moderate
38.99,121,94,2744,High
38.43,137,95,2691,High
37.92,112,90,2328,Moderate
40.02,143,90,3191,Critical
40.41,144,11,3079,Critical
10.91,94,35,317,Normal
37.64,104,94,2142,Moderate
38.38,121,93,2513,High
37.59,115,94,2058,Moderate
22.62,87,44,503,Normal
40.18,144,16,3108,Critical
39.29,148,70,3055,Critical
23.64,73,2,1626,Normal
25.0,68,61,669,Normal
38.36,135,94,2729,High
39.62,150,65,3041,Critical
37.57,114,93,2165,Moderate
39.72,141,34,3037,Critical
29.09,80,73,304,Normal
37.86,118,90,2490,Moderate
30.38,92,29,1728,Normal
37.97,115,90,2176,Moderate
38.08,134,94,2889,High
39.76,146,33,3003,Critical
40.16,147,6,3062,Critical
38.53,129,93,2809,High
39.87,142,52,3178,Critical
37.61,103,93,2298,Moderate
37.79,102,91,2270,Moderate
40.32,159,26,3123,Critical
39.98,148,19,3122,Critical
2.58,69,46,1585,Normal
38.45,140,93,2593,High
40.44,141,80,3171,Critical
38.41,125,93,2632,High
37.51,111,94,2387,Moderate
39.35,143,79,3179,Critical
33.05,71,27,1576,Normal
38.33,134,95,2774,High
37.58,119,92,2351,Moderate
39.67,161,69,3044,Critical
15.55,85,5,122,Normal
39.06,160,87,3105,Critical
23.88,90,64,420,Normal
40.39,148,43,3128,Critical
38.16,135,93,2504,High
1.21,95,80,1237,Normal
5.31,92,35,313,Normal
37.82,105,94,2480,Moderate
13.73,82,69,610,Normal
39.24,145,33,3112,Critical
39.49,161,84,3068,Critical
40.25,155,44,3009,Critical
37.73,104,93,2321,Moderate
39.92,160,32,3000,Critical
37.73,119,90,2486,Moderate
33.99,74,77,447,Normal
39.86,151,7,3006,Critical
38.07,131,94,2682,High
19.95,95,11,429,Normal
39.59,151,84,3185,Critical
38.11,121,93,2527,High
5.14,60,78,1743,Normal
40.25,158,4,3017,Critical
38.18,139,95,2537,High
38.21,138,94,2736,High
39.39,151,39,3167,Critical
38.61,131,95,2597,High
37.55,105,90,2376,Moderate
11.14,89,46,235,Normal
37.63,110,92,2282,Moderate
37.97,115,91,2087,Moderate
23.73,86,79,1542,Normal
38.37,136,93,2531,High
39.97,145,71,3149,Critical
37.75,110,94,2412,Moderate
37.59,111,93,2418,Moderate
37.52,109,92,2153,Moderate
39.89,141,75,3114,Critical
30.82,92,68,758,Normal
38.97,137,95,2758,High
38.49,123,94,2608,High
37.59,110,91,2356,Moderate
38.94,122,93,2946,High
37.58,110,91,2303,Moderate
36.45,99,75,501,Normal
35.35,90,37,62,Normal
40.11,149,65,3019,Critical
7.12,98,51,926,Normal
40.01,153,89,3088,Critical
38.09,121,94,2921,High
19.88,85,82,1469,Normal
38.42,122,95,2964,High
39.12,158,69,3134,Critical
38.61,124,94,2792,High
37.95,116,92,2136,Moderate
37.63,120,91,2255,Moderate
37.87,110,94,2227,Moderate
16.68,61,8,861,Normal
21.09,95,12,1159,Normal
37.85,101,93,2330,Moderate
38.43,130,93,2725,High
20.6,60,26,942,Normal
39.63,142,25,3155,Critical
39.04,159,53,3007,Critical
28.89,68,26,1993,Normal
39.09,165,21,3182,Critical
28.22,82,38,1658,Normal
38.72,132,95,2696,High
3.73,88,78,253,Normal
14.09,73,88,922,Normal
37.81,109,92,2361,Moderate
38.05,130,93,2529,High
40.45,150,3,3196,Critical
13.3,98,7,1898,Normal
33.7,74,89,502,Normal
29.03,61,9,539,Normal
40.41,141,43,3037,Critical
39.9,143,1,3092,Critical
37.74,113,94,2063,Moderate
39.97,165,80,3182,Critical
37.97,119,92,2477,Moderate
38.48,132,93,2987,High
40.22,147,23,3156,Critical
39.04,148,85,3019,Critical
37.71,102,91,2442,Moderate
37.74,110,93,2126,Moderate
21.66,66,25,531,Normal
38.61,123,95,2736,High
0.77,69,55,1079,Normal
38.07,133,93,2919,High
19.93,76,45,26,Normal
37.75,111,90,2156,Moderate
34.5,79,28,1250,Normal
39.12,165,2,3198,Critical
38.81,128,94,2776,High
39.45,150,75,3004,Critical
39.74,165,85,3171,Critical
23.22,98,64,312,Normal
39.63,145,70,3032,Critical
16.21,97,37,1313,Normal
29.39,95,14,1623,Normal
40.13,153,65,3054,Critical
37.86,107,93,2011,Moderate
37.49,99,12,722,Normal
38.38,126,94,2819,High
37.61,116,93,2085,Moderate
37.59,103,91,2159,Moderate
38.76,127,94,2961,High
38.14,130,95,2547,High
27.1,80,49,286,Normal
38.42,134,95,2797,High
39.63,156,38,3036,Critical
40.06,142,81,3053,Critical
39.74,159,23,3127,Critical
40.21,144,18,3040,Critical
38.12,140,95,2863,High
38.84,135,94,2630,High
14.6,98,70,1056,Normal
39.15,170,27,3156,Critical
38.67,130,94,2639,High
24.42,87,36,1604,Normal
40.23,159,29,3082,Critical
3.12,67,84,339,Normal
40.35,156,20,3127,Critical
37.67,107,91,2131,Moderate
14.3,81,29,577,Normal
38.89,126,95,2861,High
38.69,136,93,2656,High
37.6,120,94,2129,Moderate
37.98,117,90,2497,Moderate
15.15,99,0,331,Normal
40.39,167,73,3033,Critical
38.08,138,95,2957,High
18.69,68,8,699,Normal
30.68,77,27,1613,Normal
36.8,65,14,1300,Normal
19.35,69,78,577,Normal
39.2,167,4,3194,Critical
37.64,116,94,2082,Moderate
11.55,78,72,1833,Normal
35.54,76,87,575,Normal
7.23,100,52,1823,Normal
39.94,151,58,3056,Critical
37.76,110,91,2477,Moderate
21.5,97,39,865,Normal
39.63,146,64,3026,Critical
39.01,158,41,3027,Critical
37.79,105,93,2382,Moderate
38.93,121,94,2765,High
32.78,85,17,1238,Normal
40.44,151,48,3037,Critical
37.83,108,91,2119,Moderate
14.95,98,38,626,Normal
39.56,149,72,3151,Critical
8.19,70,55,498,Normal
38.67,130,95,2947,High
37.86,115,94,2424,Moderate
20.64,65,32,1882,Normal
24.93,81,2,444,Normal
39.44,162,48,3128,Critical
38.19,128,95,2794,High
18.89,71,12,1270,Normal
39.43,150,27,3103,Critical
37.52,110,92,2188,Moderate
29.93,67,48,1112,Normal
39.11,150,45,3043,Critical
39.69,148,9,3043,Critical
6.74,100,55,318,Normal
37.68,110,92,2334,Moderate
38.53,127,93,2747,High
38.91,139,94,2755,High
39.71,169,40,3036,Critical
38.02,129,95,2793,High
39.59,167,45,3029,Critical
38.12,126,93,2933,High
37.88,120,93,2251,Moderate
13.32,70,53,1378,Normal
38.86,134,95,2564,High
38.24,133,93,2921,High
11.36,94,74,1705,Normal
37.55,101,94,2434,Moderate
37.58,102,94,2181,Moderate
40.39,159,18,3001,Critical
37.87,118,93,2462,Moderate
40.38,156,65,3102,Critical
23.49,63,53,1095,Normal
38.17,127,95,2557,High
0.22,69,28,693,Normal
39.26,158,53,3060,Critical
39.84,156,78,3116,Critical
39.92,161,59,3160,Critical
18.16,98,8,1245,Normal
37.81,114,92,2172,Moderate
37.5,118,94,2354,Moderate
20.46,93,74,525,Normal
39.08,170,90,3190,Critical
10.79,91,40,1566,Normal
40.49,147,16,3173,Critical
28.38,69,1,678,Normal
4.8,79,37,551,Normal
37.74,115,92,2115,Moderate
39.98,167,0,3116,Critical
11.42,61,77,196,Normal
36.93,67,65,564,Normal
37.73,115,94,2071,Moderate
39.64,149,50,3106,Critical
38.02,122,94,2629,High
37.9,114,94,2337,Moderate
38.9,129,93,2726,High
40.29,154,76,3155,Critical
27.24,71,2,557,Normal
38.57,136,94,2976,High
10.31,78,27,510,Normal
4.14,75,37,498,Normal
37.91,107,94,2431,Moderate
38.25,124,93,2892,High
39.06,150,48,3035,Critical
37.6,120,90,2393,Moderate
40.42,155,85,3136,Critical
7.9,95,42,1415,Normal
38.49,132,94,2526,High
37.82,115,93,2070,Moderate
40.04,155,82,3078,Critical
26.24,60,0,1975,Normal
39.97,141,63,3011,Critical
38.48,137,95,2773,High
39.69,160,43,3157,Critical
23.18,100,62,1236,Normal
37.78,101,93,2458,Moderate
39.57,144,85,3087,Critical
23.9,92,31,1168,Normal
24.19,67,39,1753,Normal
40.35,159,5,3103,Critical
17.1,85,53,1868,Normal
37.74,101,94,2358,Moderate
38.13,137,95,2503,High
39.35,142,36,3128,Critical
37.5,115,93,2216,Moderate
31.52,63,78,153,Normal
37.79,109,92,2338,Moderate
37.6,120,92,2105,Moderate
38.15,124,95,2667,High
37.77,109,94,2273,Moderate
18.69,76,69,104,Normal
8.83,83,38,348,Normal
37.61,111,93,2278,Moderate
18.15,93,89,981,Normal
15.87,63,56,909,Normal
4.25,83,61,909,Normal
39.12,149,15,3150,Critical
37.73,112,90,2421,Moderate
38.85,122,93,2786,High
37.97,103,90,2448,Moderate
37.83,113,91,2329,Moderate
38.01,136,93,2747,High
38.65,126,93,2950,High
38.99,122,93,2722,High
39.26,164,68,3079,Critical
39.12,158,34,3007,Critical
39.06,166,78,3016,Critical
3.1,82,83,1818,Normal
40.46,161,7,3067,Critical
18.05,84,39,1821,Normal
25.23,99,73,120,Normal
17.98,72,12,641,Normal
38.65,134,94,2610,High
39.83,165,70,3165,Critical
29.45,90,77,1741,Normal
37.74,101,92,2202,Moderate
37.79,103,93,2293,Moderate
40.46,161,78,3200,Critical
38.59,140,94,2657,High
39.05,144,72,3070,Critical
38.74,125,94,2983,High
38.35,132,93,2629,High
12.85,60,79,1018,Normal
38.31,121,95,2895,High
29.82,79,74,1048,Normal
39.2,154,45,3029,Critical
37.77,110,92,2082,Moderate
37.91,112,90,2003,Moderate
35.4,73,6,350,Normal
37.77,118,94,2425,Moderate
30.99,81,62,1243,Normal
35.42,98,35,1513,Normal
39.78,141,89,3011,Critical
40.41,163,13,3160,Critical
38.73,125,95,2836,High
40.26,142,51,3068,Critical
38.88,138,93,2683,High
40.12,170,65,3001,Critical
40.35,142,62,3008,Critical
37.89,108,91,2336,Moderate
27.01,99,77,61,Normal
16.32,71,68,256,Normal
39.59,155,13,3135,Critical
19.83,62,60,1360,Normal
39.49,166,23,3095,Critical
38.77,124,93,2714,High
40.23,168,27,3194,Critical
38.73,125,95,2553,High
20.75,78,87,291,Normal
37.88,102,93,2167,Moderate
37.99,109,90,2061,Moderate
40.09,168,43,3088,Critical
39.21,148,74,3037,Critical
38.35,132,94,2896,High
39.97,152,51,3170,Critical
1.16,91,51,502,Normal
31.02,68,45,90,Normal
38.73,125,93,2814,High
37.63,112,90,2089,Moderate
37.51,113,94,2221,Moderate
9.41,77,51,1674,Normal
21.36,85,38,1978,Normal
38.63,124,95,2508,High
37.67,115,92,2346,Moderate
39.92,148,44,3078,Critical
4.01,100,47,675,Normal
39.56,148,53,3106,Critical
28.22,78,80,1230,Normal
37.9,107,91,2246,Moderate
38.79,134,95,2852,High
3.04,76,88,1093,Normal
38.96,137,94,2673,High
10.52,95,76,308,Normal
37.5,105,91,2191,Moderate
7.0,67,67,1047,Normal
18.77,70,35,686,Normal
40.07,170,50,3128,Critical
39.64,147,77,3118,Critical
39.92,169,85,3174,Critical
39.06,155,39,3149,Critical
25.12,74,36,1281,Normal
37.74,115,90,2051,Moderate
39.86,166,23,3103,Critical
25.16,100,77,960,Normal
39.89,145,60,3164,Critical
38.6,140,93,2668,High
29.48,60,37,1963,Normal
38.33,131,95,2965,High
40.47,159,62,3050,Critical
37.85,102,92,2191,Moderate
37.96,117,94,2318,Moderate
40.42,146,79,3007,Critical
39.78,148,29,3019,Critical
5.01,94,78,1857,Normal
38.62,127,93,2537,High
38.03,121,95,2807,High
40.23,169,85,3005,Critical
40.09,151,84,3063,Critical
37.97,119,92,2027,Moderate
34.47,70,31,977,Normal
38.48,137,93,2983,High
38.57,136,93,2811,High
39.99,158,61,3026,Critical
38.55,126,95,2859,High
6.05,73,56,888,Normal
29.58,81,49,997,Normal
37.71,106,90,2420,Moderate
37.85,110,91,2435,Moderate
37.54,103,91,2340,Moderate
37.86,103,93,2197,Moderate
13.14,63,7,665,Normal
38.06,125,95,2874,High
10.87,87,62,1098,Normal
39.94,163,26,3107,Critical
37.71,103,91,2346,Moderate
39.27,147,61,3095,Critical
39.55,169,2,3124,Critical
37.94,119,91,2280,Moderate
21.78,61,27,1644,Normal
24.49,92,53,1635,Normal
37.98,114,94,2312,Moderate
38.21,132,94,2845,High
4.23,80,20,1526,Normal
37.68,118,93,2179,Moderate
37.51,119,90,2062,Moderate
39.06,167,70,3146,Critical
37.99,108,93,2000,Moderate
37.51,108,91,2161,Moderate
16.06,91,24,482,Normal
38.85,123,93,2901,High
39.93,158,79,3056,Critical
38.04,140,93,2640,High
39.16,156,38,3197,Critical
38.98,129,94,2634,High
20.11,88,51,1365,Normal
37.71,104,91,2091,Moderate
2.03,84,79,1398,Normal
39.9,150,81,3097,Critical
40.09,145,87,3031,Critical
40.13,145,21,3145,Critical
39.98,145,63,3167,Critical
21.59,73,76,1819,Normal
3.77,71,80,1545,Normal
39.7,144,0,3191,Critical
37.52,111,94,2227,Moderate
38.36,134,94,2630,High
34.53,81,71,635,Normal
38.85,126,93,2902,High
39.67,146,68,3016,Critical
39.12,170,72,3037,Critical
37.93,116,90,2426,Moderate
37.96,106,93,2420,Moderate
38.14,126,94,2904,High
18.9,74,52,1558,Normal
39.68,152,86,3067,Critical
16.56,91,69,1582,Normal
38.83,136,93,2500,High
38.31,140,95,2925,High
39.05,148,10,3067,Critical
2.81,100,25,249,Normal
37.8,107,92,2343,Moderate
37.91,111,94,2444,Moderate
37.69,120,91,2323,Moderate
21.9,82,10,1858,Normal
38.58,123,93,2765,High
37.68,114,93,2066,Moderate
13.78,78,74,1495,Normal
38.73,137,93,2538,High
24.22,98,6,1285,Normal
37.67,103,93,2043,Moderate
17.58,73,48,800,Normal
3.49,82,63,890,Normal
39.7,148,76,3025,Critical
38.32,130,95,2744,High
38.97,135,94,2527,High
40.0,151,33,3150,Critical
37.7,101,91,2035,Moderate
39.66,160,89,3011,Critical
40.07,145,33,3021,Critical
38.9,128,93,2601,High
38.81,130,95,2726,High
9.91,64,12,1440,Normal
37.51,104,91,2248,Moderate
37.81,106,93,2036,Moderate
37.83,113,94,2321,Moderate
30.14,76,27,1824,Normal
37.7,113,94,2244,Moderate
24.1,65,78,1352,Normal
38.54,134,95,2541,High
11.41,98,38,517,Normal
38.77,126,94,2553,High
37.98,105,93,2406,Moderate
17.93,73,21,267,Normal
38.37,121,94,2623,High
40.11,148,39,3005,Critical
3.03,92,43,1570,Normal
38.11,140,94,2675,High
38.15,133,93,2782,High
0.37,100,87,1048,Normal
39.23,164,82,3092,Critical
38.58,121,93,2654,High
38.63,128,94,2623,High
18.11,84,25,677,Normal
38.53,127,93,2603,High
37.67,108,91,2070,Moderate
14.45,90,28,1477,Normal
38.51,130,95,2986,High
37.54,115,94,2070,Moderate
38.67,132,95,2664,High
38.08,135,95,2715,High
39.37,150,15,3068,Critical
25.93,83,21,1751,Normal
3.34,95,60,1299,Normal
38.52,124,95,2770,High
40.4,157,77,3031,Critical
37.86,114,90,2423,Moderate
24.84,77,10,1795,Normal
27.8,86,82,314,Normal
39.62,146,82,3175,Critical
39.2,166,90,3067,Critical
21.93,90,75,1154,Normal
39.31,152,5,3016,Critical
38.87,136,93,2651,High
38.98,125,95,2533,High
38.33,136,95,2686,High
38.82,123,93,2708,High
35.62,96,60,99,Normal
39.35,159,71,3105,Critical
37.5,113,91,2340,Moderate
37.66,104,92,2149,Moderate
32.77,78,18,973,Normal
38.23,137,94,2753,High
22.76,83,17,628,Normal
16.04,62,26,591,Normal
38.85,124,94,2737,High
38.05,136,95,2804,High
39.9,170,22,3146,Critical
39.09,149,80,3175,Critical
30.23,70,31,554,Normal
38.73,138,93,2747,High
38.8,136,93,2652,High
33.99,65,77,1844,Normal
38.54,129,93,2933,High
8.7,94,51,1818,Normal
38.95,126,95,2854,High
38.99,136,95,2676,High
39.85,157,68,3023,Critical
38.21,135,95,2855,High
40.14,162,63,3060,Critical
38.95,121,94,2997,High
37.71,103,93,2008,Moderate
37.96,117,91,2217,Moderate
39.36,158,82,3168,Critical
37.57,114,92,2082,Moderate
38.37,130,94,2911,High
40.41,145,28,3197,Critical
20.95,60,58,879,Normal
4.15,100,45,585,Normal
25.17,93,6,181,Normal
40.02,144,64,3084,Critical
37.68,101,90,2166,Moderate
22.29,61,7,600,Normal
38.73,139,93,2923,High
5.11,86,8,1247,Normal
37.56,116,92,2297,Moderate
5.37,79,76,759,Normal
3.37,72,76,1303,Normal
38.34,140,94,2837,High
40.22,164,50,3150,Critical
37.65,110,92,2352,Moderate
38.75,134,93,2821,High
39.27,147,41,3092,Critical
38.12,134,95,2602,High
40.19,156,73,3161,Critical
40.03,162,90,3153,Critical
37.91,108,94,2275,Moderate
38.87,128,93,2594,High
40.27,154,2,3158,Critical
25.64,98,17,373,Normal
38.13,132,93,2628,High
38.05,130,93,2637,High
37.55,111,91,2404,Moderate
38.42,126,94,2656,High
4.27,62,6,358,Normal
39.13,159,25,3045,Critical
38.7,138,93,2975,High
11.53,63,28,1968,Normal
38.42,133,94,2673,High
38.82,133,93,2916,High
38.56,134,93,2620,High
39.28,168,53,3101,Critical
39.68,168,8,3196,Critical
38.11,133,94,2861,High
36.81,69,31,891,Normal
37.83,119,94,2405,Moderate
24.48,100,56,604,Normal
37.96,110,91,2490,Moderate
37.81,117,94,2177,Moderate
34.35,83,72,1330,Normal
38.57,138,93,2592,High
40.05,162,67,3111,Critical
17.31,66,38,1219,Normal
37.55,102,92,2156,Moderate
37.91,108,92,2276,Moderate
38.64,132,95,2713,High
39.61,155,7,3014,Critical
26.88,64,58,1885,Normal
37.51,111,91,2290,Moderate
15.94,62,16,351,Normal
40.1,142,10,3150,Critical
20.34,73,8,1312,Normal
17.28,100,70,943,Normal
38.54,123,94,2833,High
40.12,154,3,3028,Critical
38.48,124,95,2971,High
40.42,162,70,3144,Critical
39.73,163,59,3182,Critical
40.11,162,72,3100,Critical
38.29,137,94,2627,High
37.99,113,94,2036,Moderate
38.35,124,94,2518,High
12.02,87,18,594,Normal
37.66,105,90,2262,Moderate
38.19,139,95,2536,High
39.16,154,68,3087,Critical
0.38,94,49,1870,Normal
38.36,137,93,2888,High
39.74,142,82,3004,Critical
39.59,153,78,3200,Critical
39.88,146,8,3040,Critical
38.24,135,94,2919,High
38.5,136,94,2575,High
22.54,66,25,746,Normal
39.98,167,69,3139,Critical
37.8,116,94,2060,Moderate
22.32,84,7,1611,Normal
38.38,138,93,2599,High
38.95,136,94,2552,High
38.72,130,95,2904,High
37.98,107,92,2119,Moderate
37.48,62,84,438,Normal
20.11,71,0,516,Normal
38.21,125,93,2687,High
37.69,111,94,2137,Moderate
30.44,65,10,764,Normal
3.82,81,29,1799,Normal
35.22,67,61,1995,Normal
9.88,67,5,561,Normal
39.83,161,15,3039,Critical
39.05,150,17,3118,Critical
38.71,136,95,2948,High
39.04,145,67,3114,Critical
8.16,77,22,915,Normal
37.89,120,91,2040,Moderate
39.08,141,76,3171,Critical
39.07,169,78,3015,Critical
2.27,76,75,869,Normal
39.86,165,75,3074,Critical
11.88,96,13,1577,Normal
38.08,131,94,2795,High
37.86,109,94,2056,Moderate
39.93,142,44,3100,Critical
21.89,69,29,1420,Normal
37.55,118,91,2428,Moderate
38.0,132,93,2552,High
13.85,69,68,1632,Normal
14.25,71,63,538,Normal
32.4,65,4,975,Normal
38.0,116,91,2453,Moderate
39.48,155,76,3158,Critical
8.25,61,68,789,Normal
37.5,113,92,2089,Moderate
38.62,137,95,2772,High
9.4,88,40,1906,Normal
14.76,89,52,213,Normal
2.08,74,25,1342,Normal
38.48,139,94,2761,High
7.47,86,67,1533,Normal
37.97,113,93,2103,Moderate
38.64,123,94,2691,High
38.68,123,93,2818,High
38.15,127,95,2637,High
39.88,156,42,3052,Critical
39.65,143,15,3015,Critical
38.48,121,95,2782,High
38.06,130,94,2860,High
39.71,162,80,3058,Critical
37.64,109,92,2090,Moderate
38.76,139,95,2513,High
38.09,127,95,2823,High
38.63,140,94,2541,High
25.13,95,39,1294,Normal
37.65,118,90,2377,Moderate
39.48,150,26,3049,Critical
38.84,133,94,2954,High
40.02,170,14,3014,Critical
39.0,123,95,2732,High
18.0,66,13,400,Normal
37.53,112,91,2243,Moderate
37.02,89,27,1684,Normal
40.0,148,67,3144,Critical
37.7,102,92,2111,Moderate
37.92,120,93,2465,Moderate
8.57,68,19,1702,Normal
27.64,70,39,892,Normal
40.19,146,34,3126,Critical
38.37,135,95,2566,High
37.79,108,94,2370,Moderate
38.31,122,93,2822,High
38.33,135,95,2694,High
32.12,94,50,1456,Normal
3.38,68,87,434,Normal
37.55,114,91,2318,Moderate
37.97,109,90,2487,Moderate
38.37,128,94,2920,High
21.51,90,43,614,Normal
37.54,113,91,2259,Moderate
37.66,108,90,2317,Moderate
17.59,74,73,648,Normal
38.47,121,93,2640,High
28.87,61,49,100,Normal
36.38,100,9,494,Normal
38.61,128,93,2850,High
37.46,96,67,1617,Normal
37.94,113,94,2159,Moderate
39.39,164,88,3022,Critical
11.71,80,24,446,Normal
38.5,134,93,2710,High
40.01,161,20,3188,Critical
11.15,96,49,1775,Normal
38.23,131,94,2981,High
38.86,139,93,2690,High
37.64,117,92,2470,Moderate
37.53,119,94,2406,Moderate
39.06,155,84,3167,Critical
37.88,119,92,2488,Moderate
37.86,119,90,2452,Moderate
39.35,149,80,3092,Critical
15.94,92,36,1054,Normal
39.29,141,77,3092,Critical
18.67,96,12,1282,Normal
39.69,155,69,3024,Critical
37.59,106,90,2333,Moderate
39.46,167,54,3002,Critical
40.04,142,88,3095,Critical
38.55,130,95,2665,High
38.87,131,95,2970,High
37.9,104,94,2243,Moderate
34.51,90,37,1171,Normal
28.99,69,65,118,Normal
37.52,106,90,2295,Moderate
28.7,91,17,1718,Normal
37.51,116,91,2234,Moderate
10.94,71,1,680,Normal
39.6,156,90,3130,Critical
40.12,142,66,3010,Critical
37.71,114,90,2350,Moderate
38.52,126,94,2670,High
38.86,138,93,2811,High
8.46,93,15,764,Normal
32.57,85,29,460,Normal
39.69,146,79,3017,Critical
26.58,96,13,1298,Normal
40.07,154,38,3179,Critical
40.29,168,73,3026,Critical
40.36,167,84,3068,Critical
36.2,61,72,278,Normal
40.08,142,54,3038,Critical
24.31,61,55,338,Normal
37.69,106,93,2011,Moderate
39.78,156,49,3179,Critical
39.27,159,37,3009,Critical
39.98,155,64,3029,Critical
30.5,74,16,1588,Normal
40.27,151,61,3066,Critical
38.51,123,94,2587,High
37.63,101,92,2309,Moderate
9.98,70,79,1179,Normal
38.2,140,94,2540,High
39.99,152,61,3016,Critical
40.48,165,16,3058,Critical
37.88,101,94,2419,Moderate
37.62,106,90,2373,Moderate
38.0,118,92,2180,Moderate
24.37,98,3,620,Normal
39.32,141,67,3057,Critical
16.13,85,54,558,Normal
37.93,101,92,2005,Moderate
39.29,160,82,3093,Critical
19.77,60,24,420,Normal
38.94,139,94,2921,High
37.64,102,92,2222,Moderate
39.91,142,73,3082,Critical
38.99,121,93,2622,High
37.81,111,93,2124,Moderate
39.96,164,18,3088,Critical
38.58,130,94,2594,High
12.66,60,40,1032,Normal
39.22,155,84,3059,Critical
11.15,94,51,1857,Normal
30.04,91,15,1786,Normal
39.85,146,82,3165,Critical
36.01,88,71,967,Normal
24.9,64,9,1953,Normal
38.33,124,94,2524,High
39.03,169,32,3194,Critical
1.83,71,63,1518,Normal
38.79,122,94,2528,High
35.34,100,33,1264,Normal
0.77,63,80,892,Normal
37.66,113,90,2119,Moderate
2.0,99,53,1837,Normal
40.35,162,67,3084,Critical
28.38,95,25,1343,Normal
39.27,157,76,3133,Critical
40.03,160,28,3199,Critical
38.58,129,93,2562,High
39.04,155,51,3070,Critical
37.83,101,94,2026,Moderate
39.84,142,78,3001,Critical
30.95,81,23,1681,Normal
38.37,136,95,2980,High
37.53,120,92,2219,Moderate
24.83,100,88,911,Normal
40.01,145,86,3063,Critical
37.99,118,90,2263,Moderate
39.72,152,26,3052,Critical
10.52,74,62,1513,Normal
40.0,166,78,3162,Critical
37.62,111,91,2136,Moderate
38.88,127,94,2813,High
40.13,164,31,3067,Critical
37.96,112,91,2139,Moderate
37.66,101,92,2016,Moderate
40.35,150,14,3037,Critical
38.32,130,94,2629,High
38.84,139,93,2992,High
25.94,76,55,998,Normal
21.23,73,51,864,Normal
21.83,62,66,1770,Normal
37.74,108,93,2064,Moderate
39.34,144,41,3171,Critical
39.71,170,12,3124,Critical
37.67,102,94,2041,Moderate
38.2,140,93,2889,High
12.72,68,4,121,Normal
39.0,134,95,2952,High
39.21,168,50,3081,Critical
38.54,135,93,2535,High
40.44,141,14,3054,Critical
27.42,74,67,1914,Normal
14.74,66,72,1203,Normal
37.87,111,94,2271,Moderate
28.0,81,64,1738,Normal
40.01,146,43,3096,Critical
26.9,63,63,263,Normal
38.29,126,93,2751,High
22.13,96,35,27,Normal
37.57,120,92,2379,Moderate
19.1,79,5,1987,Normal
39.4,146,7,3093,Critical
16.72,80,33,242,Normal
37.76,110,92,2249,Moderate
39.94,155,84,3175,Critical
37.91,105,90,2324,Moderate
38.76,125,93,2535,High
11.56,80,8,365,Normal
9.82,70,88,1718,Normal
37.86,115,93,2003,Moderate
38.18,132,93,2669,High
37.94,109,93,2356,Moderate
39.18,151,85,3158,Critical
37.89,113,92,2464,Moderate
15.09,81,33,722,Normal
37.82,108,94,2037,Moderate
38.08,137,95,2579,High
37.84,101,91,2003,Moderate
38.1,127,95,2882,High
37.8,119,90,2125,Moderate
40.43,151,86,3030,Critical
38.05,121,94,2552,High
39.65,160,66,3046,Critical
40.01,160,16,3070,Critical
38.89,137,94,2740,High
37.98,118,90,2038,Moderate
39.08,153,24,3012,Critical
40.18,165,59,3085,Critical
38.87,130,94,2592,High
31.65,86,10,492,Normal
38.45,126,93,2985,High
38.53,123,95,2568,High
39.0,137,95,2938,High
37.84,102,93,2287,Moderate
2.92,60,88,327,Normal
39.76,154,74,3064,Critical
36.82,68,19,1995,Normal
38.33,137,94,2562,High
39.75,167,53,3148,Critical
37.59,107,94,2075,Moderate
40.42,159,2,3080,Critical
39.05,168,31,3141,Critical
39.25,154,24,3111,Critical
38.31,132,93,2542,High
32.67,89,36,1006,Normal
38.88,130,93,2657,High
40.09,157,16,3030,Critical
37.8,116,94,2315,Moderate
38.63,132,93,2604,High
39.75,159,36,3092,Critical
35.3,64,9,902,Normal
37.79,109,94,2126,Moderate
40.06,167,18,3060,Critical
39.68,154,21,3177,Critical
6.58,87,64,549,Normal
35.13,76,66,1078,Normal
35.72,67,50,113,Normal
38.22,122,94,2934,High
35.64,82,13,1106,Normal
37.99,102,90,2171,Moderate
39.31,143,10,3127,Critical
39.44,146,11,3143,Critical
18.7,74,22,1229,Normal
38.25,139,94,2569,High
38.17,122,95,2803,High
38.6,135,94,2797,High
37.25,97,81,896,Normal
39.59,166,40,3076,Critical
31.79,82,8,1512,Normal
39.77,170,29,3017,Critical
38.85,129,93,2699,High
38.24,130,93,2759,High
6.35,63,14,1860,Normal
6.25,60,22,216,Normal
0.12,90,57,1578,Normal
38.51,130,94,2517,High
39.02,156,74,3158,Critical
38.13,126,95,2722,High
39.24,142,69,3106,Critical
37.64,110,93,2359,Moderate
37.99,120,90,2157,Moderate
38.19,128,95,2785,High
37.6,103,94,2116,Moderate
29.19,65,31,1947,Normal
5.43,96,59,1185,Normal
2.43,83,42,1547,Normal
38.31,139,95,2932,High
39.28,163,14,3153,Critical
40.0,168,20,3199,Critical
39.77,160,54,3102,Critical
32.19,91,10,1017,Normal
37.85,114,94,2177,Moderate
21.83,98,39,1648,Normal
37.59,106,92,2304,Moderate
39.28,164,25,3004,Critical
37.99,102,90,2170,Moderate
10.53,85,83,601,Normal
38.9,140,94,2931,High
38.62,129,93,2879,High
35.9,60,64,997,Normal
40.36,149,3,3096,Critical
38.59,128,93,2848,High
26.11,62,61,1022,Normal
39.42,151,53,3064,Critical
38.47,123,95,2616,High
38.83,135,93,2617,High
38.9,139,93,2976,High
38.38,124,95,2833,High
37.6,106,91,2278,Moderate
19.15,70,0,1137,Normal
37.97,108,94,2100,Moderate
36.23,88,55,881,Normal
37.65,119,91,2180,Moderate
37.76,109,94,2316,Moderate
38.54,123,95,2819,High
38.85,138,95,2522,High
31.77,75,84,93,Normal
37.66,118,91,2206,Moderate
31.22,83,19,1956,Normal
8.88,69,41,1832,Normal
37.71,109,91,2468,Moderate
32.97,70,4,1153,Normal
39.51,161,17,3154,Critical
37.54,117,91,2347,Moderate
38.48,139,95,2882,High
39.11,155,73,3085,Critical
18.25,96,61,1318,Normal
37.96,101,93,2488,Moderate
9.59,99,32,1078,Normal
19.1,83,11,130,Normal
39.51,149,86,3180,Critical
38.19,126,94,2633,High
37.9,110,94,2445,Moderate
5.55,64,23,1744,Normal
37.74,110,91,2366,Moderate
37.51,105,91,2339,Moderate
40.31,153,39,3055,Critical
37.67,109,92,2089,Moderate
39.72,143,73,3003,Critical
40.37,143,69,3115,Critical
38.33,140,95,2504,High
1.61,64,3,1615,Normal
32.71,85,7,1626,Normal
38.81,139,95,2667,High
38.19,138,94,2510,High
37.98,120,91,2211,Moderate
40.21,157,78,3114,Critical
14.13,70,83,210,Normal
37.75,105,93,2114,Moderate
40.33,142,80,3039,Critical
37.7,109,94,2460,Moderate
32.82,62,26,501,Normal
37.63,104,92,2001,Moderate
37.7,116,94,2393,Moderate
37.77,105,90,2355,Moderate
8.6,78,90,1036,Normal
39.0,136,93,2783,High
39.41,155,1,3038,Critical
37.53,117,91,2259,Moderate
18.23,64,53,54,Normal
38.68,132,95,2510,High
37.94,108,91,2389,Moderate
24.59,92,5,1751,Normal
39.71,146,90,3011,Critical
37.81,103,90,2297,Moderate
32.56,61,40,366,Normal
30.8,93,69,100,Normal
22.94,88,30,1811,Normal
33.33,77,30,1131,Normal
38.28,127,94,2911,High
38.72,134,95,2816,High
15.36,74,25,135,Normal
37.78,108,93,2167,Moderate
38.43,135,95,2576,High
40.33,151,42,3160,Critical
37.97,108,91,2462,Moderate
37.59,112,90,2317,Moderate
37.83,106,90,2234,Moderate
38.17,125,95,2632,High
40.17,162,44,3101,Critical
38.63,122,93,2887,High
38.4,140,95,2752,High
37.93,101,93,2238,Moderate
38.73,132,93,2974,High
37.82,114,94,2071,Moderate
11.71,85,58,945,Normal
37.78,109,90,2422,Moderate
37.6,103,94,2013,Moderate
38.37,130,94,2529,High
39.6,161,66,3001,Critical
37.95,110,91,2316,Moderate
37.68,108,92,2105,Moderate
38.85,134,94,2527,High
38.3,133,93,2853,High
12.31,89,71,1874,Normal
40.42,146,65,3196,Critical
40.33,169,71,3156,Critical
37.92,106,92,2435,Moderate
38.54,131,94,2705,High
37.86,102,94,2459,Moderate
28.12,93,65,1124,Normal
39.62,165,62,3162,Critical
39.09,152,37,3003,Critical
37.95,105,94,2386,Moderate
37.81,101,94,2323,Moderate
39.27,150,50,3047,Critical
38.54,131,93,2911,High
5.52,66,6,1987,Normal
38.35,129,94,2538,High
39.38,167,0,3076,Critical
28.27,79,14,1909,Normal
38.54,127,95,2869,High
28.98,87,4,58,Normal
38.72,136,95,2873,High
38.86,126,94,2598,High
15.9,92,12,1922,Normal
38.07,132,95,2578,High
39.24,151,8,3026,Critical
38.86,137,93,2723,High
37.99,115,90,2327,Moderate
39.57,169,61,3141,Critical
39.2,160,73,3162,Critical
38.52,125,94,2679,High
39.74,163,51,3001,Critical
29.01,88,42,1517,Normal
18.9,75,30,1166,Normal
37.67,101,92,2204,Moderate
35.35,80,15,372,Normal
37.93,119,93,2409,Moderate
38.74,134,93,2940,High
30.98,75,62,9,Normal
37.76,109,93,2155,Moderate
13.31,68,60,309,Normal
40.11,143,5,3083,Critical
18.9,86,44,721,Normal
39.67,148,21,3133,Critical
39.83,160,15,3045,Critical
40.29,148,70,3097,Critical
38.24,129,94,2590,High
40.28,146,13,3191,Critical
38.76,124,93,2571,High
38.06,124,93,2551,High
37.6,113,90,2380,Moderate
37.85,107,94,2173,Moderate
13.07,98,19,967,Normal
37.63,109,92,2042,Moderate
38.52,140,94,2838,High
38.76,140,93,2782,High
38.14,129,94,2620,High
37.71,116,92,2384,Moderate
38.13,129,93,2843,High
38.16,140,95,2915,High
23.62,93,10,337,Normal
35.36,92,83,1317,Normal
38.7,136,95,2593,High
39.7,164,87,3085,Critical
11.69,80,11,5,Normal
37.7,111,94,2238,Moderate
40.49,155,49,3130,Critical
38.26,137,94,2684,High
38.74,134,95,2515,High
28.32,95,62,643,Normal
37.76,119,92,2219,Moderate
40.19,158,1,3159,Critical
38.29,129,94,2861,High
37.63,115,93,2102,Moderate
8.44,67,87,1110,Normal
39.64,150,5,3013,Critical
18.03,71,19,740,Normal
38.15,128,95,2708,High
8.16,91,71,510,Normal
39.33,153,37,3047,Critical
39.32,146,9,3078,Critical
38.53,136,94,2690,High
37.98,104,93,2078,Moderate
36.97,92,86,392,Normal
39.06,148,81,3018,Critical
39.32,143,11,3197,Critical
39.34,152,77,3037,Critical
38.74,128,93,2889,High
10.34,86,83,1602,Normal
2.88,67,23,87,Normal
40.27,166,54,3175,Critical
40.47,150,5,3047,Critical
38.04,134,94,2689,High
37.97,104,93,2118,Moderate
21.73,83,35,1722,Normal
39.18,160,55,3017,Critical
3.07,85,83,207,Normal
38.79,135,95,2530,High
17.95,98,29,593,Normal
38.27,122,94,2861,High
38.64,123,93,2850,High
40.35,168,45,3104,Critical
38.11,124,95,2787,High
40.26,166,3,3066,Critical
38.47,130,94,2751,High
38.45,122,95,2755,High
39.74,163,38,3049,Critical
38.62,135,94,2768,High
38.8,122,95,2935,High
38.67,136,95,2642,High
4.43,93,74,1434,Normal
38.25,121,94,2947,High
39.74,163,38,3002,Critical
39.93,162,35,3131,Critical
28.79,64,37,1369,Normal
37.91,107,92,2388,Moderate
35.49,65,71,904,Normal
39.92,168,83,3128,Critical
37.75,108,90,2041,Moderate
39.93,169,43,3104,Critical
23.18,93,54,600,Normal
0.88,74,58,1091,Normal
37.62,107,92,2471,Moderate
39.64,168,28,3142,Critical
40.29,152,86,3046,Critical
37.83,117,90,2148,Moderate
25.38,100,53,1136,Normal
39.03,164,26,3087,Critical
20.32,61,53,1072,Normal
14.03,77,56,1230,Normal
17.64,100,0,583,Normal
37.95,117,90,2038,Moderate
38.76,132,93,2948,High
38.98,134,94,2565,High
30.31,76,31,139,Normal
37.55,119,92,2455,Moderate
38.64,139,93,2815,High
38.83,131,93,2735,High
37.74,101,94,2340,Moderate
39.68,168,36,3120,Critical
37.88,108,91,2243,Moderate
6.46,89,69,980,Normal
37.79,113,94,2294,Moderate
38.77,126,94,2629,High
3.22,82,37,478,Normal
40.02,157,15,3090,Critical
40.4,151,35,3102,Critical
2.63,62,61,1218,Normal
38.04,135,95,2759,High
38.88,127,95,2608,High
37.9,112,90,2351,Moderate
37.59,115,93,2263,Moderate
37.63,109,93,2114,Moderate
37.82,108,91,2348,Moderate
36.76,96,69,1376,Normal
10.07,61,8,630,Normal
6.5,93,86,1807,Normal
39.93,166,22,3020,Critical
38.56,135,95,2716,High
39.36,162,42,3028,Critical
37.54,104,92,2396,Moderate
37.98,102,91,2366,Moderate
17.78,75,51,779,Normal
16.24,79,15,933,Normal
37.97,102,94,2412,Moderate
1.77,78,5,1751,Normal
40.09,167,64,3146,Critical
37.89,116,90,2351,Moderate
39.14,143,34,3073,Critical
37.99,117,92,2374,Moderate
37.73,104,90,2061,Moderate
38.97,137,93,2597,High
37.62,105,90,2325,Moderate
38.67,138,94,2820,High
22.74,83,54,145,Normal
38.62,138,93,2695,High
38.86,139,93,2867,High
37.62,114,93,2042,Moderate
37.77,105,90,2145,Moderate
37.69,113,94,2128,Moderate
40.49,153,21,3128,Critical
39.82,163,46,3136,Critical
20.85,79,54,843,Normal
6.16,60,19,1745,Normal
39.46,167,48,3078,Critical
32.4,93,81,194,Normal
38.67,136,93,2535,High
37.85,101,93,2491,Moderate
38.07,126,95,2983,High
23.42,62,48,1783,Normal
40.05,150,30,3161,Critical
37.62,108,93,2445,Moderate
38.47,135,94,2755,High
27.97,71,36,1651,Normal
40.15,165,25,3132,Critical
9.16,73,8,602,Normal
39.27,142,14,3053,Critical
22.34,78,37,1081,Normal
38.21,134,95,2782,High
38.27,140,94,2783,High
40.23,165,31,3062,Critical
39.32,161,78,3108,Critical
37.79,106,93,2383,Moderate
19.67,89,69,1405,Normal
23.38,92,54,812,Normal
38.33,139,95,2946,High
37.83,103,92,2014,Moderate
30.62,93,37,1890,Normal
37.7,102,93,2169,Moderate
37.72,106,93,2458,Moderate
31.06,65,74,505,Normal
13.47,94,59,710,Normal
0.16,70,36,1995,Normal
38.4,131,93,2925,High
40.3,141,5,3144,Critical
38.7,123,94,2583,High
37.99,111,94,2217,Moderate
38.62,128,93,2541,High
38.43,136,95,2893,High
37.65,120,90,2275,Moderate
38.91,139,94,2703,High
39.5,167,4,3193,Critical
38.22,123,94,2619,High
6.3,69,75,366,Normal
40.14,149,67,3058,Critical
32.87,95,12,326,Normal
39.39,167,29,3066,Critical
38.12,124,94,2653,High
39.69,164,68,3041,Critical
37.95,117,94,2421,Moderate
37.89,104,94,2183,Moderate
24.45,85,71,1514,Normal
37.76,104,92,2379,Moderate
37.69,105,91,2166,Moderate
39.56,157,75,3166,Critical
37.54,105,90,2186,Moderate
38.88,134,95,2707,High
40.3,147,36,3118,Critical
37.85,113,91,2337,Moderate
38.61,124,94,2887,High
39.49,164,33,3027,Critical
39.64,161,67,3184,Critical
37.83,107,90,2134,Moderate
38.69,123,94,2729,High
21.59,83,86,232,Normal
39.1,159,11,3140,Critical
38.29,130,94,2953,High
37.85,113,94,2448,Moderate
37.64,116,92,2077,Moderate
19.8,74,57,1088,Normal
38.25,137,95,2794,High
39.34,153,47,3134,Critical
37.61,114,91,2055,Moderate
39.99,142,16,3013,Critical
39.61,142,75,3062,Critical
15.26,96,65,1309,Normal
10.21,85,45,648,Normal
37.73,120,93,2171,Moderate
22.96,86,24,533,Normal
37.93,120,91,2169,Moderate
39.19,164,28,3143,Critical
30.93,65,8,1221,Normal
40.05,148,4,3130,Critical
39.83,162,33,3109,Critical
36.17,90,15,191,Normal
38.84,138,94,2560,High
39.78,151,87,3195,Critical
37.67,117,90,2163,Moderate
40.37,152,41,3195,Critical
38.7,126,93,2863,High
0.1,63,86,915,Normal
37.61,102,91,2359,Moderate
40.13,165,43,3118,Critical
38.43,123,95,2691,High
37.92,117,92,2188,Moderate
3.41,67,26,1689,Normal
37.84,114,93,2034,Moderate
1.77,91,1,1618,Normal
37.52,116,91,2054,Moderate
38.53,131,94,2865,High
38.27,131,94,2737,High
39.27,141,54,3109,Critical
37.71,107,90,2478,Moderate
39.82,151,23,3086,Critical
38.13,139,95,2687,High
38.27,131,93,2697,High
37.91,110,90,2154,Moderate
2.47,75,75,243,Normal
38.48,127,93,2762,High
39.03,162,28,3119,Critical
38.56,130,93,2694,High
37.91,120,92,2116,Moderate
40.42,147,79,3044,Critical
39.32,153,47,3193,Critical
38.35,131,93,2612,High
38.12,136,93,2679,High
39.59,165,42,3014,Critical
38.05,122,93,2557,High
37.57,105,92,2307,Moderate
2.69,69,43,1897,Normal
39.73,159,2,3012,Critical
37.87,113,91,2160,Moderate
39.93,156,81,3091,Critical
38.8,130,93,2749,High
37.7,116,92,2411,Moderate
39.17,162,90,3032,Critical
38.44,138,93,2875,High
36.4,79,34,1295,Normal
39.57,159,79,3105,Critical
11.52,60,16,263,Normal
39.98,142,51,3060,Critical
37.52,114,92,2301,Moderate
38.89,132,94,2968,High
40.04,158,72,3062,Critical
9.81,73,0,837,Normal
37.95,116,93,2467,Moderate
37.74,103,94,2221,Moderate
39.26,167,33,3040,Critical
37.79,108,92,2328,Moderate
32.93,77,77,463,Normal
37.83,113,93,2274,Moderate
37.83,120,93,2190,Moderate
38.11,137,94,2751,High
38.21,134,94,2628,High
33.11,74,56,849,Normal
38.98,140,95,2859,High
39.64,152,51,3166,Critical
37.94,103,90,2451,Moderate
37.71,108,92,2352,Moderate
39.83,150,73,3008,Critical
38.99,125,93,2871,High
3.68,60,73,1237,Normal
37.9,110,91,2377,Moderate
37.83,107,92,2095,Moderate
40.2,165,18,3198,Critical
4.48,65,20,1178,Normal
38.57,138,95,2966,High
39.88,157,75,3058,Critical
38.32,138,95,2958,High
38.03,136,95,2878,High
38.0,113,91,2324,Moderate
38.09,128,93,2850,High
7.17,83,47,710,Normal
38.72,123,94,2804,High
7.28,60,86,196,Normal
37.58,111,94,2393,Moderate
31.15,100,58,1858,Normal
38.28,138,95,2847,High
39.09,151,84,3017,Critical
38.8,123,94,2647,High
39.34,168,26,3061,Critical
39.36,166,61,3033,Critical
38.0,101,90,2237,Moderate
38.75,121,94,2607,High
38.0,116,93,2127,Moderate
39.21,142,4,3137,Critical
5.63,87,56,1712,Normal
37.65,120,91,2282,Moderate
11.38,86,2,751,Normal
37.76,103,90,2435,Moderate
13.19,94,82,38,Normal
40.11,156,78,3018,Critical
37.68,113,91,2254,Moderate
37.99,119,94,2350,Moderate
30.13,81,21,948,Normal
37.86,110,93,2338,Moderate
39.08,167,24,3003,Critical
2.97,63,40,744,Normal
37.86,108,92,2230,Moderate
37.95,107,92,2201,Moderate
38.77,138,93,2554,High
39.72,141,22,3038,Critical
39.71,170,65,3098,Critical
23.63,69,56,177,Normal
40.37,161,27,3019,Critical
39.93,160,47,3049,Critical
37.81,119,91,2118,Moderate
37.66,115,92,2367,Moderate
0.65,73,22,1175,Normal
38.89,138,94,2560,High
38.15,135,94,2609,High
38.79,121,93,2956,High
39.19,170,45,3105,Critical
40.11,151,31,3080,Critical
40.19,162,30,3161,Critical
6.92,74,44,1725,Normal
37.6,102,90,2247,Moderate
38.8,121,94,2504,High
38.09,124,94,2937,High
2.79,97,14,288,Normal
39.06,151,58,3135,Critical
37.87,116,91,2118,Moderate
4.39,84,60,1462,Normal
38.94,137,94,2674,High
38.46,123,94,2955,High
39.26,160,80,3045,Critical
37.65,113,93,2006,Moderate
29.63,90,49,1291,Normal
37.54,118,90,2034,Moderate
37.69,120,91,2238,Moderate
38.05,132,93,2753,High
37.52,108,90,2490,Moderate
38.35,129,93,2903,High
37.76,101,93,2336,Moderate
38.62,132,94,2670,High
39.09,160,68,3084,Critical
6.18,88,42,1465,Normal
34.4,68,8,1122,Normal
40.47,161,70,3108,Critical
39.72,170,78,3147,Critical
13.45,68,60,1895,Normal
40.14,146,32,3051,Critical
37.58,119,92,2457,Moderate
37.7,117,91,2245,Moderate
23.23,72,50,1954,Normal
37.85,107,91,2389,Moderate
28.74,65,67,1898,Normal
38.16,138,94,2863,High
37.64,106,91,2370,Moderate
37.59,118,93,2292,Moderate
38.04,135,95,2643,High
37.9,119,93,2073,Moderate
37.51,120,94,2355,Moderate
36.69,75,73,107,Normal
0.45,61,42,1200,Normal
28.87,90,70,183,Normal
17.83,94,24,1298,Normal
31.35,71,50,272,Normal
39.69,151,82,3190,Critical
37.66,105,91,2309,Moderate
35.11,96,85,615,Normal
37.79,111,92,2379,Moderate
37.5,119,94,2466,Moderate
37.84,107,94,2124,Moderate
37.87,119,90,2173,Moderate
37.69,116,94,2229,Moderate
37.95,113,93,2273,Moderate
38.03,128,94,2988,High
37.78,120,91,2257,Moderate
37.99,107,93,2398,Moderate
37.59,109,92,2182,Moderate
37.97,115,94,2435,Moderate
38.01,135,94,2538,High
37.64,119,94,2042,Moderate
38.63,136,93,2894,High
39.24,150,21,3172,Critical
37.89,113,93,2307,Moderate
37.69,109,90,2178,Moderate
39.5,161,84,3063,Critical
39.0,128,95,2777,High
37.66,120,91,2302,Moderate
38.55,127,94,2955,High
37.72,113,92,2036,Moderate
10.41,67,12,671,Normal
37.86,120,90,2135,Moderate
23.35,87,6,1652,Normal
38.73,140,93,2984,High
38.1,129,93,2883,High
37.73,107,93,2170,Moderate
9.55,70,0,1126,Normal
39.9,170,18,3100,Critical
40.06,163,2,3172,Critical
21.17,96,3,1105,Normal
38.34,136,93,2607,High
38.62,129,94,2521,High
39.67,166,34,3068,Critical
38.4,124,95,2757,High
37.81,102,92,2144,Moderate
34.76,67,49,839,Normal
38.87,131,94,2848,High
37.92,115,91,2451,Moderate
39.64,142,87,3173,Critical
37.9,109,92,2106,Moderate
37.91,115,93,2177,Moderate
39.52,161,34,3002,Critical
36.86,63,41,1301,Normal
38.02,135,94,2638,High
37.98,120,94,2206,Moderate
38.58,129,94,2516,High
38.72,127,94,2800,High
39.4,149,29,3131,Critical
13.87,69,81,890,Normal
6.19,92,19,1603,Normal
37.58,106,90,2317,Moderate
38.16,140,95,2904,High
40.47,168,32,3075,Critical
37.5,111,92,2100,Moderate
3.74,95,28,300,Normal
37.83,110,91,2069,Moderate
39.99,143,87,3182,Critical
38.44,124,93,2598,High
10.1,76,68,653,Normal
38.92,127,94,2597,High
38.91,129,93,2678,High
39.41,150,61,3000,Critical
38.44,130,93,2603,High
26.95,93,50,1675,Normal
37.78,115,93,2436,Moderate
15.54,78,37,1960,Normal
37.9,102,91,2284,Moderate
37.91,116,91,2184,Moderate
38.57,138,94,2749,High
7.8,60,82,999,Normal
20.56,99,5,1797,Normal
39.07,159,17,3181,Critical
37.77,110,92,2020,Moderate
11.28,71,4,1252,Normal
26.95,96,65,406,Normal
37.93,103,94,2053,Moderate
39.69,161,74,3196,Critical
39.26,144,42,3040,Critical
37.86,112,90,2169,Moderate
37.63,111,93,2206,Moderate
25.28,100,21,1470,Normal
37.68,118,91,2420,Moderate
38.61,131,94,2791,High
40.41,145,39,3167,Critical
2.65,65,23,1225,Normal
6.6,90,17,1631,Normal
39.61,167,42,3170,Critical
38.75,121,93,2994,High
37.76,104,91,2426,Moderate
38.61,125,93,2966,High
37.63,109,93,2336,Moderate
37.64,116,90,2351,Moderate
38.6,123,93,2710,High
39.95,157,6,3101,Critical
37.51,104,90,2005,Moderate
39.74,156,0,3003,Critical
37.51,119,91,2261,Moderate
39.83,148,67,3020,Critical
38.15,129,93,2513,High
38.1,121,95,2671,High
37.86,108,94,2038,Moderate
37.63,119,91,2035,Moderate
38.87,130,94,2845,High
39.01,141,22,3048,Critical
32.84,100,22,249,Normal
37.83,104,91,2316,Moderate
2.98,84,23,1050,Normal
38.47,132,95,2701,High
40.49,147,48,3073,Critical
11.12,91,54,996,Normal
38.12,125,94,2855,High
11.82,69,4,890,Normal
38.71,130,93,2802,High
39.42,146,53,3112,Critical
40.4,152,10,3189,Critical
37.5,102,93,2441,Moderate
38.38,138,94,2753,High
38.08,125,93,2642,High
6.81,75,83,692,Normal
38.4,121,94,2551,High
40.3,143,38,3191,Critical
37.82,112,90,2372,Moderate
40.27,146,68,3023,Critical
39.51,158,84,3064,Critical
38.62,127,95,2925,High
38.41,139,94,2736,High
37.74,115,90,2472,Moderate
29.48,69,27,494,Normal
39.81,147,45,3041,Critical
19.9,63,84,1573,Normal
39.54,158,43,3039,Critical
39.46,161,67,3189,Critical
38.11,138,95,2794,High
39.25,148,29,3063,Critical
39.27,144,84,3158,Critical
40.13,152,21,3148,Critical
40.07,141,24,3071,Critical
20.3,91,33,1661,Normal
38.56,139,95,2556,High
15.77,74,9,1342,Normal
39.22,151,21,3055,Critical
7.51,62,62,893,Normal
37.88,111,93,2374,Moderate
39.81,161,33,3198,Critical
37.89,112,91,2304,Moderate
37.6,102,92,2200,Moderate
38.43,130,93,2805,High
37.9,110,94,2239,Moderate
37.66,109,93,2006,Moderate
37.71,116,94,2153,Moderate
37.69,110,92,2041,Moderate
38.55,132,93,2565,High
19.95,69,47,1007,Normal
23.86,67,67,703,Normal
38.29,137,94,2577,High
6.1,87,87,1990,Normal
39.74,166,74,3175,Critical
40.39,161,8,3112,Critical
38.07,134,94,2955,High
38.19,134,94,2562,High
38.53,136,93,2920,High
37.94,108,90,2276,Moderate
40.5,163,31,3138,Critical
38.69,134,95,2682,High
37.71,116,94,2430,Moderate
39.43,155,69,3108,Critical
39.72,150,80,3027,Critical
37.96,104,91,2177,Moderate
13.6,73,31,1371,Normal
37.95,106,91,2243,Moderate
39.22,150,37,3136,Critical
38.93,131,95,2890,High
38.69,133,95,2503,High
39.86,169,87,3077,Critical
35.2,75,37,1808,Normal
39.91,154,23,3175,Critical
38.68,122,93,2528,High
15.1,85,33,1196,Normal
38.09,124,94,2643,High
37.72,105,94,2037,Moderate
17.02,87,58,1517,Normal
40.4,158,52,3054,Critical
37.85,108,93,2364,Moderate
38.85,124,93,2663,High
38.21,129,93,2597,High
37.53,110,92,2219,Moderate
0.36,87,88,1803,Normal
37.88,105,93,2417,Moderate
2.32,73,72,33,Normal
37.94,111,90,2049,Moderate
39.9,154,69,3199,Critical
38.18,139,93,2505,High
25.39,80,52,1640,Normal
37.93,106,93,2120,Moderate
30.19,89,72,642,Normal
12.91,62,19,1112,Normal
40.12,154,9,3029,Critical
38.18,140,94,2962,High
38.87,136,93,2962,High
40.41,169,5,3042,Critical
38.19,134,93,2796,High
38.93,132,95,2942,High
38.18,129,93,2975,High
38.74,133,95,2648,High
38.31,139,95,2918,High
39.94,170,0,3014,Critical
15.99,62,70,804,Normal
38.68,133,95,2954,High
15.69,92,56,1685,Normal
34.45,63,13,1442,Normal
39.64,149,76,3182,Critical
38.52,135,93,2927,High
12.63,71,88,1620,Normal
38.3,140,93,2684,High
39.87,156,55,3097,Critical
37.79,117,91,2423,Moderate
40.21,150,87,3081,Critical
37.81,115,94,2187,Moderate
39.6,149,86,3020,Critical
38.22,140,95,2809,High
37.94,103,90,2093,Moderate
37.51,106,93,2087,Moderate
39.53,151,51,3088,Critical
40.07,142,10,3056,Critical
38.73,133,95,2587,High
38.44,133,94,2802,High
8.76,71,10,1547,Normal
39.48,143,33,3031,Critical
25.85,100,88,1779,Normal
37.37,84,52,1150,Normal
36.68,80,86,1006,Normal
37.76,114,91,2399,Moderate
39.79,144,20,3073,Critical
37.77,103,92,2292,Moderate
40.46,157,84,3073,Critical
38.46,134,95,2697,High
38.21,128,95,2503,High
39.86,165,54,3162,Critical
39.86,170,84,3103,Critical
39.05,156,63,3026,Critical
38.35,135,93,2599,High
38.74,121,95,2645,High
4.93,70,58,1802,Normal
39.71,166,82,3080,Critical
37.94,106,92,2246,Moderate
38.77,130,93,3000,High
38.96,139,93,2913,High
38.19,124,93,2772,High
38.8,130,95,2987,High
38.9,131,95,2600,High
37.97,109,93,2349,Moderate
39.27,141,11,3053,Critical
37.61,118,92,2184,Moderate
37.51,120,91,2065,Moderate
38.61,140,93,2880,High
6.5,83,77,396,Normal
9.44,93,38,1632,Normal
38.91,133,95,2539,High
34.08,66,47,1165,Normal
37.89,103,91,2190,Moderate
38.9,131,94,2724,High
40.39,150,32,3108,Critical
38.19,132,94,2561,High
37.69,104,94,2432,Moderate
40.16,160,78,3172,Critical
38.29,122,94,2560,High
9.72,87,52,1637,Normal
38.41,134,93,2647,High
38.09,138,94,2853,High
38.29,138,95,2622,High
37.52,101,94,2304,Moderate
37.77,108,94,2421,Moderate
8.64,62,32,1888,Normal
39.45,146,52,3179,Critical
38.63,127,95,2552,High
37.88,107,91,2369,Moderate
37.64,101,90,2152,Moderate
38.53,136,95,2576,High
37.73,114,94,2279,Moderate
34.01,85,76,829,Normal
38.67,126,94,2841,High
40.03,159,84,3049,Critical
37.86,119,90,2493,Moderate
1.41,78,80,760,Normal
39.53,170,70,3168,Critical
16.53,62,21,480,Normal
38.56,125,94,2581,High
38.32,139,94,2827,High
38.18,134,95,2654,High
39.58,154,83,3106,Critical
26.0,62,13,255,Normal
37.62,114,92,2089,Moderate
37.66,102,90,2336,Moderate
38.43,126,93,2693,High
38.15,126,95,2539,High
39.79,151,81,3128,Critical
40.15,165,57,3103,Critical
38.95,137,93,2683,High
11.99,74,86,180,Normal
37.85,101,93,2390,Moderate
2.77,82,0,589,Normal
39.92,163,10,3068,Critical
15.56,61,31,1477,Normal
38.68,125,94,2947,High
38.55,136,94,2794,High
28.34,68,1,965,Normal
37.94,101,92,2366,Moderate
37.68,114,92,2379,Moderate
9.38,100,11,1966,Normal
39.65,154,87,3021,Critical
37.64,107,90,2396,Moderate
13.72,61,33,1784,Normal
40.19,151,11,3172,Critical
23.63,95,32,1844,Normal
37.72,105,92,2476,Moderate
39.0,133,93,2720,High
36.38,82,85,1017,Normal
38.0,106,91,2289,Moderate
24.07,79,27,1605,Normal
40.23,157,72,3071,Critical
39.59,168,82,3172,Critical
37.5,119,90,2393,Moderate
1.02,82,77,606,Normal
38.11,133,94,2701,High
39.43,154,52,3156,Critical
27.32,83,20,1528,Normal
11.58,67,45,1175,Normal
39.05,160,11,3145,Critical
40.14,153,70,3021,Critical
37.6,112,91,2360,Moderate
38.12,138,95,2610,High
37.69,113,90,2161,Moderate
37.71,107,93,2248,Moderate
38.76,140,94,2859,High
37.88,109,93,2204,Moderate
38.64,131,93,2594,High
38.95,134,94,2513,High
38.43,128,94,2546,High
17.01,71,65,1333,Normal
40.32,152,16,3075,Critical
35.39,98,58,911,Normal
38.58,138,95,2963,High
31.74,97,8,1845,Normal
29.76,62,19,992,Normal
37.97,102,92,2348,Moderate
18.89,94,13,1259,Normal
38.72,136,94,2975,High
37.92,104,92,2158,Moderate
30.35,62,41,1104,Normal
39.88,167,43,3196,Critical
38.51,122,93,2994,High
39.1,164,58,3167,Critical
38.4,126,94,2862,High
39.21,160,56,3056,Critical
38.75,133,93,2637,High
39.2,162,72,3012,Critical
39.12,149,80,3188,Critical
6.67,94,90,842,Normal
4.5,73,72,148,Normal
7.25,93,63,1114,Normal
39.13,142,82,3200,Critical
15.7,76,20,1410,Normal
17.77,71,77,1307,Normal
39.24,148,68,3058,Critical
30.42,64,77,463,Normal
23.52,68,53,1485,Normal
6.48,71,13,958,Normal
7.43,88,60,1723,Normal
38.03,128,93,2965,High
39.99,143,87,3160,Critical
38.55,138,95,2863,High
1.51,84,74,1985,Normal
40.03,150,66,3151,Critical
0.39,95,49,1375,Normal
37.55,113,94,2356,Moderate
7.07,88,78,890,Normal
38.9,126,94,2760,High
37.89,105,94,2322,Moderate
38.54,140,94,2626,High
37.98,117,94,2244,Moderate
37.88,117,93,2230,Moderate
11.53,75,57,1515,Normal
40.29,153,44,3099,Critical
38.99,140,94,2684,High
37.51,106,94,2305,Moderate
40.35,152,58,3021,Critical
16.11,80,26,466,Normal
39.1,142,71,3172,Critical
37.76,102,91,2489,Moderate
38.71,139,94,2921,High
6.04,78,7,247,Normal
25.3,70,76,1802,Normal
39.68,156,88,3056,Critical
12.49,100,34,437,Normal
27.87,87,50,471,Normal
37.8,111,90,2415,Moderate
38.31,131,93,2593,High
38.6,127,94,2874,High
23.38,66,74,644,Normal
37.53,105,91,2379,Moderate
39.8,165,2,3180,Critical
37.65,117,90,2016,Moderate
38.47,124,94,2767,High
37.78,113,90,2200,Moderate
37.69,104,93,2237,Moderate
40.28,145,78,3057,Critical
38.57,131,93,2784,High
38.06,131,95,2672,High
37.86,119,92,2386,Moderate
15.54,87,85,1808,Normal
39.84,167,54,3132,Critical
38.44,138,95,2679,High
40.23,156,50,3135,Critical
37.97,115,93,2204,Moderate
37.86,103,93,2289,Moderate
38.45,134,94,2733,High
38.0,110,92,2203,Moderate
39.95,164,82,3044,Critical
38.71,131,93,2619,High
39.05,151,3,3192,Critical
37.97,117,93,2455,Moderate
39.19,165,39,3153,Critical
37.68,102,90,2436,Moderate
38.21,128,94,2658,High
38.92,127,93,2559,High
19.98,96,81,1700,Normal
40.31,162,31,3172,Critical
38.13,132,94,2663,High
39.02,142,38,3105,Critical
37.82,115,93,2311,Moderate
15.36,91,79,169,Normal
37.59,105,94,2295,Moderate
38.34,135,95,2878,High
37.79,112,92,2044,Moderate
38.0,124,95,2530,High
39.78,162,28,3088,Critical
37.82,107,92,2418,Moderate
30.17,83,30,1400,Normal
39.72,165,52,3178,Critical
37.9,106,90,2095,Moderate
38.68,124,93,2581,High
37.63,111,94,2350,Moderate
38.06,126,93,2706,High
38.58,129,94,2711,High
39.32,147,82,3034,Critical
37.78,117,91,2032,Moderate
38.79,140,94,2556,High
33.78,66,52,148,Normal
38.54,124,95,2800,High
38.64,126,93,2645,High
5.09,95,63,510,Normal
38.34,131,95,2713,High
28.44,72,88,519,Normal
39.78,159,63,3107,Critical
27.05,79,55,1792,Normal
39.33,142,72,3164,Critical
16.74,99,43,1843,Normal
13.09,95,32,452,Normal
40.01,162,54,3128,Critical
40.04,169,42,3062,Critical
38.95,122,93,2747,High
9.81,95,86,1720,Normal
38.1,128,93,2724,High
38.64,135,95,2855,High
37.66,111,91,2184,Moderate
37.69,105,93,2097,Moderate
38.96,138,94,2738,High
21.67,94,53,1086,Normal
28.92,88,74,1071,Normal
27.74,98,90,1899,Normal
37.84,113,93,2157,Moderate
37.74,101,90,2379,Moderate
37.92,109,90,2315,Moderate
1.21,79,38,1871,Normal
39.28,143,25,3196,Critical
39.63,158,31,3018,Critical
38.95,132,95,2981,High
37.56,111,90,2176,Moderate
23.22,99,37,1527,Normal
39.38,165,78,3148,Critical
39.22,158,23,3192,Critical
0.4,83,66,1683,Normal
38.85,139,95,2836,High
38.65,127,94,2652,High
37.78,110,91,2060,Moderate
28.03,73,36,304,Normal
38.32,129,94,2693,High
5.98,86,42,1868,Normal
23.82,96,31,1061,Normal
37.68,101,90,2234,Moderate
38.9,126,93,2714,High
38.46,137,93,2802,High
39.78,145,72,3136,Critical
4.18,97,24,348,Normal
37.71,108,92,2251,Moderate
38.4,127,94,2717,High
30.88,67,21,1696,Normal
37.82,116,93,2124,Moderate
38.12,122,93,2963,High
37.94,113,94,2108,Moderate
21.9,78,21,830,Normal
31.97,66,49,1061,Normal
39.77,146,24,3096,Critical
37.82,105,91,2302,Moderate
38.04,127,93,2932,High
39.48,149,86,3036,Critical
38.41,121,93,2745,High
38.92,139,93,2545,High
38.0,105,90,2193,Moderate
40.27,158,49,3175,Critical
37.99,105,90,2368,Moderate
31.25,96,38,422,Normal
38.52,121,94,2982,High
40.08,163,32,3091,Critical
37.24,92,52,1428,Normal
40.23,150,7,3039,Critical
37.57,101,92,2324,Moderate
22.34,74,21,165,Normal
38.84,135,95,2757,High
25.75,80,53,1033,Normal
33.74,77,25,14,Normal
39.44,147,58,3064,Critical
40.4,150,37,3090,Critical
38.4,129,94,2753,High
38.65,123,95,2743,High
37.62,104,93,2191,Moderate
38.02,136,94,2662,High
37.91,115,91,2085,Moderate
39.84,144,74,3190,Critical
40.44,164,37,3172,Critical
37.65,105,93,2052,Moderate
38.97,132,95,2657,High
38.39,121,95,2571,High
38.42,123,93,2793,High
39.37,156,89,3181,Critical
37.99,102,91,2422,Moderate
21.94,90,29,1338,Normal
22.9,79,15,643,Normal
39.44,155,30,3042,Critical
13.17,72,46,1693,Normal
37.83,103,91,2170,Moderate
38.95,131,95,2822,High
38.72,129,94,2674,High
39.81,160,64,3032,Critical
12.73,97,58,759,Normal
39.24,158,79,3170,Critical
37.91,110,91,2265,Moderate
35.66,92,51,29,Normal
32.04,63,62,1190,Normal
37.81,119,90,2093,Moderate
35.05,60,27,1232,Normal
40.34,160,43,3074,Critical
38.83,126,93,2831,High
39.39,157,44,3012,Critical
37.52,101,93,2407,Moderate
38.99,127,93,2526,High
1.3,72,17,556,Normal
37.66,104,91,2174,Moderate
40.24,150,29,3148,Critical
1.77,72,55,567,Normal
40.17,156,68,3147,Critical
37.52,103,92,2332,Moderate
38.09,132,95,2944,High
36.08,79,87,509,Normal
38.29,139,94,2806,High
14.86,91,79,484,Normal
34.49,63,44,241,Normal
37.6,109,92,2080,Moderate
14.4,62,87,1153,Normal
39.35,151,21,3079,Critical
36.55,95,60,933,Normal
3.25,71,23,1004,Normal
37.91,115,94,2426,Moderate
39.25,160,27,3012,Critical
37.83,102,90,2113,Moderate
39.31,161,82,3044,Critical
38.11,123,93,2714,High
37.71,118,92,2470,Moderate
39.87,163,34,3138,Critical
39.94,152,46,3165,Critical
37.61,112,91,2100,Moderate
37.99,106,92,2438,Moderate
40.07,148,32,3164,Critical
18.7,65,31,1452,Normal
38.35,137,94,2680,High
20.36,72,25,637,Normal
38.21,140,94,2686,High
3.96,84,54,1453,Normal
30.22,96,26,357,Normal
39.53,162,26,3067,Critical
0.76,99,15,1443,Normal
37.67,109,93,2432,Moderate
34.24,64,7,1229,Normal
40.4,151,90,3019,Critical
40.27,168,69,3114,Critical
37.92,118,90,2406,Moderate
12.74,80,1,609,Normal
39.5,157,74,3137,Critical
37.89,105,93,2215,Moderate
39.52,161,27,3044,Critical
38.45,121,95,2530,High
37.85,111,93,2000,Moderate
39.09,170,50,3111,Critical
39.16,170,65,3071,Critical
39.86,156,59,3078,Critical
37.71,108,91,2500,Moderate
39.74,143,30,3031,Critical
38.86,128,95,2979,High
21.93,82,17,1537,Normal
40.19,149,4,3105,Critical
38.0,125,93,2667,High
37.99,112,92,2146,Moderate
39.01,161,55,3025,Critical
39.76,168,72,3177,Critical
37.56,112,91,2245,Moderate
23.13,85,44,1791,Normal
39.67,160,76,3170,Critical
37.75,106,92,2184,Moderate
38.03,121,93,2578,High
38.37,130,95,2780,High
37.73,114,91,2026,Moderate
37.74,116,90,2195,Moderate
38.71,133,93,2853,High
1.34,62,13,1317,Normal
37.61,120,94,2302,Moderate
37.57,113,92,2496,Moderate
38.49,133,95,2979,High
39.57,156,26,3033,Critical
37.67,119,92,2100,Moderate
37.61,109,90,2212,Moderate
39.92,169,85,3121,Critical
27.84,66,16,1637,Normal
38.14,130,93,2670,High
1.8,86,53,1881,Normal
11.77,97,51,1176,Normal
40.03,149,12,3167,Critical
39.64,170,78,3187,Critical
37.52,118,90,2382,Moderate
39.09,168,57,3179,Critical
40.34,149,24,3143,Critical
37.57,103,94,2345,Moderate
39.92,142,21,3128,Critical
10.79,94,44,1887,Normal
38.63,130,93,2829,High
13.11,74,33,610,Normal
39.13,150,4,3138,Critical
39.28,143,83,3167,Critical
39.49,170,4,3173,Critical
39.04,169,2,3175,Critical
40.05,142,40,3004,Critical
38.04,129,95,2690,High
37.66,119,90,2158,Moderate
38.57,127,93,2891,High
38.92,134,93,2520,High
37.62,111,93,2467,Moderate
40.35,159,21,3181,Critical
38.56,133,95,2947,High
15.54,60,39,1943,Normal
37.82,104,92,2047,Moderate
37.84,113,90,2380,Moderate
39.96,149,30,3010,Critical
38.14,132,95,2680,High
37.4,74,34,1890,Normal
38.66,136,95,2719,High
38.0,105,92,2020,Moderate
37.96,106,93,2423,Moderate
4.68,77,77,377,Normal
13.12,88,23,968,Normal
38.92,139,95,2721,High
38.39,136,95,2918,High
21.46,98,48,1209,Normal
39.49,167,16,3141,Critical
38.75,127,94,2666,High
38.07,122,94,2869,High
3.26,74,66,303,Normal
3.74,99,9,1495,Normal
37.6,112,91,2221,Moderate
21.51,82,18,48,Normal
37.63,109,91,2228,Moderate
38.67,132,94,2677,High
37.62,110,90,2197,Moderate
38.35,123,93,2731,High
37.84,116,91,2355,Moderate
37.58,114,90,2437,Moderate
38.98,132,95,2645,High
38.86,129,95,2986,High
38.43,127,94,2725,High
38.11,140,94,2712,High
38.36,138,95,2500,High
38.17,134,95,2541,High
28.67,90,47,1020,Normal
12.47,87,73,1344,Normal
19.36,70,31,1077,Normal
37.58,111,93,2418,Moderate
17.1,76,1,1752,Normal
39.83,167,37,3093,Critical
38.33,140,94,2565,High
37.74,119,94,2372,Moderate
10.71,89,21,779,Normal
37.66,114,93,2056,Moderate
38.58,133,93,2849,High
38.16,122,93,2872,High
7.44,66,19,477,Normal
37.62,115,91,2244,Moderate
25.44,98,1,1983,Normal
36.31,64,64,301,Normal
39.87,158,87,3077,Critical
37.6,104,90,2420,Moderate
18.2,93,72,1977,Normal
39.75,157,79,3118,Critical
33.53,82,75,1789,Normal
5.46,90,60,487,Normal
4.72,63,31,304,Normal
40.47,151,54,3098,Critical
37.71,103,93,2338,Moderate
10.86,88,48,382,Normal
39.75,150,70,3092,Critical
33.02,79,43,1089,Normal
11.87,80,21,1582,Normal
38.93,134,94,2876,High
37.89,110,93,2323,Moderate
39.02,149,1,3117,Critical
38.87,126,95,2954,High
17.91,67,63,907,Normal
38.33,125,93,2778,High
38.98,137,94,2939,High
38.4,136,95,2530,High
14.54,87,62,1765,Normal
30.32,95,63,1913,Normal
3.16,81,42,582,Normal
36.41,90,59,1713,Normal
38.17,138,93,2971,High
0.3,93,10,130,Normal
37.82,118,94,2097,Moderate
6.24,80,24,1503,Normal
27.88,80,27,865,Normal
38.8,131,95,2897,High
21.85,74,39,1885,Normal
37.83,111,94,2016,Moderate
38.13,125,93,2647,High
38.41,122,94,2846,High
40.16,168,57,3041,Critical
37.65,102,90,2261,Moderate
38.54,133,94,2514,High
13.66,79,18,1501,Normal
38.25,139,93,2612,High
39.5,146,9,3006,Critical
37.73,120,90,2029,Moderate
38.73,130,93,2949,High
1.58,62,25,1650,Normal
37.91,104,91,2325,Moderate
39.29,144,2,3009,Critical
38.89,131,93,2893,High
40.32,157,39,3078,Critical
38.39,132,94,2996,High
39.25,158,26,3137,Critical
37.9,103,92,2491,Moderate
4.32,95,8,751,Normal
35.05,100,71,669,Normal
39.07,148,67,3037,Critical
15.83,85,2,1760,Normal
37.9,107,94,2434,Moderate
37.93,113,94,2265,Moderate
37.99,114,93,2461,Moderate
39.41,153,43,3177,Critical
11.6,96,35,928,Normal
37.76,116,90,2396,Moderate
37.87,118,93,2482,Moderate
37.54,117,93,2134,Moderate
37.84,120,90,2195,Moderate
38.2,131,94,2930,High
21.25,96,70,479,Normal
38.84,123,94,2765,High
37.52,113,90,2247,Moderate
37.56,115,92,2402,Moderate
37.66,109,93,2119,Moderate
5.25,68,90,1663,Normal
37.79,115,93,2031,Moderate
39.34,148,11,3010,Critical
39.8,142,56,3002,Critical
40.4,158,42,3105,Critical
1.91,100,88,1737,Normal
39.9,163,71,3001,Critical
39.05,169,9,3154,Critical
36.43,71,84,639,Normal
38.18,139,93,2918,High
37.92,112,92,2371,Moderate
39.44,149,54,3049,Critical
37.95,103,94,2475,Moderate
39.57,158,6,3121,Critical
37.53,117,93,2399,Moderate
37.88,108,90,2410,Moderate
37.86,120,91,2447,Moderate
33.74,64,51,510,Normal
39.48,154,24,3076,Critical
39.87,156,57,3128,Critical
38.95,136,93,2725,High
38.15,137,95,2689,High
37.52,112,90,2417,Moderate
38.14,125,93,2704,High
38.46,132,93,2837,High
38.0,111,90,2083,Moderate
7.11,95,13,440,Normal
23.31,70,72,1951,Normal
39.83,165,83,3164,Critical
39.07,145,68,3128,Critical
38.43,126,93,2797,High
38.82,125,94,2699,High
39.93,141,17,3084,Critical
38.71,135,93,2600,High
40.22,166,20,3164,Critical
40.12,163,29,3000,Critical
39.35,151,27,3091,Critical
38.71,139,94,2961,High
37.4,70,76,798,Normal
38.26,133,93,2705,High
37.68,102,90,2435,Moderate
37.76,107,94,2184,Moderate
39.15,167,45,3132,Critical
18.35,98,82,270,Normal
37.73,101,90,2405,Moderate
37.98,110,90,2161,Moderate
38.34,123,95,2985,High
39.34,150,68,3087,Critical
22.7,69,45,1745,Normal
38.17,133,93,2753,High
37.61,110,94,2112,Moderate
37.59,114,92,2437,Moderate
39.13,142,61,3032,Critical
5.83,97,75,1607,Normal
38.1,132,95,2960,High
37.85,120,91,2171,Moderate
40.12,164,44,3107,Critical
24.26,63,90,5,Normal
37.83,116,90,2271,Moderate
38.19,128,93,2850,High
23.97,90,42,1568,Normal
39.97,154,1,3168,Critical
37.82,120,93,2159,Moderate
34.21,92,86,1139,Normal
36.35,60,43,912,Normal
37.88,114,91,2160,Moderate
39.12,155,14,3152,Critical
37.77,103,91,2449,Moderate
37.78,117,93,2176,Moderate
38.92,137,94,2848,High
38.4,128,95,2586,High
18.75,77,1,1423,Normal
37.56,114,91,2307,Moderate
37.82,117,90,2252,Moderate
37.52,105,92,2116,Moderate
37.76,101,90,2375,Moderate
34.67,74,2,1838,Normal
40.5,170,65,3167,Critical
38.23,133,94,2618,High
7.77,73,40,206,Normal
37.53,103,90,2468,Moderate
31.02,65,6,1475,Normal
39.06,157,43,3183,Critical
39.88,164,58,3160,Critical
26.88,75,79,80,Normal
38.42,122,94,2744,High
39.73,153,22,3082,Critical
38.39,122,95,2778,High
39.87,149,9,3010,Critical
3.95,92,53,1669,Normal
38.53,125,94,2502,High
38.21,130,93,2946,High
38.31,132,95,2729,High
39.63,146,48,3111,Critical
24.67,78,82,332,Normal
28.82,80,27,948,Normal
37.88,115,94,2109,Moderate
37.68,103,93,2173,Moderate
37.6,113,93,2448,Moderate
37.92,119,92,2147,Moderate
25.72,66,59,1709,Normal
17.27,68,48,1585,Normal
11.62,82,38,1840,Normal
38.81,123,93,2775,High
7.3,69,19,200,Normal
40.06,150,80,3086,Critical
23.81,76,75,1310,Normal
37.92,105,93,2029,Moderate
37.56,101,91,2257,Moderate
40.3,147,33,3018,Critical
10.03,93,23,1866,Normal
38.14,136,93,2894,High
39.54,152,48,3186,Critical
38.9,136,95,2842,High
28.31,94,87,1377,Normal
25.65,81,41,588,Normal
37.54,115,92,2232,Moderate
40.42,144,75,3183,Critical
39.44,144,10,3149,Critical
14.91,73,50,117,Normal
37.86,114,92,2301,Moderate
38.34,135,95,2774,High
38.51,130,93,2972,High
37.83,102,90,2250,Moderate
37.54,118,92,2460,Moderate
24.67,62,66,1066,Normal
38.22,133,94,2841,High
33.55,61,55,135,Normal
37.84,105,94,2409,Moderate
37.95,117,93,2237,Moderate
24.0,62,31,378,Normal
38.62,134,95,2711,High
3.01,96,48,1790,Normal
22.23,73,21,1889,Normal
38.43,131,93,2528,High
40.17,150,85,3197,Critical
38.33,131,93,2636,High
19.53,99,86,957,Normal
39.11,160,30,3193,Critical
14.25,76,3,252,Normal
38.41,122,93,2784,High
5.9,100,8,1126,Normal
11.04,83,6,1430,Normal
38.13,125,95,2518,High
37.51,106,91,2133,Moderate
3.15,92,23,1628,Normal
38.69,134,93,2790,High
3.57,100,61,505,Normal
40.48,166,29,3157,Critical
38.8,139,95,2643,High
25.53,99,54,1512,Normal
37.56,103,91,2477,Moderate
0.21,89,64,38,Normal
25.71,67,18,1673,Normal
38.23,138,93,2898,High
32.81,89,38,109,Normal
37.87,110,91,2136,Moderate
37.91,120,92,2434,Moderate
17.8,84,12,1064,Normal
2.51,99,3,840,Normal
10.68,72,56,1924,Normal
15.98,75,43,774,Normal
38.38,133,95,2724,High
14.26,89,88,1905,Normal
33.64,78,35,1485,Normal
13.11,71,20,379,Normal
40.49,148,82,3060,Critical
38.8,137,93,2549,High
37.76,108,94,2080,Moderate
39.0,127,93,2558,High
38.81,134,93,2554,High
37.94,110,94,2407,Moderate
38.39,136,93,2537,High
35.73,92,85,408,Normal
40.49,141,61,3183,Critical
39.21,165,26,3097,Critical
37.95,109,90,2135,Moderate
38.06,129,94,2746,High
21.84,65,89,1543,Normal
37.5,109,94,2435,Moderate
38.82,137,95,2675,High
15.25,93,74,271,Normal
28.33,77,72,1353,Normal
40.37,150,34,3008,Critical
38.66,138,95,2616,High
33.2,73,76,1622,Normal
37.87,104,94,2295,Moderate
21.28,69,77,803,Normal
37.6,109,92,2216,Moderate
39.41,152,80,3087,Critical
30.61,68,60,672,Normal
39.71,159,23,3191,Critical
37.86,117,90,2182,Moderate
38.28,121,93,2696,High
27.2,93,62,647,Normal
40.47,146,65,3164,Critical
39.18,166,82,3146,Critical
37.99,120,94,2093,Moderate
39.01,141,34,3035,Critical
1.92,85,60,269,Normal
38.88,140,94,2741,High
38.8,134,93,2909,High
38.73,136,93,2707,High
37.84,111,94,2487,Moderate
40.42,146,53,3008,Critical
37.85,104,93,2370,Moderate
39.97,144,34,3127,Critical
37.78,109,91,2164,Moderate
39.6,143,51,3034,Critical
39.21,147,84,3177,Critical
38.86,124,94,2938,High
17.22,92,20,452,Normal
22.88,72,9,554,Normal
37.96,109,93,2394,Moderate
37.98,102,94,2057,Moderate
38.44,121,94,2861,High
37.64,105,91,2122,Moderate
3.76,81,48,1519,Normal
37.83,107,91,2463,Moderate
37.64,119,94,2281,Moderate
38.65,122,94,2841,High
39.68,155,25,3023,Critical
26.51,89,44,1501,Normal
37.98,103,92,2123,Moderate
11.06,95,87,69,Normal
9.32,82,44,505,Normal
36.26,71,54,740,Normal
40.31,142,72,3130,Critical
37.62,108,92,2033,Moderate
38.92,125,94,2520,High
37.55,107,91,2429,Moderate
12.61,89,30,1329,Normal
39.56,149,24,3025,Critical
38.82,127,93,2777,High
38.51,128,94,2922,High
37.85,115,92,2393,Moderate
39.03,155,13,3028,Critical
39.13,162,23,3128,Critical
39.85,150,81,3189,Critical
36.14,97,65,1374,Normal
38.38,122,95,2948,High
38.99,133,94,2500,High
37.89,117,94,2175,Moderate
38.36,127,94,2627,High
38.12,125,94,2598,High
37.61,101,92,2444,Moderate
37.99,114,90,2160,Moderate
39.45,170,0,3041,Critical
38.72,126,95,2713,High
5.69,83,69,1268,Normal
37.93,113,92,2186,Moderate
38.98,136,95,2603,High
3.45,95,48,1455,Normal
39.46,153,33,3009,Critical
39.77,141,37,3155,Critical
38.08,130,93,2767,High
37.55,110,94,2311,Moderate
14.14,87,69,1339,Normal
40.44,150,85,3040,Critical
9.48,66,60,766,Normal
38.71,124,93,2789,High
37.82,101,90,2243,Moderate
37.62,105,94,2056,Moderate
37.96,118,91,2123,Moderate
39.83,159,47,3199,Critical
38.72,137,93,2725,High
39.04,145,53,3146,Critical
37.58,105,90,2333,Moderate
38.08,137,95,2813,High
35.44,78,1,333,Normal
4.63,98,13,1916,Normal
37.55,117,90,2250,Moderate
39.11,162,63,3199,Critical
15.78,95,14,346,Normal
37.82,108,93,2064,Moderate
37.52,104,90,2112,Moderate
19.09,69,88,1229,Normal
38.69,140,94,2582,High
1.41,92,21,228,Normal
37.69,110,92,2027,Moderate
35.58,95,83,102,Normal
39.32,152,14,3117,Critical
25.75,82,39,1202,Normal
38.79,134,93,2644,High
37.7,115,91,2344,Moderate
38.36,125,95,2994,High
39.95,142,73,3078,Critical
39.27,158,88,3142,Critical
37.95,101,90,2449,Moderate
27.0,77,79,658,Normal
2.41,75,43,1055,Normal
2.24,68,54,147,Normal
37.58,104,92,2352,Moderate
23.3,86,52,1196,Normal
40.4,170,63,3055,Critical
39.68,162,90,3003,Critical
37.85,112,94,2094,Moderate
1.87,65,28,359,Normal
40.26,164,64,3051,Critical
38.09,123,93,2951,High
38.66,124,94,2609,High
27.42,92,16,1722,Normal
39.48,167,44,3062,Critical
38.69,136,93,2672,High
39.45,165,57,3129,Critical
39.8,144,29,3023,Critical
39.69,155,87,3149,Critical
37.76,101,94,2071,Moderate
38.03,137,95,2634,High
38.7,130,94,2750,High
20.65,92,56,1737,Normal
21.37,89,85,540,Normal
40.35,163,30,3007,Critical
10.5,62,59,1992,Normal
33.23,69,23,1640,Normal
37.87,105,92,2147,Moderate
38.74,127,95,2979,High
39.62,145,60,3044,Critical
37.64,105,90,2278,Moderate
37.96,104,94,2444,Moderate
37.83,104,94,2123,Moderate
39.74,147,59,3071,Critical
39.39,158,80,3073,Critical
38.41,121,95,2634,High
37.58,113,92,2331,Moderate
40.27,143,24,3112,Critical
38.78,128,95,2888,High
38.56,135,93,2578,High
39.85,149,8,3134,Critical
38.36,135,94,2673,High
37.94,115,94,2129,Moderate
17.65,86,71,255,Normal
40.16,151,57,3141,Critical
38.84,128,94,2803,High
37.77,113,92,2219,Moderate
38.5,140,93,2501,High
38.77,124,95,2568,High
39.6,169,15,3059,Critical
9.89,70,28,28,Normal
37.53,101,90,2250,Moderate
37.52,118,93,2084,Moderate
38.83,125,93,2937,High
17.02,84,50,804,Normal
25.86,73,52,769,Normal
31.56,75,61,308,Normal
33.93,93,46,87,Normal
40.16,143,82,3033,Critical
38.95,132,94,2634,High
39.67,170,59,3195,Critical
37.71,103,90,2028,Moderate
37.64,120,91,2017,Moderate
5.63,68,89,1353,Normal
39.18,158,65,3164,Critical
16.5,81,31,969,Normal
37.71,115,93,2252,Moderate
18.02,89,21,1571,Normal
37.51,101,91,2387,Moderate
37.86,103,91,2188,Moderate
38.04,131,95,2664,High
27.8,78,5,636,Normal
38.06,132,93,2979,High
38.31,131,95,2994,High
40.2,170,29,3056,Critical
20.24,62,57,247,Normal
37.64,108,93,2066,Moderate
38.16,137,93,2887,High
38.71,130,95,2742,High
12.01,88,13,40,Normal
39.32,146,68,3064,Critical
39.08,148,19,3189,Critical
39.68,164,2,3095,Critical
37.8,103,93,2328,Moderate
40.26,148,62,3187,Critical
32.98,78,14,1647,Normal
37.56,101,91,2253,Moderate
38.08,138,93,2878,High
38.03,121,95,2598,High
39.51,168,7,3107,Critical
40.29,158,56,3005,Critical
39.12,148,59,3171,Critical
40.48,143,45,3169,Critical
9.17,94,33,481,Normal
2.69,90,34,1491,Normal
38.12,138,93,2876,High
38.86,122,95,2690,High
39.41,157,77,3116,Critical
15.23,61,25,1308,Normal
37.75,115,90,2195,Moderate
40.1,170,56,3043,Critical
39.01,154,53,3006,Critical
37.63,108,94,2249,Moderate
38.97,126,95,2824,High
38.39,140,93,2510,High
38.03,126,95,2926,High
37.93,115,93,2193,Moderate
21.7,78,33,1866,Normal
38.15,131,95,2822,High
37.82,106,90,2272,Moderate
31.24,90,9,1608,Normal
24.5,71,87,1366,Normal
37.54,118,93,2476,Moderate
37.64,118,90,2204,Moderate
37.92,106,91,2231,Moderate
38.83,123,94,2843,High
40.3,152,62,3034,Critical
37.86,103,90,2441,Moderate
37.88,112,92,2304,Moderate
24.97,70,12,575,Normal
37.79,105,92,2452,Moderate
37.73,114,91,2170,Moderate
39.81,153,35,3040,Critical
38.82,127,95,2582,High
39.32,147,65,3157,Critical
37.93,107,90,2221,Moderate
37.76,104,90,2008,Moderate
40.01,156,34,3085,Critical
32.79,74,11,1395,Normal
37.61,113,93,2474,Moderate
36.16,83,26,1078,Normal
38.62,137,95,2822,High
37.76,119,91,2478,Moderate
38.49,133,94,2844,High
35.45,80,42,699,Normal
9.97,72,48,1401,Normal
38.8,131,93,2909,High
38.1,128,95,2862,High
37.5,117,91,2189,Moderate
37.74,118,91,2020,Moderate
27.42,73,73,1304,Normal
34.23,74,22,847,Normal
38.44,124,93,2546,High
39.9,156,32,3020,Critical
39.41,161,2,3093,Critical
15.41,99,34,384,Normal
37.65,113,93,2096,Moderate
40.18,150,50,3171,Critical
9.44,79,13,695,Normal
17.74,97,65,1353,Normal
40.43,156,0,3194,Critical
39.7,144,74,3106,Critical
14.42,65,60,490,Normal
38.87,130,94,2518,High
40.49,145,66,3028,Critical
38.76,136,93,2797,High
40.33,155,69,3177,Critical
40.2,145,46,3192,Critical
38.82,137,95,2617,High
36.61,67,26,1490,Normal
39.85,154,54,3085,Critical
0.18,74,16,626,Normal
37.82,116,91,2188,Moderate
38.36,131,93,2759,High
38.1,138,95,2683,High
32.72,92,87,1896,Normal
7.26,72,64,297,Normal
38.41,126,94,2779,High
39.52,157,25,3101,Critical
14.91,94,62,1470,Normal
38.34,132,95,2684,High
37.8,117,94,2235,Moderate
37.63,118,92,2254,Moderate
38.37,135,95,2803,High
8.55,82,23,903,Normal
39.24,152,85,3066,Critical
38.19,125,93,2760,High
37.52,108,90,2433,Moderate
39.33,152,40,3000,Critical
38.4,125,93,2871,High
38.15,130,93,2988,High
37.92,110,93,2482,Moderate
38.08,124,93,2811,High
39.76,145,83,3059,Critical
37.59,117,92,2010,Moderate
38.55,134,94,2604,High
38.61,122,94,2656,High
14.42,97,5,613,Normal
38.41,131,95,2640,High
5.55,70,34,580,Normal
38.21,131,95,2836,High
37.65,110,92,2126,Moderate
38.41,130,93,2772,High
37.91,105,90,2262,Moderate
38.6,123,95,2729,High
39.84,145,86,3106,Critical
13.92,95,70,1599,Normal
37.57,114,93,2388,Moderate
13.63,84,26,1549,Normal
38.34,133,93,2833,High
37.9,101,94,2034,Moderate
39.91,147,19,3048,Critical
7.8,86,37,971,Normal
39.22,155,15,3125,Critical
39.04,157,67,3118,Critical
38.42,128,93,2719,High
37.79,103,93,2043,Moderate
39.83,165,26,3037,Critical
21.6,64,36,1508,Normal
38.78,131,95,2792,High
37.77,104,93,2330,Moderate
11.99,88,33,1101,Normal
38.69,129,94,2628,High
31.09,71,45,1314,Normal
38.93,126,94,2723,High
7.82,67,16,1929,Normal
39.05,149,32,3056,Critical
33.71,82,57,1930,Normal
20.36,77,8,1578,Normal
11.88,92,64,1941,Normal
37.84,107,90,2418,Moderate
24.16,69,49,1524,Normal
38.94,135,93,2565,High
38.59,126,93,2894,High
40.36,158,65,3174,Critical
37.76,120,91,2412,Moderate
40.24,147,84,3030,Critical
20.15,98,22,317,Normal
38.06,138,94,2842,High
37.03,70,82,693,Normal
37.96,119,91,2108,Moderate
38.98,121,94,2995,High
38.93,123,94,2829,High
37.82,112,90,2470,Moderate
40.21,153,59,3048,Critical
32.16,61,71,514,Normal
37.58,104,91,2042,Moderate
29.31,82,54,563,Normal
35.33,89,71,741,Normal
37.71,116,90,2357,Moderate
38.56,129,95,2613,High
37.69,108,94,2496,Moderate
38.23,134,95,2625,High
38.87,133,95,2973,High
39.92,150,54,3120,Critical
37.58,104,92,2309,Moderate
30.45,84,73,688,Normal
22.57,73,21,1156,Normal
37.75,112,90,2095,Moderate
38.89,122,93,2983,High
28.4,81,24,1985,Normal
5.21,69,16,760,Normal
13.87,81,76,633,Normal
31.21,67,26,473,Normal
28.74,81,75,725,Normal
37.67,120,93,2431,Moderate
18.75,86,68,1884,Normal
5.07,61,54,1442,Normal
40.24,150,52,3174,Critical
39.96,158,27,3174,Critical
39.57,154,75,3117,Critical
40.15,146,20,3138,Critical
37.61,102,92,2417,Moderate
38.26,133,94,2796,High
39.53,163,8,3045,Critical
38.06,132,95,2893,High
40.07,143,61,3100,Critical
38.92,128,94,2758,High
38.41,122,94,2911,High
37.83,112,90,2159,Moderate
37.8,107,94,2235,Moderate
37.76,119,90,2319,Moderate
37.74,105,91,2142,Moderate
25.38,76,7,1104,Normal
37.99,114,92,2044,Moderate
38.69,124,95,2502,High
34.35,75,27,404,Normal
40.4,167,87,3035,Critical
39.15,154,28,3102,Critical
38.93,129,94,2808,High
38.82,135,93,2720,High
5.54,78,34,11,Normal
10.69,80,2,338,Normal
37.79,117,94,2220,Moderate
37.67,120,91,2097,Moderate
38.91,133,95,2919,High
37.7,102,91,2085,Moderate
39.48,156,58,3191,Critical
29.13,86,5,1082,Normal
37.55,104,94,2329,Moderate
9.4,93,77,903,Normal
33.23,61,68,1545,Normal
37.71,117,92,2042,Moderate
38.02,130,95,2620,High
37.54,108,94,2321,Moderate
37.82,110,92,2157,Moderate
38.17,140,95,2513,High
39.18,156,64,3019,Critical
23.99,97,59,263,Normal
6.72,68,16,1237,Normal
38.55,136,94,2786,High
33.71,73,52,339,Normal
30.18,71,32,742,Normal
37.55,109,93,2047,Moderate
38.47,126,93,2644,High
37.96,108,94,2448,Moderate
19.54,78,66,303,Normal
39.29,149,61,3190,Critical
37.96,101,94,2441,Moderate
38.0,109,90,2462,Moderate
40.44,162,32,3140,Critical
37.52,118,90,2313,Moderate
37.58,106,94,2383,Moderate
38.79,125,94,2824,High
38.45,127,93,2819,High
37.83,106,92,2248,Moderate
13.45,81,19,1264,Normal
37.69,113,94,2442,Moderate
39.47,155,36,3049,Critical
25.74,99,17,1388,Normal
37.59,113,92,2386,Moderate
19.55,79,4,438,Normal
38.94,138,94,2930,High
6.75,64,90,14,Normal
37.64,117,91,2089,Moderate
17.49,98,15,1036,Normal
39.45,158,72,3038,Critical
37.78,109,92,2016,Moderate
28.64,99,87,1443,Normal
37.73,111,93,2435,Moderate
37.78,112,91,2185,Moderate
37.71,120,91,2393,Moderate
38.0,132,94,2870,High
15.71,99,55,1866,Normal
13.54,89,67,668,Normal
37.97,107,94,2280,Moderate
35.99,94,88,22,Normal
9.27,66,62,275,Normal
4.56,65,84,1562,Normal
40.47,157,15,3073,Critical
37.58,110,92,2307,Moderate
38.49,133,93,2810,High
39.06,148,45,3168,Critical
38.15,127,93,2596,High
37.7,101,90,2028,Moderate
6.77,79,54,312,Normal
38.73,132,93,2721,High
37.62,105,91,2285,Moderate
38.72,138,94,2811,High
37.8,118,94,2189,Moderate
40.38,147,46,3197,Critical
38.64,126,93,2856,High
37.75,118,91,2046,Moderate
14.47,80,44,443,Normal
37.55,116,91,2435,Moderate
37.79,117,92,2469,Moderate
37.93,108,94,2110,Moderate
31.73,67,25,837,Normal
37.5,116,90,2254,Moderate
8.43,74,69,1406,Normal
7.96,98,87,1099,Normal
40.47,147,79,3191,Critical
32.53,77,88,949,Normal
37.81,106,92,2047,Moderate
38.88,127,94,2752,High
38.19,131,95,2780,High
39.96,142,15,3027,Critical
38.7,126,94,2729,High
38.17,136,95,2852,High
38.85,128,93,2818,High
35.26,77,65,120,Normal
3.11,65,42,422,Normal
39.84,152,23,3113,Critical
40.18,151,45,3198,Critical
10.58,91,1,331,Normal
38.61,140,93,2564,High
38.9,137,95,2954,High
38.47,123,95,2535,High
8.23,86,52,1511,Normal
37.98,110,94,2006,Moderate
38.18,133,94,2538,High
35.74,96,10,138,Normal
40.21,144,11,3095,Critical
37.97,110,93,2436,Moderate
39.85,152,24,3153,Critical
37.59,111,90,2253,Moderate
2.26,98,8,81,Normal
3.85,67,79,1892,Normal
37.87,120,90,2377,Moderate
37.96,110,93,2100,Moderate
17.87,62,20,430,Normal
37.78,104,92,2480,Moderate
37.67,111,91,2102,Moderate
33.59,82,6,1995,Normal
37.66,115,91,2006,Moderate
35.65,67,77,555,Normal
37.68,120,94,2371,Moderate
32.18,96,28,1652,Normal
38.51,139,95,2876,High
37.69,118,93,2241,Moderate
32.16,83,13,1422,Normal
27.23,99,75,69,Normal
20.37,60,1,1384,Normal
39.33,146,25,3157,Critical
38.56,131,93,2570,High
39.49,143,48,3026,Critical
36.38,64,61,273,Normal
38.76,137,94,2543,High
37.98,108,94,2255,Moderate
38.96,125,95,2618,High
38.88,124,95,2833,High
37.28,92,84,1700,Normal
37.8,112,94,2449,Moderate
37.81,112,91,2351,Moderate
38.84,129,93,2906,High
39.45,169,51,3198,Critical
38.65,128,94,2574,High
38.13,136,94,2676,High
39.98,157,15,3053,Critical
39.53,148,58,3169,Critical
40.44,164,41,3000,Critical
39.16,147,90,3171,Critical
38.17,128,93,2663,High
38.7,131,94,2691,High
17.79,61,86,1630,Normal
37.52,112,94,2393,Moderate
2.2,70,76,589,Normal
39.03,166,75,3105,Critical
38.6,140,94,2625,High
29.43,84,85,624,Normal
38.78,131,93,2765,High
20.19,87,50,955,Normal
38.86,139,95,2668,High
39.56,151,42,3071,Critical
37.65,104,93,2139,Moderate
37.6,107,94,2438,Moderate
37.53,118,91,2297,Moderate
39.25,148,86,3058,Critical
37.69,101,93,2154,Moderate
6.28,93,39,370,Normal
38.44,133,94,2984,High
37.7,104,91,2143,Moderate
39.96,163,47,3079,Critical
40.17,144,85,3096,Critical
25.48,70,82,924,Normal
37.96,110,90,2246,Moderate
37.62,106,91,2227,Moderate
32.83,95,40,1543,Normal
37.54,111,90,2352,Moderate
38.76,122,95,2828,High
37.58,110,94,2395,Moderate
39.3,146,27,3045,Critical
38.59,126,94,2695,High
37.67,104,93,2488,Moderate
40.07,141,17,3000,Critical
38.15,140,94,2763,High
1.46,100,78,1642,Normal
37.81,111,92,2310,Moderate
16.21,60,53,173,Normal
37.76,115,92,2233,Moderate
39.23,169,63,3010,Critical
37.56,104,94,2298,Moderate
37.54,106,92,2269,Moderate
37.66,107,93,2494,Moderate
7.23,94,24,689,Normal
37.57,111,92,2476,Moderate
38.36,140,95,2955,High
14.46,71,89,1770,Normal
33.36,89,68,522,Normal
39.9,166,7,3039,Critical
23.12,99,48,363,Normal
37.58,105,93,2422,Moderate
38.79,133,94,2955,High
39.24,155,16,3070,Critical
38.7,137,93,2578,High
30.0,63,27,219,Normal
37.52,110,91,2277,Moderate
38.91,133,95,2879,High
40.12,161,29,3023,Critical
38.84,126,94,2823,High
39.5,161,89,3181,Critical
39.62,148,55,3195,Critical
13.19,78,73,657,Normal
37.62,109,93,2101,Moderate
39.5,170,14,3029,Critical
37.88,101,90,2197,Moderate
38.38,130,94,2755,High
39.31,167,20,3180,Critical
34.79,68,69,1486,Normal
38.32,129,93,2782,High
25.69,63,4,672,Normal
17.45,79,43,709,Normal
38.68,133,93,2986,High
37.91,109,92,2325,Moderate
37.56,110,91,2151,Moderate
37.73,113,94,2322,Moderate
9.61,91,36,226,Normal
39.58,159,63,3179,Critical
39.88,147,58,3084,Critical
38.85,139,95,2783,High
4.14,97,34,1883,Normal
37.61,120,91,2209,Moderate
38.05,132,93,2635,High
37.53,115,92,2379,Moderate
38.41,132,94,2924,High
29.36,92,69,340,Normal
23.3,83,69,363,Normal
38.87,140,95,2599,High
38.52,133,94,2661,High
39.56,164,70,3002,Critical
38.87,129,94,2994,High
37.65,120,91,2396,Moderate
25.18,89,37,1242,Normal
38.01,135,94,2802,High
39.99,162,74,3119,Critical
39.4,152,67,3184,Critical
8.01,100,13,1132,Normal
37.7,111,90,2149,Moderate
37.96,101,92,2416,Moderate
40.35,151,73,3114,Critical
40.16,144,19,3142,Critical
0.61,90,4,1634,Normal
39.75,143,89,3066,Critical
10.91,79,88,1973,Normal
38.96,123,93,2992,High
38.18,126,94,2829,High
37.65,104,93,2467,Moderate
38.04,131,93,2856,High
37.79,108,91,2178,Moderate
39.84,163,33,3038,Critical
37.62,113,93,2164,Moderate
39.05,153,65,3026,Critical
40.16,151,29,3142,Critical
39.13,162,17,3125,Critical
38.24,131,95,2698,High
9.49,89,4,1391,Normal
38.42,123,93,2933,High
39.26,155,46,3003,Critical
40.47,142,16,3026,Critical
38.05,140,95,2728,High
39.25,154,26,3030,Critical
38.68,131,95,2963,High
37.63,112,94,2250,Moderate
38.83,138,94,2523,High
14.87,87,21,969,Normal
2.29,94,19,1136,Normal
35.71,74,2,1314,Normal
39.32,160,36,3115,Critical
37.67,104,92,2271,Moderate
38.53,124,95,2583,High
39.88,142,51,3145,Critical
38.42,125,93,2967,High
40.21,162,45,3050,Critical
39.76,152,39,3127,Critical
38.73,125,95,2638,High
38.78,134,94,2908,High
38.57,137,94,2621,High
39.32,170,20,3122,Critical
37.78,103,91,2171,Moderate
37.87,113,92,2367,Moderate
39.63,165,29,3092,Critical
11.23,82,81,473,Normal
37.59,114,93,2022,Moderate
40.2,164,70,3090,Critical
40.3,170,90,3143,Critical
25.78,85,19,206,Normal
37.67,112,93,2394,Moderate
38.11,134,94,2659,High
37.84,114,92,2011,Moderate
38.4,121,94,2659,High
39.98,170,0,3135,Critical
38.67,126,95,2648,High
38.74,127,93,2906,High
38.61,123,95,2953,High
38.52,139,95,2713,High
29.43,96,79,455,Normal
33.65,88,60,783,Normal
15.99,67,25,693,Normal
4.82,63,49,75,Normal
40.4,141,58,3062,Critical
37.77,111,91,2023,Moderate
38.28,132,94,2805,High
37.73,102,92,2425,Moderate
20.82,69,62,769,Normal
38.72,125,95,2785,High
38.32,139,94,2752,High
37.86,107,91,2290,Moderate
37.91,114,92,2206,Moderate
40.12,166,46,3021,Critical
39.51,165,31,3024,Critical
37.88,104,94,2179,Moderate
37.76,102,90,2198,Moderate
38.84,140,95,2998,High
31.72,74,13,683,Normal
38.13,133,94,2696,High
37.93,101,90,2239,Moderate
0.92,64,80,1271,Normal
39.5,148,82,3145,Critical
39.21,141,10,3186,Critical
38.74,124,95,2649,High
38.3,140,93,2570,High
39.57,166,45,3036,Critical
38.38,123,93,2742,High
37.95,119,94,2144,Moderate
20.6,84,20,281,Normal
37.82,114,91,2492,Moderate
38.13,126,93,2857,High
37.88,113,93,2018,Moderate
37.76,107,90,2079,Moderate
40.18,156,48,3175,Critical
38.3,122,95,2816,High
39.13,162,7,3166,Critical
39.01,155,36,3199,Critical
38.35,138,94,2637,High
37.85,104,90,2314,Moderate
37.82,113,93,2247,Moderate
37.64,111,91,2139,Moderate
4.77,65,59,230,Normal
39.46,145,75,3096,Critical
39.67,163,42,3059,Critical
37.91,116,92,2035,Moderate
4.48,72,27,751,Normal
37.76,101,91,2012,Moderate
39.31,157,58,3112,Critical
39.58,155,68,3060,Critical
38.75,125,95,2769,High
24.3,61,36,487,Normal
40.43,141,17,3123,Critical
36.29,87,46,1293,Normal
38.27,121,93,2729,High
37.67,111,91,2170,Moderate
16.86,86,58,373,Normal
38.84,134,95,2742,High
37.91,117,92,2126,Moderate
38.05,122,94,2991,High
39.95,154,78,3089,Critical
38.34,137,93,2991,High
37.52,117,94,2284,Moderate
37.82,110,91,2055,Moderate
7.54,95,10,1743,Normal
38.12,133,93,2832,High
37.73,105,91,2161,Moderate
38.17,121,94,2728,High
38.22,121,95,2682,High
37.73,103,93,2274,Moderate
39.42,165,80,3029,Critical
38.09,126,95,2831,High
37.66,116,92,2132,Moderate
3.21,96,89,1709,Normal
30.43,71,79,1241,Normal
4.4,61,47,379,Normal
39.36,167,18,3198,Critical
39.66,148,66,3051,Critical
40.15,150,5,3103,Critical
34.8,83,73,824,Normal
4.15,70,69,451,Normal
38.29,124,93,2946,High
28.52,86,44,427,Normal
39.09,152,90,3161,Critical
38.34,134,94,2715,High
38.42,131,93,2678,High
15.54,91,54,296,Normal
38.52,128,95,2817,High
39.41,154,72,3088,Critical
21.27,60,85,260,Normal
39.58,150,85,3069,Critical
39.01,149,57,3010,Critical
38.71,131,95,2600,High
38.87,133,94,2554,High
31.46,74,31,545,Normal
21.1,63,23,1273,Normal
25.79,65,35,1156,Normal
37.82,110,93,2454,Moderate
2.8,67,11,474,Normal
40.21,150,69,3174,Critical
38.62,136,95,2610,High
6.57,77,18,383,Normal
39.46,155,36,3096,Critical
38.47,130,94,2837,High
38.64,136,94,2935,High
37.88,115,90,2281,Moderate
38.13,131,95,2951,High
15.5,75,68,1907,Normal
40.12,162,77,3156,Critical
37.94,115,94,2067,Moderate
31.1,94,44,1599,Normal
37.97,118,90,2181,Moderate
38.16,133,95,2890,High
40.08,158,69,3070,Critical
23.12,62,75,600,Normal
37.92,108,94,2326,Moderate
37.55,118,92,2113,Moderate
39.48,163,46,3051,Critical
39.08,152,9,3047,Critical
38.75,127,94,2645,High
37.74,106,90,2102,Moderate
38.38,138,93,2771,High
37.52,111,90,2058,Moderate
11.8,79,53,1047,Normal
38.36,128,93,2540,High
37.77,115,94,2481,Moderate
40.47,157,50,3131,Critical
38.46,133,94,2535,High
38.67,123,93,2891,High
38.82,133,93,2648,High
4.0,84,78,1480,Normal
38.57,134,93,2689,High
37.82,107,94,2215,Moderate
37.68,117,93,2280,Moderate
37.61,112,94,2272,Moderate
37.87,113,91,2206,Moderate
39.41,160,11,3132,Critical
1.65,97,29,939,Normal
37.74,115,91,2348,Moderate
29.62,82,45,73,Normal
40.23,163,7,3113,Critical
39.36,161,0,3073,Critical
4.45,62,88,305,Normal
38.51,135,94,2900,High
39.07,146,11,3146,Critical
27.35,95,39,498,Normal
38.0,133,94,2921,High
38.8,123,94,2943,High
29.38,74,17,1097,Normal
38.42,121,95,2870,High
38.86,136,95,2842,High
1.66,62,37,1360,Normal
37.75,115,91,2366,Moderate
26.0,70,80,223,Normal
2.91,84,68,1956,Normal
37.85,120,94,2345,Moderate
38.08,126,93,2714,High
0.85,80,37,1143,Normal
38.03,133,94,2904,High
39.36,160,45,3139,Critical
38.03,131,94,2533,High
38.86,138,95,2869,High
38.15,123,93,2915,High
37.52,112,93,2171,Moderate
2.34,80,83,1435,Normal
39.35,160,15,3083,Critical
37.79,103,93,2469,Moderate
40.0,155,87,3126,Critical
37.97,110,91,2496,Moderate
40.44,168,22,3082,Critical
39.07,161,67,3085,Critical
37.82,104,93,2297,Moderate
16.85,98,60,929,Normal
10.34,83,87,412,Normal
37.75,110,91,2045,Moderate
14.22,65,41,1292,Normal
25.84,73,9,1407,Normal
38.76,131,95,2928,High
37.54,108,94,2326,Moderate
40.29,155,60,3064,Critical
37.54,112,90,2118,Moderate
37.71,120,92,2182,Moderate
4.79,98,40,270,Normal
37.94,114,94,2351,Moderate
39.64,141,40,3169,Critical
40.09,155,87,3109,Critical
38.18,127,95,2781,High
37.97,118,90,2066,Moderate
30.0,97,82,1306,Normal
30.85,82,87,1245,Normal
40.17,163,77,3118,Critical
37.76,111,92,2447,Moderate
0.27,64,57,1845,Normal
37.85,108,91,2124,Moderate
37.72,118,90,2052,Moderate
28.46,64,81,1412,Normal
12.71,73,60,430,Normal
37.92,119,93,2091,Moderate
38.38,139,95,2813,High
11.52,60,4,1062,Normal
39.56,144,17,3105,Critical
1.35,84,56,1568,Normal
38.55,137,93,2859,High
28.39,73,14,1626,Normal
38.17,124,95,2992,High
32.74,67,72,537,Normal
37.64,107,90,2234,Moderate
40.01,150,30,3074,Critical
37.97,114,92,2459,Moderate
29.99,84,11,889,Normal
35.65,97,38,781,Normal
39.38,167,44,3027,Critical
40.46,151,31,3141,Critical
38.35,137,95,2862,High
6.19,76,53,802,Normal
24.64,82,15,128,Normal
37.52,104,93,2353,Moderate
37.9,111,93,2436,Moderate
37.91,114,93,2343,Moderate
37.96,108,93,2260,Moderate
24.36,62,65,163,Normal
39.56,164,12,3145,Critical
37.83,104,91,2241,Moderate
39.56,149,82,3066,Critical
39.05,144,16,3174,Critical
39.02,150,38,3097,Critical
37.75,114,90,2184,Moderate
40.36,152,53,3126,Critical
33.11,95,87,1473,Normal
40.29,147,1,3009,Critical
6.54,68,76,1610,Normal
38.02,137,94,2818,High
38.69,138,94,2865,High
37.57,119,91,2465,Moderate
39.25,145,38,3085,Critical
37.76,114,94,2409,Moderate
38.45,125,95,2602,High
33.44,79,64,1751,Normal
32.62,67,25,328,Normal
37.84,108,90,2062,Moderate
29.15,62,60,834,Normal
38.73,122,93,2593,High
38.19,137,95,2692,High
38.75,136,95,2953,High
37.98,116,91,2438,Moderate
37.63,109,91,2269,Moderate
40.09,143,1,3130,Critical
22.07,97,70,378,Normal
38.05,136,93,2591,High
37.65,118,94,2042,Moderate
39.54,141,29,3166,Critical
21.63,74,65,528,Normal
37.59,119,91,2049,Moderate
37.64,102,92,2229,Moderate
37.66,109,93,2063,Moderate
38.52,124,95,2746,High
30.28,80,73,1406,Normal
15.12,60,86,1515,Normal
37.58,109,92,2019,Moderate
38.66,121,93,2895,High
37.9,111,92,2152,Moderate
30.9,95,89,524,Normal
39.48,148,4,3027,Critical
39.15,156,44,3011,Critical
38.53,121,93,2579,High
37.66,112,90,2383,Moderate
11.46,82,9,907,Normal
32.02,100,12,1201,Normal
37.78,101,91,2103,Moderate
13.64,78,14,1766,Normal
37.61,110,91,2166,Moderate
37.68,101,94,2194,Moderate
37.82,104,92,2094,Moderate
30.13,61,43,823,Normal
37.74,118,92,2435,Moderate
37.9,111,94,2006,Moderate
38.01,133,93,2992,High
38.62,133,94,2930,High
37.85,113,93,2312,Moderate
39.06,145,56,3056,Critical
40.25,149,38,3027,Critical
38.81,133,94,2767,High
5.58,84,12,701,Normal
38.06,129,93,2568,High
40.4,166,87,3029,Critical
37.97,104,91,2071,Moderate
38.38,133,94,2544,High
40.4,154,36,3096,Critical
38.52,139,93,2962,High
39.93,150,87,3156,Critical
12.69,74,10,1841,Normal
38.75,131,95,2653,High
37.82,102,93,2324,Moderate
38.98,126,95,2805,High
38.9,124,93,2778,High
39.82,155,7,3087,Critical
38.3,123,94,2679,High
40.1,167,46,3081,Critical
19.96,63,32,910,Normal
39.65,164,79,3195,Critical
38.33,124,93,2807,High
34.43,64,86,234,Normal
17.5,96,17,1304,Normal
39.49,141,47,3110,Critical
15.74,93,45,1561,Normal
13.86,71,88,44,Normal
40.23,167,12,3174,Critical
39.46,152,71,3030,Critical
19.51,71,67,1650,Normal
25.55,73,18,1657,Normal
37.91,111,94,2285,Moderate
39.0,132,94,2812,High
38.57,132,95,2552,High
39.8,164,68,3108,Critical
34.0,94,62,117,Normal
7.18,99,41,784,Normal
37.75,105,90,2091,Moderate
37.7,116,92,2106,Moderate
37.51,120,93,2034,Moderate
37.61,103,91,2312,Moderate
37.84,109,92,2181,Moderate
39.96,147,56,3060,Critical
38.07,125,95,2858,High
6.08,63,7,488,Normal
38.53,135,94,2942,High
37.84,118,94,2038,Moderate
38.21,134,94,2648,High
39.58,149,69,3176,Critical
6.88,65,29,194,Normal
39.48,168,9,3197,Critical
16.53,97,63,1072,Normal
37.73,115,94,2465,Moderate
38.54,138,95,2995,High
37.95,116,90,2200,Moderate
39.86,142,82,3100,Critical
37.66,110,90,2202,Moderate
40.26,164,1,3003,Critical
9.51,100,40,1598,Normal
40.41,164,11,3017,Critical
39.33,167,82,3029,Critical
38.35,138,93,2710,High
37.95,111,93,2470,Moderate
38.66,121,94,2584,High
27.34,82,57,1239,Normal
34.17,72,2,531,Normal
39.9,170,69,3190,Critical
39.06,169,84,3171,Critical
39.55,154,41,3074,Critical
26.46,97,66,578,Normal
37.57,116,93,2468,Moderate
39.81,147,5,3069,Critical
39.9,168,58,3123,Critical
38.63,132,93,2950,High
38.43,139,93,2942,High
36.6,69,17,1166,Normal
37.99,106,90,2344,Moderate
15.69,98,27,1943,Normal
40.42,160,28,3063,Critical
40.4,152,66,3102,Critical
38.63,136,93,2989,High
38.49,133,94,2511,High
40.1,159,82,3130,Critical
38.28,132,93,2558,High
35.14,88,9,674,Normal
4.11,96,7,1458,Normal
37.96,117,94,2414,Moderate
37.51,120,92,2097,Moderate
39.98,152,70,3050,Critical
22.69,88,6,641,Normal
38.15,130,94,2591,High
40.37,150,39,3025,Critical
39.32,170,27,3037,Critical
37.63,105,92,2347,Moderate
37.65,110,90,2327,Moderate
38.77,121,93,2842,High
38.65,138,93,2885,High
2.13,88,78,939,Normal
40.2,165,11,3179,Critical
38.39,139,94,2815,High
17.32,80,22,1817,Normal
20.2,66,84,254,Normal
37.61,114,90,2267,Moderate
39.21,153,86,3170,Critical
37.9,112,94,2225,Moderate
14.79,87,43,1482,Normal
38.68,128,94,2663,High
37.62,113,93,2158,Moderate
7.02,63,36,1876,Normal
39.15,157,5,3156,Critical
37.9,105,91,2414,Moderate
39.5,146,59,3163,Critical
38.83,126,94,2645,High
40.46,147,19,3153,Critical
38.57,138,95,2734,High
38.49,121,93,2568,High
34.08,69,37,325,Normal
37.73,110,92,2338,Moderate
33.81,78,53,1906,Normal
38.08,123,94,2780,High
33.11,70,71,1126,Normal
39.63,156,25,3087,Critical
37.86,119,94,2176,Moderate
20.94,68,76,1227,Normal
38.93,124,93,2766,High
38.66,139,93,2824,High
39.34,164,61,3046,Critical
38.21,139,95,2507,High
37.62,119,94,2257,Moderate
38.15,129,93,2818,High
37.9,105,91,2298,Moderate
37.69,119,93,2348,Moderate
37.95,115,92,2149,Moderate
38.06,123,93,2819,High
38.6,128,93,2764,High
38.76,127,94,2777,High
38.21,126,94,2581,High
37.99,106,92,2449,Moderate
38.02,128,93,2558,High
40.2,141,9,3157,Critical
37.67,112,90,2402,Moderate
38.71,134,93,2942,High
37.51,110,90,2009,Moderate
0.78,91,28,850,Normal
6.63,87,7,1731,Normal
39.18,144,7,3024,Critical
30.11,73,89,765,Normal
3.51,100,63,1513,Normal
39.06,146,1,3152,Critical
12.5,65,6,1845,Normal
37.8,107,94,2187,Moderate
37.55,118,91,2223,Moderate
40.1,147,65,3075,Critical
37.95,105,90,2108,Moderate
27.53,75,45,79,Normal
37.96,101,94,2195,Moderate
38.21,137,95,2728,High
40.27,162,18,3115,Critical
38.04,140,93,2832,High
40.45,158,9,3166,Critical
38.52,133,95,2862,High
37.91,117,90,2165,Moderate
3.09,61,4,1098,Normal
38.94,123,94,2898,High
20.52,85,24,1194,Normal
7.41,80,84,1706,Normal
38.17,122,95,2633,High
38.75,121,95,2831,High
38.76,139,94,2601,High
37.87,109,94,2367,Moderate
9.17,82,57,69,Normal
14.71,74,2,1680,Normal
37.92,103,91,2432,Moderate
38.32,127,95,2717,High
38.27,123,95,2917,High
38.54,137,94,2991,High
37.75,104,94,2374,Moderate
3.94,78,87,791,Normal
37.81,102,93,2496,Moderate
12.45,70,9,955,Normal
37.63,118,91,2071,Moderate
3.08,72,43,757,Normal
37.98,108,93,2141,Moderate
38.8,132,94,2649,High
37.67,120,93,2216,Moderate
14.79,98,77,598,Normal
26.26,75,74,151,Normal
39.67,158,53,3092,Critical
38.43,130,95,2831,High
38.09,126,94,2999,High
38.95,138,94,2976,High
38.15,132,93,2864,High
37.99,116,92,2115,Moderate
17.52,78,78,1768,Normal
38.18,135,94,2929,High
34.96,91,9,1835,Normal
37.97,117,94,2171,Moderate
36.46,83,59,1372,Normal
18.77,96,64,1509,Normal
19.87,81,33,1553,Normal
39.42,141,87,3087,Critical
37.58,103,94,2103,Moderate
33.93,84,18,1558,Normal
37.82,112,93,2345,Moderate
37.75,117,94,2461,Moderate
14.29,69,6,1570,Normal
37.82,111,94,2470,Moderate
39.81,164,59,3064,Critical
38.71,126,94,2657,High
37.79,107,93,2088,Moderate
38.57,122,93,2694,High
38.2,140,93,2994,High
35.16,67,12,1899,Normal
12.79,89,76,1462,Normal
5.57,73,6,1380,Normal
38.41,130,93,2660,High
26.52,67,57,977,Normal
37.64,108,93,2156,Moderate
37.52,111,90,2288,Moderate
21.83,99,64,726,Normal
37.97,119,94,2400,Moderate
17.8,94,75,626,Normal
39.8,170,8,3112,Critical
3.2,77,4,1736,Normal
40.25,144,34,3193,Critical
38.1,130,94,2705,High
4.42,68,47,1919,Normal
37.72,116,91,2229,Moderate
38.73,121,94,2605,High
38.5,128,94,2714,High
37.53,109,91,2295,Moderate
37.61,116,92,2455,Moderate
40.13,158,52,3117,Critical
37.98,112,94,2234,Moderate
39.01,145,7,3169,Critical
38.48,133,94,2903,High
24.0,81,14,1926,Normal
40.35,163,25,3124,Critical
39.25,147,4,3102,Critical
38.47,124,95,2816,High
38.89,134,93,2712,High
3.66,86,50,160,Normal
38.18,132,95,2911,High
38.55,125,94,2970,High
38.41,132,93,2764,High
28.8,64,28,1083,Normal
37.98,112,94,2398,Moderate
12.02,95,60,280,Normal
37.79,111,90,2389,Moderate
37.84,103,90,2447,Moderate
38.89,134,95,2667,High
38.38,140,95,2576,High
38.67,140,95,2968,High
26.84,75,89,37,Normal
40.42,143,30,3136,Critical
37.63,110,90,2095,Moderate
37.97,118,91,2334,Moderate
37.92,112,90,2212,Moderate
21.33,95,48,284,Normal
29.06,80,14,517,Normal
38.98,123,94,2735,High
37.85,115,90,2099,Moderate
38.95,121,94,2830,High
4.99,95,84,307,Normal
38.74,132,94,2524,High
39.3,148,3,3133,Critical
40.07,168,70,3108,Critical
37.83,101,93,2441,Moderate
9.06,79,68,1128,Normal
38.08,140,93,2505,High
37.93,104,94,2221,Moderate
35.89,89,31,952,Normal
40.28,146,71,3084,Critical
39.04,141,73,3006,Critical
11.09,60,25,1608,Normal
38.73,125,94,2992,High
38.24,131,94,2596,High
13.92,67,45,1302,Normal
38.96,121,93,2953,High
17.34,88,90,169,Normal
0.04,86,7,185,Normal
38.36,138,93,2601,High
40.15,147,76,3043,Critical
40.44,168,56,3128,Critical
17.41,84,48,844,Normal
38.9,122,95,2593,High
37.73,116,94,2430,Moderate
38.63,125,94,2715,High
39.98,149,42,3086,Critical
39.63,158,82,3194,Critical
37.53,108,90,2485,Moderate
39.2,147,64,3001,Critical
37.6,103,93,2492,Moderate
38.21,122,95,2637,High
38.56,128,93,2745,High
37.76,115,94,2279,Moderate
38.53,136,95,2918,High
39.82,148,14,3071,Critical
22.51,61,27,161,Normal
37.71,114,92,2379,Moderate
39.99,163,34,3194,Critical
39.36,166,58,3016,Critical
26.12,91,62,439,Normal
29.33,67,44,1648,Normal
39.84,166,6,3172,Critical
37.63,114,92,2044,Moderate
38.43,136,95,2661,High
37.61,113,92,2219,Moderate
37.81,120,93,2147,Moderate
40.22,165,8,3052,Critical
38.94,134,94,2791,High
5.31,82,62,1986,Normal
39.12,162,78,3199,Critical
15.18,83,62,1260,Normal
37.86,101,92,2401,Moderate
38.12,126,94,2533,High
37.62,110,91,2015,Moderate
38.09,128,95,2797,High
38.44,129,95,2848,High
38.36,126,93,2670,High
40.15,144,53,3093,Critical
38.76,121,95,2627,High
38.07,136,94,2985,High
39.34,143,24,3021,Critical
6.1,80,63,203,Normal
16.16,72,49,1032,Normal
37.53,110,92,2291,Moderate
39.85,154,86,3124,Critical
40.09,155,6,3185,Critical
38.11,123,95,2763,High
7.21,62,82,487,Normal
38.68,122,94,2604,High
37.13,84,75,866,Normal
38.5,123,95,2979,High
38.68,137,95,2641,High
15.66,64,0,1532,Normal
39.52,162,66,3175,Critical
40.2,168,34,3016,Critical
37.63,111,94,2338,Moderate
18.7,79,78,795,Normal
38.88,135,95,2591,High
36.4,90,52,481,Normal
39.24,156,53,3065,Critical
40.42,170,47,3176,Critical
39.01,165,5,3018,Critical
38.91,133,94,2800,High
38.2,135,94,2913,High
37.62,106,90,2206,Moderate
39.04,156,5,3125,Critical
38.84,124,94,2993,High
37.96,117,91,2483,Moderate
22.94,87,7,981,Normal
9.58,85,27,67,Normal
39.79,155,68,3062,Critical
37.72,113,90,2395,Moderate
38.09,128,93,2658,High
39.12,159,63,3013,Critical
39.25,157,6,3109,Critical
38.63,140,94,2985,High
38.33,135,94,2755,High
39.32,158,32,3052,Critical
39.16,165,64,3010,Critical
37.59,119,91,2192,Moderate
5.92,74,44,326,Normal
38.67,136,93,2666,High
39.46,168,22,3143,Critical
22.18,68,62,809,Normal
37.86,107,93,2380,Moderate
37.54,118,91,2352,Moderate
39.95,150,77,3008,Critical
38.43,135,95,2632,High
37.89,119,92,2414,Moderate
39.45,152,38,3076,Critical
22.65,92,74,1263,Normal
37.89,107,91,2412,Moderate
38.27,127,95,2746,High
39.11,160,27,3121,Critical
0.75,93,84,1142,Normal
38.9,136,95,2539,High
38.64,140,94,2834,High
39.33,160,36,3084,Critical
12.94,82,84,1356,Normal
37.69,106,92,2238,Moderate
38.22,124,93,2857,High
38.21,128,93,2505,High
38.45,138,94,2552,High
11.62,95,60,497,Normal
36.27,75,72,1062,Normal
38.51,135,94,2825,High
39.89,159,40,3121,Critical
21.98,71,3,793,Normal
38.07,121,95,2883,High
39.79,147,25,3063,Critical
20.23,81,47,481,Normal
5.86,61,58,1179,Normal
38.98,128,95,2749,High
38.36,130,93,2782,High
38.16,132,95,2978,High
37.66,105,94,2329,Moderate
39.06,144,38,3088,Critical
9.84,65,3,1930,Normal
33.81,98,41,1102,Normal
40.23,145,9,3078,Critical
39.57,170,88,3035,Critical
40.17,158,19,3194,Critical
4.51,84,64,25,Normal
37.94,119,92,2183,Moderate
39.39,150,67,3069,Critical
30.05,72,73,1671,Normal
37.89,103,94,2035,Moderate
37.5,109,91,2312,Moderate
8.89,69,90,48,Normal
40.36,160,56,3159,Critical
37.77,114,90,2476,Moderate
11.63,84,77,525,Normal
38.11,133,95,2699,High
34.65,97,0,1888,Normal
13.73,92,87,1173,Normal
38.8,129,95,2681,High
39.73,150,87,3050,Critical
3.24,85,4,1091,Normal
19.67,99,12,1444,Normal
39.64,147,38,3191,Critical
38.46,129,93,2511,High
37.72,119,94,2433,Moderate
38.14,140,95,2594,High
39.97,158,70,3054,Critical
38.97,134,94,2763,High
38.94,135,93,2927,High
23.69,89,37,297,Normal
38.61,130,93,2790,High
37.78,112,94,2434,Moderate
38.04,129,93,2975,High
2.16,94,26,1743,Normal
39.05,147,37,3045,Critical
39.29,145,62,3094,Critical
39.51,145,79,3080,Critical
4.82,72,13,763,Normal
1.93,68,43,572,Normal
39.54,160,42,3157,Critical
38.4,124,95,2986,High
37.99,107,94,2424,Moderate
39.11,153,73,3107,Critical
3.44,74,26,924,Normal
12.94,100,78,1712,Normal
38.63,134,94,2971,High
5.74,68,14,984,Normal
37.96,117,93,2362,Moderate
37.77,105,92,2185,Moderate
38.09,137,95,2718,High
11.1,72,67,1922,Normal
37.76,120,92,2029,Moderate
38.04,127,93,2992,High
34.44,80,70,1874,Normal
34.28,89,7,352,Normal
12.36,85,4,963,Normal
39.18,166,74,3097,Critical
40.42,163,10,3003,Critical
38.65,137,93,2848,High
25.04,73,47,47,Normal
39.07,167,73,3174,Critical
38.44,132,94,2970,High
38.33,140,93,2629,High
26.37,80,13,1739,Normal
6.32,64,22,1167,Normal
37.91,106,93,2331,Moderate
38.95,130,93,2907,High
21.73,84,10,599,Normal
40.39,149,87,3083,Critical
35.56,95,34,34,Normal
27.29,96,88,1304,Normal
12.44,87,43,1663,Normal
38.41,130,93,2718,High
40.17,156,72,3130,Critical
10.4,61,51,1580,Normal
37.64,101,93,2282,Moderate
38.87,129,95,2887,High
37.77,108,92,2293,Moderate
38.74,140,94,2623,High
38.36,139,95,2815,High
38.53,126,94,2837,High
33.78,77,41,1734,Normal
40.39,153,80,3156,Critical
3.08,84,48,1030,Normal
40.4,159,48,3037,Critical
7.91,68,82,1545,Normal
37.73,118,93,2169,Moderate
40.12,141,16,3196,Critical
17.06,95,86,945,Normal
40.01,144,3,3001,Critical
38.74,139,95,2813,High
37.52,107,92,2344,Moderate
37.83,111,90,2032,Moderate
35.01,100,40,1551,Normal
38.34,122,93,2930,High
37.79,101,93,2150,Moderate
37.98,109,92,2103,Moderate
37.81,114,93,2092,Moderate
39.17,155,18,3034,Critical
27.46,61,41,1696,Normal
10.11,96,50,1675,Normal
38.17,132,93,2584,High
30.2,92,69,611,Normal
36.48,98,44,705,Normal
39.53,160,40,3046,Critical
37.95,107,93,2245,Moderate
38.55,126,94,2511,High
22.5,67,83,1933,Normal
10.28,82,64,364,Normal
39.29,166,47,3133,Critical
38.24,131,93,2991,High
14.37,80,37,864,Normal
38.5,129,93,2532,High
37.72,105,92,2156,Moderate
38.12,131,94,2574,High
38.84,133,95,2577,High
5.23,100,7,87,Normal
40.02,164,7,3100,Critical
37.59,116,90,2093,Moderate
38.53,138,93,2701,High
39.1,148,74,3014,Critical
38.47,130,94,2747,High
27.88,95,41,1116,Normal
31.64,95,30,139,Normal
39.13,163,20,3097,Critical
30.15,100,9,1460,Normal
37.79,119,90,2359,Moderate
38.55,138,95,2648,High
37.57,112,92,2385,Moderate
39.58,146,61,3009,Critical
39.43,152,42,3149,Critical
39.94,142,79,3030,Critical
39.38,168,30,3120,Critical
5.9,66,54,731,Normal
38.44,140,94,2808,High
37.98,109,91,2429,Moderate
38.79,134,94,2930,High
38.78,137,93,2805,High
23.07,70,71,1873,Normal
37.51,106,90,2336,Moderate
39.56,157,89,3054,Critical
20.39,97,31,652,Normal
20.61,95,4,1647,Normal
38.15,131,95,2551,High
38.36,123,95,2742,High
37.5,116,92,2062,Moderate
37.84,106,91,2096,Moderate
2.32,68,54,523,Normal
39.17,159,84,3162,Critical
19.94,68,6,1648,Normal
37.7,106,90,2249,Moderate
40.29,141,70,3152,Critical
27.69,61,11,161,Normal
38.77,124,95,2590,High
37.86,120,92,2314,Moderate
38.13,138,94,2766,High
37.72,115,91,2365,Moderate
9.42,81,6,1219,Normal
40.25,151,10,3008,Critical
37.8,105,94,2128,Moderate
40.01,160,17,3125,Critical
36.09,85,32,991,Normal
40.24,152,30,3030,Critical
37.57,117,93,2054,Moderate
18.75,86,23,670,Normal
38.38,134,95,2591,High
40.48,159,84,3088,Critical
40.35,154,5,3026,Critical
38.63,133,94,2507,High
6.63,76,43,1942,Normal
38.62,139,95,2627,High
39.77,147,63,3012,Critical
24.05,84,10,1580,Normal
39.31,168,53,3137,Critical
37.78,113,93,2006,Moderate
38.03,132,93,2564,High
12.24,89,26,969,Normal
19.3,71,24,1234,Normal
37.71,102,91,2298,Moderate
23.32,72,18,803,Normal
39.67,165,86,3196,Critical
37.72,108,94,2458,Moderate
39.0,129,95,2833,High
37.71,114,90,2130,Moderate
37.55,105,94,2184,Moderate
37.81,101,92,2208,Moderate
37.62,117,93,2225,Moderate
39.96,158,29,3023,Critical
37.96,115,93,2165,Moderate
38.59,139,95,2881,High
38.48,128,94,2903,High
22.43,89,51,1523,Normal
38.28,125,95,2693,High
39.3,166,68,3092,Critical
9.67,82,76,251,Normal
37.86,113,94,2438,Moderate
38.47,130,94,2840,High
39.62,148,81,3183,Critical
10.02,75,67,1577,Normal
37.85,103,91,2500,Moderate
37.94,104,91,2035,Moderate
37.52,120,94,2407,Moderate
39.55,165,89,3182,Critical
39.69,163,4,3096,Critical
1.25,97,45,1498,Normal
39.83,169,46,3103,Critical
39.47,169,75,3051,Critical
37.77,107,91,2359,Moderate
39.12,145,6,3096,Critical
37.57,111,90,2356,Moderate
4.78,99,79,470,Normal
39.61,165,39,3166,Critical
29.99,76,5,394,Normal
37.61,115,93,2424,Moderate
39.12,155,67,3016,Critical
39.92,148,87,3063,Critical
38.33,121,93,2721,High
38.08,127,95,2586,High
39.83,162,42,3029,Critical
38.25,137,94,2620,High
20.37,71,53,1615,Normal
37.64,103,92,2030,Moderate
38.88,135,94,2977,High
20.2,63,24,1728,Normal
37.73,117,92,2007,Moderate
37.86,103,92,2209,Moderate
37.56,120,93,2445,Moderate
40.2,152,62,3183,Critical
37.91,108,92,2443,Moderate
37.83,111,91,2497,Moderate
40.24,169,46,3139,Critical
40.02,167,32,3082,Critical
39.08,154,77,3144,Critical
37.86,112,91,2469,Moderate
4.05,74,23,1896,Normal
39.07,148,48,3130,Critical
15.22,86,9,241,Normal
39.06,170,12,3196,Critical
40.04,142,70,3018,Critical
28.32,84,23,670,Normal
38.47,138,94,2570,High
40.32,162,56,3124,Critical
40.48,157,25,3115,Critical
39.28,160,29,3163,Critical
3.27,100,32,1586,Normal
37.93,119,91,2391,Moderate
21.54,85,15,1980,Normal
37.82,120,92,2400,Moderate
20.18,78,21,1729,Normal
21.4,76,6,969,Normal
38.6,130,93,2805,High
40.35,151,43,3179,Critical
38.27,127,95,2815,High
37.92,106,92,2069,Moderate
39.38,145,81,3138,Critical
37.95,115,91,2444,Moderate
32.98,86,24,990,Normal
23.61,63,69,1443,Normal
8.9,97,27,607,Normal
39.9,158,88,3137,Critical
6.6,90,9,954,Normal
38.73,127,95,2930,High
37.61,116,92,2196,Moderate
37.8,112,91,2401,Moderate
32.45,86,33,1550,Normal
38.55,135,94,2957,High
38.47,133,93,2708,High
37.72,117,93,2208,Moderate
39.51,153,45,3179,Critical
38.5,131,93,2653,High
5.54,71,0,327,Normal
25.7,92,50,1932,Normal
37.54,108,94,2129,Moderate
37.72,114,94,2048,Moderate
38.73,132,94,2863,High
38.88,136,94,2774,High
37.9,104,93,2476,Moderate
27.55,74,36,1418,Normal
40.44,163,70,3120,Critical
37.72,107,93,2089,Moderate
37.89,104,92,2429,Moderate
15.51,94,83,1662,Normal
37.54,119,90,2250,Moderate
39.03,142,57,3031,Critical
9.68,85,69,736,Normal
37.74,109,93,2290,Moderate
39.16,162,5,3135,Critical
38.69,131,93,2634,High
25.67,61,42,42,Normal
40.05,161,27,3060,Critical
23.29,82,3,563,Normal
39.0,135,94,2763,High
26.5,100,39,1289,Normal
31.37,99,55,1872,Normal
37.7,107,90,2025,Moderate
39.67,142,43,3045,Critical
38.6,136,95,2668,High
37.67,105,93,2213,Moderate
10.17,78,82,1788,Normal
34.46,72,84,1647,Normal
37.95,103,90,2408,Moderate
37.86,111,91,2349,Moderate
31.67,95,84,932,Normal
37.76,111,92,2002,Moderate
38.2,128,93,2541,High
31.5,64,54,545,Normal
38.72,131,94,2968,High
38.0,115,94,2195,Moderate
37.7,107,90,2177,Moderate
38.96,128,94,2679,High
38.11,136,95,2661,High
11.6,89,1,1417,Normal
40.35,146,44,3178,Critical
39.05,156,42,3146,Critical
39.7,168,69,3198,Critical
39.98,159,89,3153,Critical
39.34,167,69,3004,Critical
37.95,110,92,2018,Moderate
38.13,125,95,2863,High
40.23,146,82,3029,Critical
38.59,129,94,2697,High
17.98,75,37,1047,Normal
37.81,110,91,2022,Moderate
1.63,67,33,1741,Normal
23.71,93,84,548,Normal
27.58,100,40,32,Normal
15.12,96,67,1054,Normal
14.08,64,14,1783,Normal
37.62,113,93,2195,Moderate
37.87,108,93,2218,Moderate
37.96,110,93,2130,Moderate
39.12,154,3,3128,Critical
24.36,99,88,1316,Normal
40.34,169,66,3084,Critical
38.7,137,95,2920,High
38.41,125,94,2653,High
40.21,142,24,3022,Critical
39.14,148,25,3179,Critical
37.69,115,93,2098,Moderate
38.6,121,94,2909,High
38.64,130,95,2673,High
40.41,158,59,3115,Critical
37.65,117,90,2428,Moderate
39.81,153,50,3027,Critical
39.17,165,21,3027,Critical
39.46,160,90,3051,Critical
38.97,126,93,2696,High
39.98,160,9,3006,Critical
32.59,80,16,1454,Normal
39.75,154,81,3060,Critical
29.01,99,67,1097,Normal
29.0,97,84,1473,Normal
36.14,65,60,1307,Normal
38.01,137,94,2606,High
37.65,107,92,2149,Moderate
1.08,89,33,1874,Normal
37.81,107,91,2157,Moderate
39.54,164,42,3076,Critical
38.23,129,93,2902,High
32.07,90,84,1679,Normal
38.18,129,94,2930,High
38.67,125,95,2988,High
8.05,63,39,128,Normal
39.85,167,38,3111,Critical
10.66,80,3,511,Normal
3.87,72,70,1190,Normal
37.82,103,92,2083,Moderate
37.53,118,94,2081,Moderate
4.98,71,28,744,Normal
37.89,108,94,2432,Moderate
25.3,87,41,1577,Normal
37.93,107,94,2351,Moderate
8.71,72,70,1554,Normal
39.39,165,86,3197,Critical
38.83,127,95,2893,High
40.33,157,76,3190,Critical
38.39,137,94,2512,High
37.9,119,90,2233,Moderate
38.95,133,93,2707,High
40.02,159,22,3059,Critical
37.72,119,93,2409,Moderate
27.96,61,86,1624,Normal
38.58,133,93,2521,High
39.05,146,69,3100,Critical
21.88,66,23,355,Normal
38.89,136,95,2784,High
6.9,64,35,33,Normal
39.3,156,53,3114,Critical
38.27,121,93,2939,High
38.23,140,94,2719,High
2.17,62,8,845,Normal
40.33,141,10,3095,Critical
0.1,74,5,1947,Normal
15.43,66,76,508,Normal
21.28,88,29,788,Normal
7.04,89,41,1306,Normal
37.98,109,94,2489,Moderate
16.55,78,65,1998,Normal
37.94,106,93,2075,Moderate
39.95,158,72,3095,Critical
20.99,88,85,1859,Normal
37.89,114,90,2123,Moderate
39.57,156,44,3041,Critical
37.58,119,91,2450,Moderate
38.53,140,94,2898,High
6.53,90,33,760,Normal
26.2,83,51,145,Normal
38.39,130,95,2579,High
39.99,147,71,3011,Critical
37.98,112,94,2300,Moderate
3.46,73,56,960,Normal
38.45,140,95,2938,High
38.2,121,94,2996,High
15.58,72,65,681,Normal
39.22,156,12,3179,Critical
39.69,160,33,3045,Critical
40.33,147,78,3172,Critical
18.43,77,55,1961,Normal
37.62,113,94,2477,Moderate
37.82,105,90,2417,Moderate
38.85,127,93,2749,High
24.6,68,10,849,Normal
38.57,130,94,2543,High
40.0,170,32,3188,Critical
39.46,161,3,3175,Critical
16.81,79,26,1969,Normal
38.16,123,93,2885,High
37.72,101,93,2375,Moderate
3.22,88,32,1077,Normal
25.68,72,11,1289,Normal
31.36,74,51,1588,Normal
38.44,128,93,2686,High
37.76,117,92,2091,Moderate
38.99,133,95,2801,High
32.32,62,60,1975,Normal
38.3,127,93,2583,High
29.61,66,19,1578,Normal
37.88,111,93,2453,Moderate
38.74,133,94,2903,High
40.42,153,89,3050,Critical
39.38,142,10,3156,Critical
38.5,126,93,2826,High
37.94,112,94,2072,Moderate
37.83,103,93,2455,Moderate
37.97,106,93,2116,Moderate
19.88,93,25,1730,Normal
40.0,168,55,3191,Critical
35.69,67,34,1991,Normal
39.68,142,47,3175,Critical
33.28,62,77,160,Normal
38.72,133,93,2995,High
37.73,108,91,2455,Moderate
38.11,139,94,2512,High
4.03,64,83,130,Normal
38.43,123,95,2575,High
39.92,157,8,3040,Critical
40.12,157,24,3012,Critical
38.63,130,94,2899,High
38.18,138,95,2512,High
38.07,130,94,2860,High
40.24,149,30,3044,Critical
39.64,167,19,3110,Critical
38.02,128,95,2547,High
31.65,86,29,1582,Normal
38.67,131,93,2518,High
38.21,138,93,2809,High
36.42,78,0,2000,Normal
39.73,165,3,3117,Critical
37.56,110,91,2460,Moderate
38.42,138,93,2596,High
38.55,133,95,2692,High
38.09,133,93,2897,High
38.41,125,94,2997,High
39.01,142,19,3058,Critical
38.83,129,94,2991,High
40.3,156,40,3070,Critical
37.62,102,91,2283,Moderate
39.28,154,71,3181,Critical
37.92,106,90,2374,Moderate
40.41,152,82,3085,Critical
39.87,163,37,3119,Critical
38.18,132,95,2770,High
38.56,130,95,2588,High
39.09,168,64,3171,Critical
25.56,62,36,1058,Normal
37.7,119,92,2085,Moderate
39.5,155,73,3136,Critical
38.28,137,93,2652,High
3.16,70,14,1162,Normal
38.66,135,94,2600,High
38.19,134,93,2688,High
38.12,139,95,2917,High
39.41,170,21,3101,Critical
38.55,132,93,2938,High
37.54,107,92,2205,Moderate
4.35,76,33,447,Normal
37.9,114,91,2114,Moderate
37.53,103,91,2410,Moderate
39.45,152,47,3120,Critical
33.13,78,75,229,Normal
38.06,134,95,2657,High
19.03,65,89,1359,Normal
37.85,118,94,2437,Moderate
39.12,154,25,3093,Critical
39.3,169,84,3119,Critical
38.75,133,93,2608,High
37.68,103,90,2213,Moderate
23.71,88,75,650,Normal
40.09,162,8,3057,Critical
39.48,143,57,3011,Critical
38.24,127,95,2928,High
39.51,170,62,3183,Critical
37.84,110,92,2023,Moderate
38.92,125,94,2672,High
40.32,164,0,3178,Critical
37.98,115,91,2424,Moderate
40.48,157,18,3034,Critical
39.26,165,61,3135,Critical
38.09,130,95,2526,High
38.5,129,95,2869,High
38.76,140,95,2721,High
37.69,119,92,2477,Moderate
37.66,114,93,2308,Moderate
33.82,97,46,1559,Normal
37.76,110,94,2329,Moderate
38.23,134,95,2882,High
16.79,67,15,1018,Normal
39.8,161,65,3168,Critical
39.06,142,34,3089,Critical
37.9,104,94,2262,Moderate
38.28,122,94,2713,High
38.57,125,93,2567,High
40.2,152,37,3142,Critical
8.34,62,19,998,Normal
8.56,69,69,1775,Normal
39.06,147,20,3145,Critical
38.75,128,94,2958,High
38.02,140,93,2678,High
37.69,102,94,2096,Moderate
39.43,145,87,3012,Critical
39.62,163,72,3141,Critical
38.54,131,94,2996,High
36.01,93,2,264,Normal
38.09,139,95,2694,High
39.84,153,11,3087,Critical
7.38,91,22,1346,Normal
38.78,122,94,2729,High
37.93,108,94,2174,Moderate
38.31,125,93,2517,High
37.8,101,90,2055,Moderate
37.66,112,92,2117,Moderate
38.12,132,94,2688,High
37.8,102,92,2176,Moderate
38.61,123,94,2852,High
39.26,143,47,3011,Critical
38.48,127,93,2554,High
38.96,134,95,2605,High
37.65,114,93,2342,Moderate
39.82,170,64,3135,Critical
29.95,62,73,425,Normal
39.75,156,41,3106,Critical
37.55,111,93,2484,Moderate
20.17,83,3,463,Normal
37.68,110,93,2065,Moderate
38.35,131,95,2578,High
29.89,88,3,192,Normal
38.55,128,94,2807,High
38.64,133,95,2750,High
37.75,113,91,2411,Moderate
38.28,132,93,2751,High
9.97,60,5,1306,Normal
10.4,65,17,353,Normal
40.03,158,55,3199,Critical
38.94,126,93,2915,High
40.22,148,35,3177,Critical
9.69,66,84,792,Normal
15.33,92,12,923,Normal
38.49,130,95,2920,High
37.94,115,94,2299,Moderate
39.28,163,22,3195,Critical
37.81,113,93,2256,Moderate
37.66,104,94,2303,Moderate
38.45,122,94,2898,High
9.41,92,35,773,Normal
37.52,114,90,2444,Moderate
8.23,85,34,1398,Normal
37.91,118,91,2319,Moderate
29.79,90,56,1337,Normal
38.97,132,94,2911,High
37.89,111,91,2157,Moderate
38.45,123,94,2674,High
37.84,101,92,2167,Moderate
31.35,97,20,1033,Normal
40.44,141,44,3105,Critical
13.18,60,70,1454,Normal
39.04,147,48,3127,Critical
38.74,133,95,2800,High
38.56,129,94,2663,High
40.33,165,76,3127,Critical
40.18,169,57,3083,Critical
39.59,170,81,3064,Critical
40.34,165,62,3083,Critical
27.03,90,88,750,Normal
1.65,67,89,1294,Normal
39.0,135,94,2946,High
39.5,164,39,3093,Critical
40.06,144,11,3154,Critical
39.42,146,52,3192,Critical
37.9,119,91,2253,Moderate
39.13,165,88,3048,Critical
38.72,140,94,2786,High
37.55,120,90,2482,Moderate
40.42,169,69,3121,Critical
39.5,157,64,3145,Critical
39.56,144,57,3002,Critical
38.85,127,94,2645,High
37.88,113,91,2243,Moderate
40.47,151,23,3010,Critical
20.42,67,56,791,Normal
1.69,87,90,842,Normal
25.34,97,43,1820,Normal
29.41,80,49,534,Normal
40.26,165,65,3113,Critical
40.44,151,57,3115,Critical
7.42,82,60,1872,Normal
39.63,157,30,3154,Critical
38.14,131,94,2881,High
40.08,159,69,3029,Critical
37.65,103,93,2395,Moderate
37.88,102,92,2284,Moderate
37.59,116,90,2410,Moderate
2.68,67,71,1527,Normal
37.85,114,93,2459,Moderate
38.55,128,94,2683,High
38.9,125,93,2976,High
37.72,114,92,2062,Moderate
38.49,131,93,2785,High
40.16,166,0,3040,Critical
38.34,136,94,2841,High
40.05,152,69,3065,Critical
39.84,144,55,3178,Critical
40.38,155,71,3061,Critical
40.06,169,43,3024,Critical
38.49,124,93,2671,High
39.41,144,65,3083,Critical
38.56,125,95,2695,High
34.03,61,25,1477,Normal
37.72,112,94,2217,Moderate
38.05,137,94,2553,High
22.22,81,47,1091,Normal
39.06,167,48,3054,Critical
38.67,130,93,2606,High
5.5,65,12,371,Normal
37.78,115,91,2084,Moderate
21.83,68,72,1211,Normal
38.47,139,93,2638,High
31.75,63,59,1087,Normal
37.65,114,90,2237,Moderate
5.99,91,23,18,Normal
37.91,119,92,2153,Moderate
39.22,159,62,3030,Critical
9.53,78,88,1785,Normal
35.2,95,20,387,Normal
37.86,102,91,2124,Moderate
18.36,70,83,1355,Normal
37.54,103,92,2376,Moderate
37.56,113,91,2286,Moderate
33.71,73,72,1079,Normal
37.54,104,93,2382,Moderate
9.03,90,52,1666,Normal
34.46,86,30,1657,Normal
38.65,122,93,2827,High
32.46,78,21,1871,Normal
37.97,111,90,2154,Moderate
38.41,140,95,2630,High
39.08,144,22,3008,Critical
37.66,116,92,2323,Moderate
31.21,92,77,1482,Normal
37.7,109,91,2332,Moderate
37.63,117,91,2440,Moderate
37.6,101,93,2020,Moderate
37.87,106,90,2232,Moderate
39.85,157,68,3173,Critical
37.75,109,94,2314,Moderate
40.13,154,12,3120,Critical
37.6,108,91,2041,Moderate
38.56,129,94,2591,High
39.4,144,84,3002,Critical
37.98,106,90,2152,Moderate
31.06,66,65,35,Normal
37.51,114,94,2192,Moderate
37.58,117,91,2362,Moderate
40.24,160,24,3082,Critical
37.53,113,94,2140,Moderate
37.53,118,90,2259,Moderate
36.01,71,45,400,Normal
6.16,75,81,1156,Normal
37.81,113,93,2457,Moderate
27.89,96,1,289,Normal
39.96,144,86,3143,Critical
39.25,147,6,3033,Critical
22.34,69,88,1944,Normal
15.92,95,68,985,Normal
4.44,63,84,1673,Normal
37.5,118,92,2284,Moderate
39.07,145,85,3100,Critical
7.24,95,5,684,Normal
38.41,137,93,2879,High
37.95,115,93,2450,Moderate
37.73,109,92,2462,Moderate
30.92,76,44,1023,Normal
39.96,165,18,3088,Critical
38.59,124,95,2962,High
35.6,92,47,305,Normal
37.54,114,91,2384,Moderate
26.28,97,46,114,Normal
35.98,95,60,1768,Normal
37.61,113,91,2210,Moderate
37.64,106,90,2335,Moderate
32.58,89,79,193,Normal
40.31,156,45,3191,Critical
39.47,167,48,3093,Critical
39.2,159,77,3160,Critical
32.24,67,23,735,Normal
38.63,125,93,2659,High
15.67,74,38,1503,Normal
39.88,166,23,3186,Critical
34.92,87,60,57,Normal
39.52,166,49,3021,Critical
39.03,155,64,3043,Critical
39.46,164,37,3164,Critical
40.45,141,36,3175,Critical
39.95,167,72,3163,Critical
13.39,72,36,303,Normal
39.32,161,32,3191,Critical
3.31,68,51,392,Normal
39.03,141,5,3074,Critical
37.54,120,94,2358,Moderate
21.77,69,38,163,Normal
37.96,113,90,2073,Moderate
38.68,125,93,2942,High
39.29,159,79,3097,Critical
39.15,160,40,3018,Critical
39.31,149,80,3008,Critical
40.32,165,14,3090,Critical
39.41,153,32,3060,Critical
8.81,81,9,904,Normal
37.89,105,93,2445,Moderate
37.71,110,92,2448,Moderate
10.58,87,81,49,Normal
0.03,74,34,1421,Normal
39.12,170,7,3175,Critical
39.85,143,29,3029,Critical
37.41,80,79,1649,Normal
13.58,76,80,680,Normal
7.44,94,71,104,Normal
37.83,106,91,2150,Moderate
39.55,155,90,3129,Critical
37.69,111,91,2024,Moderate
38.82,135,94,2973,High
40.0,166,82,3112,Critical
37.82,102,93,2087,Moderate
38.72,137,95,2900,High
3.51,64,44,759,Normal
37.91,113,93,2112,Moderate
40.22,160,54,3138,Critical
26.03,67,69,398,Normal
6.47,67,32,1030,Normal
36.75,60,61,532,Normal
22.13,75,68,1535,Normal
38.78,129,93,2885,High
8.52,95,39,135,Normal
38.06,134,95,2968,High
32.45,74,7,1042,Normal
38.69,140,93,2981,High
37.75,114,91,2458,Moderate
38.93,127,95,2516,High
38.94,130,94,2659,High
38.38,130,94,2861,High
17.27,88,77,1876,Normal
15.04,98,28,1316,Normal
39.47,152,83,3176,Critical
28.29,73,54,488,Normal
38.62,124,93,2519,High
37.89,111,92,2088,Moderate
38.08,130,95,2834,High
37.81,114,92,2019,Moderate
37.81,105,92,2013,Moderate
37.87,102,92,2377,Moderate
4.5,89,15,1083,Normal
10.79,100,63,508,Normal
38.14,130,94,2849,High
39.6,148,83,3138,Critical
37.82,101,90,2392,Moderate
11.28,74,60,1034,Normal
37.81,115,94,2272,Moderate
38.7,127,93,2786,High
37.83,109,90,2070,Moderate
28.9,74,12,525,Normal
37.86,119,93,2413,Moderate
37.75,118,94,2498,Moderate
37.51,102,94,2180,Moderate
38.98,137,93,2789,High
7.45,93,43,1508,Normal
40.01,142,52,3130,Critical
37.88,115,92,2245,Moderate
37.82,115,90,2363,Moderate
38.97,140,95,2545,High
38.57,136,95,2935,High
31.47,82,41,775,Normal
39.49,164,26,3081,Critical
38.48,136,94,2509,High
39.77,144,13,3194,Critical
38.06,126,93,2508,High
39.95,161,84,3133,Critical
40.37,143,42,3012,Critical
37.69,113,94,2068,Moderate
37.63,118,92,2088,Moderate
37.65,120,91,2011,Moderate
40.2,147,77,3007,Critical
39.58,166,22,3023,Critical
37.87,114,94,2493,Moderate
39.15,157,80,3100,Critical
40.24,159,66,3181,Critical
38.71,123,95,2819,High
38.69,129,93,2711,High
38.98,122,93,2777,High
39.57,149,1,3114,Critical
38.96,123,94,2959,High
37.68,117,92,2347,Moderate
37.54,113,94,2276,Moderate
37.63,105,92,2108,Moderate
22.0,97,25,698,Normal
27.97,86,90,1454,Normal
39.5,168,83,3149,Critical
38.94,137,93,2516,High
37.78,117,92,2069,Moderate
23.26,66,75,1272,Normal
12.89,74,3,1832,Normal
22.24,99,88,1090,Normal
37.85,108,91,2055,Moderate
40.17,157,8,3182,Critical
39.85,157,50,3027,Critical
40.22,146,20,3064,Critical
40.24,159,32,3073,Critical
37.86,111,94,2333,Moderate
19.72,67,64,175,Normal
37.68,119,93,2252,Moderate
39.93,141,19,3129,Critical
37.85,120,90,2153,Moderate
40.25,165,52,3034,Critical
38.65,134,94,2606,High
40.41,147,10,3013,Critical
38.65,125,93,2855,High
38.25,136,94,2683,High
37.58,117,93,2403,Moderate
37.62,103,92,2112,Moderate
15.93,97,8,1187,Normal
40.44,170,67,3089,Critical
21.01,87,1,1883,Normal
38.87,129,94,2732,High
12.39,79,28,146,Normal
30.43,78,90,1932,Normal
38.81,134,94,2846,High
37.83,101,92,2456,Moderate
38.37,138,94,2610,High
37.86,113,91,2201,Moderate
38.82,135,94,2969,High
10.36,92,22,1214,Normal
37.97,112,93,2485,Moderate
35.52,82,47,1408,Normal
37.71,103,92,2165,Moderate
38.0,113,91,2425,Moderate
39.55,150,50,3066,Critical
37.51,118,93,2321,Moderate
39.67,168,4,3004,Critical
39.52,167,56,3075,Critical
11.69,99,52,404,Normal
38.19,132,94,2739,High
29.27,71,76,1807,Normal
40.27,167,77,3007,Critical
39.98,170,87,3183,Critical
37.64,110,93,2073,Moderate
39.93,165,79,3052,Critical
25.49,98,24,1717,Normal
13.15,76,5,1158,Normal
37.52,113,92,2416,Moderate
38.81,139,95,2723,High
38.0,128,94,2758,High
37.79,103,94,2263,Moderate
25.9,68,23,525,Normal
37.94,116,90,2050,Moderate
38.97,124,93,2840,High
40.01,147,87,3037,Critical
37.63,104,90,2484,Moderate
38.92,139,95,2995,High
37.8,116,92,2287,Moderate
9.2,78,89,1165,Normal
37.54,105,90,2253,Moderate
38.63,123,95,2686,High
37.65,107,93,2130,Moderate
37.85,110,93,2278,Moderate
12.22,62,7,278,Normal
39.61,168,87,3020,Critical
38.69,133,93,2706,High
38.41,137,93,2791,High
37.69,103,92,2364,Moderate
38.11,130,95,2644,High
39.62,169,9,3093,Critical
1.18,70,21,492,Normal
37.8,117,94,2224,Moderate
20.42,80,9,1993,Normal
38.84,123,94,2919,High
2.11,89,76,298,Normal
39.38,147,30,3191,Critical
38.69,132,93,2661,High
39.74,148,56,3026,Critical
30.03,79,28,173,Normal
39.92,170,69,3183,Critical
37.85,112,93,2240,Moderate
39.62,150,71,3028,Critical
38.35,133,95,2560,High
33.6,72,7,568,Normal
35.71,84,45,919,Normal
18.97,90,41,1812,Normal
37.67,119,94,2493,Moderate
37.5,117,90,2378,Moderate
38.69,138,93,2742,High
37.88,113,90,2101,Moderate
37.84,120,90,2236,Moderate
1.9,83,37,819,Normal
39.2,145,70,3023,Critical
39.12,152,46,3063,Critical
28.82,72,78,1001,Normal
0.57,95,23,236,Normal
38.97,139,95,2680,High
25.04,72,64,498,Normal
37.81,105,90,2242,Moderate
37.57,104,91,2407,Moderate
37.68,103,91,2467,Moderate
37.99,116,91,2080,Moderate
20.26,86,54,624,Normal
17.16,69,44,27,Normal
6.19,88,62,750,Normal
39.73,148,74,3002,Critical
8.56,76,72,441,Normal
38.93,121,93,2796,High
37.69,101,92,2272,Moderate
18.17,71,65,893,Normal
39.04,152,33,3035,Critical
38.56,137,94,2726,High
38.95,131,95,2875,High
38.37,128,93,2609,High
38.83,130,93,2817,High
17.91,73,49,1387,Normal
38.67,124,94,2525,High
39.35,168,8,3165,Critical
22.08,69,41,690,Normal
38.95,134,95,2817,High
29.52,65,18,1358,Normal
30.75,78,3,175,Normal
37.92,116,92,2064,Moderate
38.67,134,94,2584,High
40.47,170,1,3134,Critical
38.27,133,95,2525,High
38.04,138,95,2523,High
39.25,141,29,3103,Critical
38.05,126,94,2843,High
39.02,169,3,3086,Critical
39.11,159,45,3088,Critical
40.21,162,0,3074,Critical
27.46,69,55,1279,Normal
17.38,93,51,612,Normal
39.13,150,6,3012,Critical
12.67,72,70,1118,Normal
37.72,111,93,2403,Moderate
7.62,83,80,1808,Normal
37.93,103,90,2061,Moderate
39.91,158,2,3191,Critical
39.29,155,4,3034,Critical
7.52,60,75,1922,Normal
37.95,108,92,2173,Moderate
25.48,75,31,1482,Normal
37.53,115,92,2447,Moderate
40.27,151,63,3083,Critical
39.18,148,44,3141,Critical
37.87,104,92,2369,Moderate
11.81,96,34,1779,Normal
38.47,132,95,2846,High
37.61,103,94,2141,Moderate
21.41,60,12,1258,Normal
37.99,114,90,2209,Moderate
39.3,149,82,3176,Critical
26.37,100,52,215,Normal
37.98,108,94,2224,Moderate
3.39,93,71,362,Normal
17.67,72,75,824,Normal
37.8,115,91,2128,Moderate
40.13,146,27,3169,Critical
38.38,133,94,2694,High
38.88,135,94,2518,High
18.23,92,42,1899,Normal
38.06,138,94,2988,High
30.38,96,59,138,Normal
8.18,85,22,15,Normal
38.25,137,95,2711,High
39.05,157,31,3151,Critical
38.17,134,93,2893,High
37.72,115,92,2132,Moderate
38.36,128,94,2797,High
40.05,160,50,3195,Critical
6.4,97,44,610,Normal
38.58,138,95,2587,High
37.65,110,93,2359,Moderate
37.69,111,92,2407,Moderate
40.21,166,21,3166,Critical
38.57,137,93,2817,High
38.41,127,94,2901,High
37.82,116,92,2023,Moderate
37.7,118,93,2278,Moderate
38.4,129,93,2956,High
37.6,116,94,2494,Moderate
38.16,124,94,2846,High
38.26,123,93,2549,High
37.99,108,93,2372,Moderate
38.03,127,94,2935,High
38.35,130,95,2746,High
39.23,161,0,3199,Critical
17.28,66,86,1949,Normal
39.8,144,59,3058,Critical
39.53,170,38,3036,Critical
37.6,113,92,2088,Moderate
40.25,154,30,3191,Critical
39.46,165,9,3181,Critical
38.53,136,94,2826,High
37.65,102,93,2075,Moderate
19.48,73,47,1199,Normal
4.11,86,40,817,Normal
38.38,133,94,2761,High
39.61,155,60,3084,Critical
38.72,126,95,2707,High
39.12,145,15,3043,Critical
37.76,103,94,2033,Moderate
29.12,71,17,783,Normal
28.55,66,25,328,Normal
39.17,157,49,3125,Critical
37.92,114,94,2303,Moderate
37.95,107,93,2466,Moderate
20.37,83,0,894,Normal
37.6,111,90,2398,Moderate
37.91,113,91,2373,Moderate
37.66,107,94,2334,Moderate
27.78,78,36,1400,Normal
38.27,125,93,2690,High
38.59,140,94,2643,High
38.9,128,94,2897,High
39.75,166,55,3150,Critical
37.92,119,93,2405,Moderate
38.97,139,93,2682,High
40.42,164,11,3012,Critical
30.07,89,42,532,Normal
37.54,112,92,2396,Moderate
37.74,101,94,2299,Moderate
39.54,157,44,3072,Critical
37.94,103,93,2106,Moderate
39.3,166,50,3015,Critical
39.75,164,77,3100,Critical
39.8,164,15,3076,Critical
11.51,70,25,1557,Normal
40.48,168,74,3112,Critical
38.02,129,93,2838,High
38.45,125,95,2802,High
40.33,156,12,3020,Critical
37.51,101,90,2257,Moderate
38.35,129,95,2889,High
28.58,95,90,399,Normal
39.45,150,18,3084,Critical
37.68,107,90,2430,Moderate
39.89,143,36,3054,Critical
37.81,120,93,2098,Moderate
40.5,162,74,3044,Critical
38.44,127,93,2928,High
16.59,68,12,1671,Normal
39.96,155,75,3196,Critical
38.58,123,94,2625,High
27.36,99,18,1719,Normal
37.62,116,94,2236,Moderate
37.74,112,93,2158,Moderate
37.96,104,90,2397,Moderate
38.49,124,94,2953,High
40.36,142,8,3186,Critical
38.1,127,94,2627,High
3.73,71,44,310,Normal
18.51,97,22,1900,Normal
37.94,113,90,2178,Moderate
6.21,79,70,932,Normal
37.8,107,93,2184,Moderate
38.01,130,93,2644,High
34.66,95,3,1818,Normal
38.38,124,93,2690,High
38.16,128,95,2514,High
22.07,66,9,873,Normal
16.46,99,54,376,Normal
38.37,133,95,2906,High
39.37,165,82,3172,Critical
37.85,114,93,2270,Moderate
40.28,168,10,3042,Critical
37.91,110,94,2458,Moderate
39.55,159,13,3111,Critical
13.28,73,66,153,Normal
37.83,101,91,2043,Moderate
32.25,75,73,1892,Normal
40.24,160,88,3017,Critical
19.64,74,53,1194,Normal
38.73,125,95,2582,High
37.94,111,91,2417,Moderate
24.88,78,1,1166,Normal
39.39,163,85,3063,Critical
37.83,101,91,2038,Moderate
38.12,130,95,2961,High
38.2,130,94,2792,High
23.72,75,21,1726,Normal
38.65,126,93,2572,High
38.34,139,95,2764,High
15.82,98,9,612,Normal
38.35,139,95,2548,High
26.68,96,50,751,Normal
40.16,159,84,3063,Critical
38.14,124,95,2574,High
5.1,75,76,346,Normal
39.03,169,79,3067,Critical
31.87,94,77,1848,Normal
24.22,83,43,642,Normal
38.94,138,93,2846,High
38.87,135,93,2544,High
37.7,114,93,2078,Moderate
40.42,155,51,3166,Critical
39.37,156,5,3142,Critical
38.77,121,94,2892,High
39.35,160,47,3127,Critical
37.59,111,91,2008,Moderate
38.34,137,93,2548,High
38.52,121,93,2685,High
40.24,166,23,3005,Critical
38.61,137,93,2879,High
40.23,147,72,3111,Critical
37.91,103,93,2198,Moderate
37.83,113,94,2475,Moderate
37.86,115,94,2364,Moderate
39.82,154,84,3184,Critical
37.79,111,93,2272,Moderate
12.08,70,36,1377,Normal
38.42,133,93,2769,High
37.72,117,94,2334,Moderate
38.32,137,93,2979,High
39.32,142,24,3094,Critical
39.24,155,71,3114,Critical
14.53,73,21,498,Normal
37.77,111,92,2470,Moderate
37.9,113,91,2260,Moderate
4.49,95,40,293,Normal
37.78,120,92,2354,Moderate
28.85,60,48,1630,Normal
37.73,105,92,2329,Moderate
30.2,98,29,1824,Normal
38.62,134,93,2917,High
38.19,137,95,2778,High
37.99,117,93,2040,Moderate
37.8,117,90,2279,Moderate
12.34,98,65,1879,Normal
28.13,99,15,526,Normal
37.72,106,94,2121,Moderate
31.42,78,83,103,Normal
39.07,163,8,3186,Critical
38.19,135,95,2525,High
37.61,104,94,2149,Moderate
39.86,163,77,3129,Critical
40.32,148,6,3041,Critical
38.5,128,95,2636,High
20.75,100,14,1103,Normal
37.68,116,94,2342,Moderate
38.97,132,95,2913,High
38.14,128,95,2833,High
37.97,108,93,2305,Moderate
38.3,134,94,2551,High
2.27,67,49,442,Normal
40.3,149,61,3170,Critical
40.45,154,25,3056,Critical
2.87,90,84,1755,Normal
21.42,75,13,271,Normal
37.81,102,94,2399,Moderate
37.7,104,94,2110,Moderate
8.88,64,56,1506,Normal
37.88,109,94,2335,Moderate
37.71,114,90,2045,Moderate
40.41,169,68,3153,Critical
39.97,168,75,3092,Critical
37.78,102,93,2232,Moderate
38.81,127,95,2528,High
8.75,99,39,1102,Normal
38.19,134,93,2988,High
37.67,113,91,2045,Moderate
3.82,99,89,873,Normal
37.69,120,93,2223,Moderate
39.39,143,51,3190,Critical
37.66,115,90,2449,Moderate
38.49,125,93,2860,High
39.62,157,16,3168,Critical
16.68,74,38,675,Normal
37.78,110,90,2377,Moderate
40.36,163,31,3039,Critical
37.65,106,93,2413,Moderate
37.84,104,92,2388,Moderate
8.7,64,39,617,Normal
37.57,101,90,2183,Moderate
37.51,115,91,2249,Moderate
17.77,83,52,396,Normal
39.32,154,55,3098,Critical
37.67,114,93,2454,Moderate
10.94,60,82,1902,Normal
37.83,109,90,2026,Moderate
38.8,133,95,2586,High
3.71,95,20,571,Normal
37.68,110,92,2029,Moderate
40.14,164,20,3126,Critical
0.39,99,15,835,Normal
39.58,147,2,3066,Critical
39.57,152,37,3072,Critical
38.85,125,93,2614,High
38.08,133,93,2961,High
38.2,121,94,2780,High
32.03,95,84,1267,Normal
20.14,65,59,1601,Normal
39.74,155,26,3190,Critical
35.57,62,11,1930,Normal
39.66,156,46,3081,Critical
37.74,115,92,2127,Moderate
24.81,76,55,1987,Normal
37.97,120,94,2211,Moderate
38.28,130,94,2995,High
31.15,85,69,735,Normal
39.42,148,83,3009,Critical
38.36,124,93,2607,High
37.83,103,90,2328,Moderate
38.36,126,95,2829,High
39.9,155,18,3118,Critical
39.21,151,2,3049,Critical
37.54,119,92,2335,Moderate
38.78,129,94,2979,High
4.46,100,51,321,Normal
39.95,168,55,3124,Critical
37.87,107,91,2352,Moderate
37.82,120,91,2415,Moderate
39.23,170,48,3122,Critical
37.9,107,94,2092,Moderate
37.66,112,93,2001,Moderate
38.99,129,94,2842,High
37.95,111,94,2003,Moderate
38.25,139,94,2624,High
39.36,150,0,3042,Critical
37.54,110,91,2239,Moderate
39.21,154,48,3170,Critical
38.37,122,94,2607,High
11.99,64,21,1367,Normal
39.01,167,25,3109,Critical
37.68,108,93,2419,Moderate
37.86,118,90,2309,Moderate
38.32,131,93,2757,High
37.82,109,91,2328,Moderate
37.61,103,93,2062,Moderate
31.33,74,90,1451,Normal
38.21,130,93,2647,High
40.32,156,16,3002,Critical
37.6,119,94,2342,Moderate
38.51,135,94,2837,High
37.54,114,92,2435,Moderate
38.31,125,95,2714,High
37.91,117,92,2417,Moderate
34.41,93,61,1948,Normal
39.95,162,87,3168,Critical
37.52,105,91,2158,Moderate
38.43,128,93,2823,High
37.59,116,91,2092,Moderate
37.75,102,94,2462,Moderate
37.61,120,91,2104,Moderate
37.61,110,93,2496,Moderate
14.38,89,44,1717,Normal
40.41,170,31,3150,Critical
40.48,152,18,3170,Critical
34.79,71,65,334,Normal
39.39,157,55,3077,Critical
39.75,150,45,3129,Critical
39.23,170,75,3177,Critical
38.55,130,93,2589,High
38.31,123,94,2684,High
1.17,85,19,1933,Normal
38.67,124,93,2971,High
39.79,160,32,3064,Critical
6.51,81,18,1868,Normal
37.89,112,91,2063,Moderate
38.44,131,93,2759,High
40.47,163,71,3051,Critical
38.15,122,94,2704,High
39.37,146,68,3020,Critical
38.72,128,94,2772,High
38.28,131,95,2816,High
38.87,139,93,2690,High
9.94,72,78,1996,Normal
36.97,67,20,1014,Normal
38.44,122,95,2653,High
17.19,65,58,1435,Normal
37.73,107,93,2013,Moderate
29.57,63,78,1479,Normal
39.04,167,36,3024,Critical
37.51,109,94,2309,Moderate
37.52,107,93,2361,Moderate
39.49,141,80,3070,Critical
40.04,154,89,3088,Critical
38.54,137,93,2861,High
37.29,89,46,1473,Normal
24.31,87,37,1874,Normal
22.93,84,23,398,Normal
37.62,105,94,2415,Moderate
37.91,109,91,2334,Moderate
37.68,117,94,2060,Moderate
38.87,135,93,2934,High
19.64,62,5,1704,Normal
38.54,123,93,2605,High
38.71,132,94,2626,High
38.91,124,93,2688,High
19.24,87,23,858,Normal
37.97,103,92,2093,Moderate
37.94,111,93,2425,Moderate
4.84,67,26,31,Normal
2.29,64,4,1277,Normal
2.96,92,68,670,Normal
38.8,137,93,2540,High
38.25,137,93,2898,High
39.48,145,0,3005,Critical
38.57,137,93,2654,High
40.03,157,49,3147,Critical
25.91,92,44,1912,Normal
39.85,145,0,3177,Critical
37.72,108,93,2450,Moderate
16.25,91,73,1175,Normal
40.31,162,62,3168,Critical
36.83,69,55,1075,Normal
40.04,170,35,3102,Critical
39.91,170,33,3040,Critical
1.04,100,73,476,Normal
40.06,162,61,3142,Critical
39.34,152,30,3113,Critical
37.81,101,92,2291,Moderate
40.31,161,2,3170,Critical
38.98,135,94,2868,High
38.9,126,93,2620,High
38.76,123,94,2885,High
38.53,124,93,2671,High
6.52,95,76,498,Normal
14.32,76,64,571,Normal
37.79,116,93,2045,Moderate
38.8,133,93,2697,High
37.81,116,94,2163,Moderate
38.02,134,94,2680,High
39.36,142,19,3008,Critical
4.9,68,72,1426,Normal
37.56,104,91,2342,Moderate
38.95,133,93,2738,High
39.64,158,75,3033,Critical
7.69,71,48,603,Normal
39.14,161,35,3053,Critical
38.82,140,93,2717,High
38.67,139,94,2733,High
5.89,68,19,1388,Normal
38.65,123,94,2979,High
38.35,121,93,2506,High
39.41,161,21,3065,Critical
37.55,105,94,2369,Moderate
40.14,144,76,3144,Critical
37.82,107,94,2231,Moderate
38.59,122,93,2582,High
39.87,157,32,3113,Critical
39.47,150,34,3161,Critical
38.86,129,93,2828,High
37.64,110,94,2351,Moderate
21.07,65,60,1772,Normal
39.57,161,11,3000,Critical
40.23,153,89,3101,Critical
39.12,144,35,3061,Critical
37.82,113,93,2281,Moderate
8.98,81,39,1181,Normal
38.0,117,94,2014,Moderate
38.41,131,93,2567,High
38.29,129,95,2542,High
39.26,159,68,3028,Critical
32.55,60,72,1750,Normal
10.02,86,53,296,Normal
25.13,85,82,434,Normal
38.22,131,93,2676,High
38.2,121,94,2862,High
32.02,88,84,373,Normal
39.83,147,47,3125,Critical
40.06,143,55,3008,Critical
7.69,89,24,732,Normal
37.65,109,93,2031,Moderate
38.05,122,93,2996,High
39.18,170,61,3119,Critical
9.75,87,66,19,Normal
38.72,127,95,2653,High
38.18,130,94,2788,High
39.19,158,4,3160,Critical
37.53,114,93,2354,Moderate
38.95,137,93,2946,High
37.63,111,91,2495,Moderate
14.33,85,56,1158,Normal
13.73,76,82,323,Normal
37.54,112,94,2325,Moderate
37.7,120,94,2069,Moderate
38.23,131,94,2929,High
15.52,70,39,588,Normal
39.39,169,64,3099,Critical
38.2,128,93,2877,High
37.33,85,71,1567,Normal
37.84,101,92,2218,Moderate
37.95,106,93,2010,Moderate
38.73,140,94,2524,High
39.48,151,13,3103,Critical
39.51,143,61,3004,Critical
39.32,165,57,3010,Critical
8.07,94,81,1819,Normal
38.95,140,95,2895,High
37.85,110,94,2145,Moderate
39.9,146,49,3001,Critical
39.23,159,61,3039,Critical
37.51,114,90,2129,Moderate
2.66,63,3,86,Normal
39.33,162,8,3053,Critical
28.32,74,46,1372,Normal
37.98,109,90,2188,Moderate
39.54,153,54,3154,Critical
35.14,98,85,177,Normal
38.63,126,95,2842,High
38.28,129,94,2593,High
38.63,136,94,2748,High
37.93,111,91,2330,Moderate
37.92,108,92,2386,Moderate
39.72,166,13,3200,Critical
37.7,112,91,2215,Moderate
20.62,71,73,1457,Normal
38.34,134,94,2584,High
37.94,107,94,2006,Moderate
39.22,147,40,3200,Critical
39.19,143,29,3073,Critical
40.25,142,81,3029,Critical
37.92,102,92,2214,Moderate
17.15,92,50,492,Normal
38.7,126,93,2926,High
11.51,82,24,1368,Normal
10.6,62,48,1504,Normal
37.92,114,90,2259,Moderate
18.07,83,44,1479,Normal
37.65,119,91,2072,Moderate
38.45,121,95,2864,High
38.49,122,94,2963,High
37.99,104,92,2297,Moderate
40.27,150,80,3149,Critical
37.86,109,93,2234,Moderate
37.99,109,91,2388,Moderate
1.16,72,55,598,Normal
40.14,168,36,3178,Critical
37.78,118,90,2104,Moderate
39.91,159,35,3028,Critical
40.15,170,72,3145,Critical
37.64,120,92,2291,Moderate
1.96,83,43,947,Normal
38.72,138,95,2863,High
20.56,72,72,1395,Normal
13.27,83,53,1680,Normal
38.85,123,93,2539,High
20.79,95,47,1007,Normal
37.87,107,92,2003,Moderate
37.87,108,91,2290,Moderate
38.71,121,95,2812,High
39.71,164,49,3136,Critical
8.73,73,33,963,Normal
38.57,125,93,2864,High
38.36,122,93,2946,High
39.47,153,12,3167,Critical
38.71,134,94,2754,High
37.69,108,92,2079,Moderate
37.99,118,92,2453,Moderate
39.77,143,17,3168,Critical
39.67,169,17,3046,Critical
37.81,113,94,2026,Moderate
40.29,153,16,3125,Critical
31.95,63,81,1496,Normal
40.22,151,78,3154,Critical
6.42,100,68,235,Normal
38.09,122,94,2778,High
19.79,68,54,1678,Normal
20.89,91,14,667,Normal
37.96,104,93,2146,Moderate
38.01,137,95,2847,High
38.4,128,93,2808,High
5.6,76,69,1010,Normal
26.64,60,62,1274,Normal
15.92,62,27,782,Normal
18.12,93,83,1552,Normal
38.73,128,95,2928,High
38.48,129,93,2559,High
27.5,74,86,1553,Normal
38.21,138,95,2729,High
37.68,103,90,2209,Moderate
37.84,118,90,2178,Moderate
37.79,103,92,2457,Moderate
37.91,114,93,2138,Moderate
38.97,140,93,2845,High
40.38,151,72,3116,Critical
16.74,100,46,1579,Normal
40.27,169,33,3100,Critical
37.55,113,93,2315,Moderate
38.16,125,95,2989,High
3.63,70,28,35,Normal
37.91,104,93,2238,Moderate
39.67,143,80,3054,Critical
37.64,103,91,2221,Moderate
5.87,90,0,1867,Normal
38.34,124,95,2550,High
30.11,70,62,1748,Normal
38.42,140,94,2808,High
38.2,134,95,2571,High
37.02,67,61,1639,Normal
38.01,133,94,2571,High
39.72,165,69,3052,Critical
38.24,130,93,2620,High
38.86,137,94,2686,High
37.75,119,91,2415,Moderate
39.61,145,32,3192,Critical
39.22,146,19,3131,Critical
38.57,123,93,2658,High
39.04,164,48,3131,Critical
39.9,170,24,3165,Critical
0.81,83,22,1899,Normal
39.69,150,22,3196,Critical
20.24,75,11,1393,Normal
38.62,138,95,2656,High
37.81,109,94,2463,Moderate
22.18,64,66,618,Normal
40.02,168,55,3034,Critical
16.44,60,6,334,Normal
25.17,84,32,977,Normal
38.94,135,93,2561,High
38.96,130,95,2856,High
40.12,152,75,3039,Critical
26.06,82,79,1591,Normal
38.39,139,94,2673,High
2.34,73,88,323,Normal
38.85,130,95,2928,High
14.54,89,77,637,Normal
25.21,93,69,565,Normal
37.88,106,91,2257,Moderate
37.81,114,91,2008,Moderate
38.42,136,95,2748,High
3.69,94,11,326,Normal
37.58,120,93,2318,Moderate
38.79,121,95,2798,High
17.62,95,7,396,Normal
39.73,161,49,3118,Critical
37.87,115,93,2199,Moderate
38.28,121,94,2809,High
38.48,129,95,2592,High
17.77,79,44,1552,Normal
39.79,169,21,3138,Critical
23.59,68,58,42,Normal
38.89,136,94,2796,High
37.53,108,91,2024,Moderate
14.09,77,42,354,Normal
37.91,112,93,2183,Moderate
37.89,112,92,2327,Moderate
37.69,101,94,2110,Moderate
38.97,133,94,2765,High
37.99,120,94,2404,Moderate
39.92,161,65,3106,Critical
39.16,166,80,3012,Critical
8.2,61,49,370,Normal
38.7,139,95,2581,High
37.8,113,93,2465,Moderate
22.31,68,71,431,Normal
39.28,142,29,3150,Critical
38.81,125,94,2643,High
37.64,117,91,2368,Moderate
15.09,79,37,779,Normal
40.24,165,73,3010,Critical
26.54,70,80,1287,Normal
38.54,127,94,2688,High
39.9,159,52,3098,Critical
37.52,102,90,2132,Moderate
24.81,82,57,1619,Normal
37.7,112,92,2142,Moderate
34.07,84,70,1086,Normal
26.36,81,52,104,Normal
38.43,136,93,2604,High
37.6,106,92,2212,Moderate
22.27,71,75,1868,Normal
37.51,104,94,2093,Moderate
38.77,129,95,2652,High
38.72,140,95,2639,High
15.84,61,55,289,Normal
37.78,115,93,2358,Moderate
33.07,99,82,1651,Normal
40.15,163,32,3134,Critical
38.67,122,95,2629,High
37.86,118,90,2120,Moderate
39.83,147,15,3046,Critical
38.86,131,95,2588,High
37.56,110,90,2263,Moderate
38.14,128,95,2912,High
37.87,118,92,2196,Moderate
37.98,118,90,2418,Moderate
37.7,101,90,2131,Moderate
37.95,117,91,2412,Moderate
38.8,139,94,2818,High
38.76,135,95,2613,High
11.26,75,46,1015,Normal
37.6,111,92,2425,Moderate
38.8,135,94,2558,High
37.52,112,93,2028,Moderate
37.64,111,91,2449,Moderate
38.71,127,95,2707,High
39.46,154,80,3128,Critical
37.91,106,92,2026,Moderate
23.72,95,34,933,Normal
38.57,122,95,2747,High
37.62,109,91,2099,Moderate
40.42,148,67,3074,Critical
39.14,155,86,3134,Critical
39.5,151,36,3155,Critical
38.97,134,94,2868,High
35.53,79,87,1342,Normal
37.65,108,91,2257,Moderate
39.29,164,24,3191,Critical
39.39,145,81,3045,Critical
38.99,127,94,2631,High
39.53,147,56,3109,Critical
40.19,143,14,3141,Critical
37.84,109,93,2009,Moderate
37.68,105,90,2292,Moderate
28.71,80,65,303,Normal
37.79,107,93,2401,Moderate
39.38,158,79,3082,Critical
37.61,106,90,2369,Moderate
39.51,162,25,3056,Critical
18.03,74,12,102,Normal
37.88,120,92,2101,Moderate
37.68,116,92,2225,Moderate
37.55,119,94,2331,Moderate
26.14,90,61,1952,Normal
39.49,166,11,3040,Critical
39.68,161,76,3027,Critical
38.79,122,94,2584,High
38.81,135,94,2585,High
40.32,141,87,3109,Critical
37.54,119,92,2136,Moderate
38.6,128,93,2671,High
19.58,86,68,721,Normal
39.65,167,5,3136,Critical
37.84,108,91,2284,Moderate
1.61,60,85,1146,Normal
36.87,71,2,1145,Normal
38.41,135,95,2672,High
38.41,139,95,2706,High
38.07,136,94,2664,High
37.72,116,91,2351,Moderate
1.67,63,12,870,Normal
37.75,104,90,2453,Moderate
39.96,143,3,3136,Critical
29.36,67,6,742,Normal
39.12,144,18,3034,Critical
39.66,146,28,3083,Critical
37.91,102,92,2142,Moderate
39.57,160,73,3162,Critical
37.63,107,90,2114,Moderate
18.44,95,67,643,Normal
40.46,144,74,3045,Critical
37.74,102,90,2183,Moderate
38.4,128,94,2948,High
18.43,86,50,1184,Normal
38.92,133,95,2547,High
37.52,116,93,2477,Moderate
35.66,93,80,224,Normal
4.11,60,40,1520,Normal
39.88,169,69,3074,Critical
38.43,125,94,2929,High
39.17,162,39,3089,Critical
9.7,87,79,273,Normal
1.89,64,19,1215,Normal
38.3,121,93,2628,High
38.18,131,95,2547,High
38.99,127,95,2876,High
4.2,97,8,1092,Normal
37.88,114,91,2034,Moderate
38.16,127,95,2738,High
37.99,117,90,2297,Moderate
6.22,63,5,840,Normal
38.32,129,94,2703,High
37.91,118,91,2115,Moderate
38.95,128,94,2888,High
37.85,114,91,2058,Moderate
12.8,72,17,598,Normal
38.06,139,94,2614,High
37.69,111,90,2339,Moderate
37.62,119,93,2280,Moderate
37.94,113,94,2033,Moderate
40.1,150,34,3087,Critical
37.95,110,91,2217,Moderate
38.0,115,92,2017,Moderate
37.62,110,91,2418,Moderate
6.84,87,41,1673,Normal
39.14,141,52,3136,Critical
39.67,141,74,3174,Critical
8.56,85,3,1238,Normal
30.68,68,13,615,Normal
9.85,97,86,1324,Normal
40.42,155,69,3010,Critical
33.27,62,43,433,Normal
38.65,137,94,2997,High
39.46,152,42,3057,Critical
39.28,153,68,3098,Critical
39.95,163,52,3090,Critical
40.24,162,19,3039,Critical
32.58,74,54,1627,Normal
11.42,83,43,153,Normal
38.53,133,94,2965,High
36.15,86,42,233,Normal
39.51,162,85,3171,Critical
38.68,140,95,2526,High
37.74,106,92,2051,Moderate
11.61,81,75,1295,Normal
39.77,157,45,3040,Critical
39.62,163,26,3158,Critical
15.78,84,43,1130,Normal
39.4,150,88,3061,Critical
37.57,112,94,2112,Moderate
37.56,114,91,2178,Moderate
27.1,80,27,1006,Normal
37.87,114,90,2351,Moderate
40.2,142,56,3072,Critical
38.31,126,95,2828,High
31.54,66,58,898,Normal
39.59,157,36,3163,Critical
38.13,131,94,2517,High
36.15,93,89,1565,Normal
1.97,81,17,1831,Normal
37.71,113,93,2481,Moderate
38.19,122,95,2903,High
40.45,170,41,3057,Critical
8.57,72,16,1214,Normal
26.45,81,29,607,Normal
26.56,99,88,246,Normal
38.35,137,95,2688,High
38.79,125,93,2833,High
37.91,117,91,2068,Moderate
40.19,156,67,3001,Critical
22.1,92,84,132,Normal
30.51,87,5,1054,Normal
37.98,102,90,2324,Moderate
38.99,122,93,2656,High
37.52,113,90,2464,Moderate
37.73,117,90,2442,Moderate
38.91,131,94,2884,High
39.05,147,49,3079,Critical
39.14,153,39,3047,Critical
40.03,152,31,3106,Critical
24.23,89,84,1496,Normal
39.74,152,19,3173,Critical
39.04,151,35,3118,Critical
37.75,116,91,2469,Moderate
17.45,100,27,731,Normal
37.83,118,93,2281,Moderate
40.34,152,68,3142,Critical
39.69,150,2,3148,Critical
37.85,113,94,2228,Moderate
38.57,124,94,2510,High
39.64,147,72,3031,Critical
38.08,124,95,2716,High
31.78,78,41,527,Normal
39.9,158,78,3056,Critical
38.49,128,93,2815,High
39.83,148,45,3002,Critical
16.53,85,16,700,Normal
26.65,79,61,421,Normal
37.95,101,90,2185,Moderate
39.15,157,34,3077,Critical
19.82,77,19,1316,Normal
37.98,107,94,2195,Moderate
38.59,122,95,2687,High
38.91,129,94,2750,High
37.69,110,93,2393,Moderate
26.18,79,58,1912,Normal
37.51,105,91,2000,Moderate
37.87,107,92,2310,Moderate
37.98,107,92,2303,Moderate
39.86,149,47,3037,Critical
30.65,100,86,833,Normal
32.84,79,49,77,Normal
37.5,107,90,2118,Moderate
38.71,129,94,2572,High
37.61,111,94,2456,Moderate
37.72,107,91,2273,Moderate
13.99,100,89,1827,Normal
38.36,127,93,2876,High
40.17,157,26,3145,Critical
38.54,130,95,2587,High
38.39,126,95,2861,High
39.04,169,30,3171,Critical
40.47,157,89,3017,Critical
24.53,72,29,1650,Normal
38.44,121,93,2883,High
38.33,134,95,2908,High
39.9,169,4,3022,Critical
39.36,147,42,3178,Critical
37.72,116,93,2037,Moderate
37.81,106,92,2420,Moderate
39.49,158,33,3010,Critical
39.76,142,33,3087,Critical
21.65,83,38,1759,Normal
13.31,95,60,1456,Normal
35.42,95,72,1761,Normal
38.25,137,95,2639,High
26.52,93,25,1662,Normal
40.1,156,27,3119,Critical
38.13,121,93,2677,High
38.72,132,94,2671,High
38.96,129,95,2684,High
40.02,161,0,3050,Critical
38.92,127,95,2893,High
40.12,169,47,3056,Critical
39.87,163,74,3090,Critical
37.86,111,92,2058,Moderate
14.33,68,26,1330,Normal
39.85,144,62,3142,Critical
37.56,110,92,2038,Moderate
29.54,76,66,1011,Normal
39.56,141,6,3043,Critical
38.6,124,93,2903,High
39.62,165,45,3025,Critical
38.99,129,95,2696,High
39.03,148,29,3007,Critical
27.98,88,45,599,Normal
38.55,122,94,2775,High
39.08,162,87,3102,Critical
38.8,122,93,2618,High
37.63,118,93,2000,Moderate
38.54,123,95,2503,High
40.22,150,37,3099,Critical
0.96,92,58,1783,Normal
39.28,145,20,3166,Critical
37.96,105,93,2031,Moderate
32.44,97,63,1452,Normal
40.0,141,32,3114,Critical
9.86,80,81,618,Normal
39.49,163,83,3117,Critical
30.73,99,9,324,Normal
38.85,139,95,2964,High
37.68,108,91,2374,Moderate
38.43,139,95,2906,High
15.38,87,59,236,Normal
37.91,119,91,2035,Moderate
38.13,121,94,2591,High
37.61,112,92,2238,Moderate
37.86,109,90,2418,Moderate
37.98,110,90,2357,Moderate
23.01,70,23,668,Normal
40.06,168,83,3177,Critical
37.55,120,94,2227,Moderate
16.56,97,9,454,Normal
37.95,109,94,2140,Moderate
40.12,149,10,3029,Critical
40.42,150,85,3045,Critical
5.85,78,19,1552,Normal
38.33,140,94,2600,High
9.83,95,88,32,Normal
38.9,137,94,2650,High
20.5,96,9,1299,Normal
40.22,151,15,3092,Critical
32.28,68,40,1551,Normal
40.2,153,40,3171,Critical
14.46,74,43,1241,Normal
38.06,139,95,2522,High
40.39,166,62,3019,Critical
38.32,122,95,2554,High
37.6,119,94,2018,Moderate
38.52,123,95,2631,High
9.21,93,69,919,Normal
37.86,101,93,2095,Moderate
23.29,72,69,334,Normal
37.94,117,90,2373,Moderate
38.65,130,95,2575,High
40.05,166,67,3067,Critical
37.91,115,91,2048,Moderate
37.81,105,93,2070,Moderate
38.5,134,95,2783,High
21.79,99,69,924,Normal
37.91,110,93,2183,Moderate
20.15,76,80,1369,Normal
38.1,128,93,2811,High
40.46,166,80,3001,Critical
10.61,93,41,1314,Normal
38.65,139,94,2836,High
37.73,117,92,2420,Moderate
37.83,101,92,2151,Moderate
39.11,155,83,3096,Critical
38.0,111,93,2195,Moderate
40.2,148,63,3061,Critical
40.37,156,9,3167,Critical
38.78,137,93,2798,High
38.42,131,94,2665,High
14.86,68,18,1192,Normal
38.97,124,95,2694,High
38.25,121,93,2666,High
38.8,124,93,2678,High
19.79,82,73,965,Normal
38.65,137,93,2761,High
38.48,129,94,2977,High
40.3,145,49,3163,Critical
38.0,116,91,2492,Moderate
38.47,125,95,2884,High
23.13,72,11,623,Normal
39.74,151,85,3149,Critical
40.18,168,40,3043,Critical
39.43,152,60,3004,Critical
27.89,60,26,998,Normal
39.21,164,18,3177,Critical
39.9,166,65,3071,Critical
39.8,144,85,3003,Critical
17.56,91,34,967,Normal
37.85,113,90,2019,Moderate
37.67,112,91,2030,Moderate
32.38,94,7,305,Normal
6.29,99,65,329,Normal
35.45,70,24,1868,Normal
37.8,108,92,2209,Moderate
39.45,168,85,3133,Critical
38.04,134,95,2639,High
39.83,147,21,3100,Critical
40.02,160,44,3082,Critical
39.23,170,86,3056,Critical
38.62,121,95,2574,High
37.78,104,93,2084,Moderate
38.48,128,94,2634,High
38.26,124,95,2639,High
38.98,134,94,2835,High
38.04,128,93,2798,High
37.5,118,90,2257,Moderate
19.77,93,8,664,Normal
39.41,156,63,3084,Critical
37.79,111,90,2141,Moderate
40.24,142,44,3168,Critical
39.44,169,64,3138,Critical
37.76,118,93,2246,Moderate
33.49,67,36,1500,Normal
12.14,79,9,1727,Normal
6.39,96,10,1251,Normal
38.81,123,94,2991,High
39.92,141,72,3082,Critical
39.88,145,22,3001,Critical
38.5,122,95,2632,High
39.8,154,89,3041,Critical
38.42,135,93,2501,High
38.96,133,93,2551,High
37.57,110,93,2074,Moderate
37.9,104,93,2208,Moderate
37.88,119,94,2041,Moderate
7.01,70,22,1344,Normal
39.11,164,77,3021,Critical
38.47,130,94,2711,High
37.75,102,90,2426,Moderate
16.26,83,72,872,Normal
39.4,170,63,3069,Critical
36.39,76,77,857,Normal
22.34,88,46,468,Normal
8.48,66,36,209,Normal
29.25,98,54,1075,Normal
37.93,109,94,2091,Moderate
37.83,112,92,2469,Moderate
38.5,131,95,2600,High
38.59,131,95,2963,High
37.98,110,91,2062,Moderate
37.76,106,91,2446,Moderate
18.15,65,85,882,Normal
37.92,105,93,2424,Moderate
38.88,126,94,2766,High
38.26,122,94,2548,High
39.54,159,61,3135,Critical
37.59,113,90,2165,Moderate
37.58,105,91,2289,Moderate
39.52,154,30,3154,Critical
11.05,78,29,218,Normal
7.18,83,46,459,Normal
39.14,154,68,3076,Critical
17.94,62,74,274,Normal
35.27,96,67,1834,Normal
38.22,127,93,2786,High
38.78,134,94,2844,High
37.8,108,91,2234,Moderate
40.19,143,14,3074,Critical
37.91,108,93,2101,Moderate
38.64,126,95,2526,High
39.24,170,74,3101,Critical
37.8,118,90,2496,Moderate
24.39,94,61,192,Normal
4.08,73,49,1198,Normal
37.95,108,93,2294,Moderate
40.32,151,38,3036,Critical
38.09,124,95,2725,High
37.67,102,93,2306,Moderate
38.05,135,93,2927,High
38.82,138,93,2543,High
26.81,75,11,527,Normal
37.81,109,90,2389,Moderate
38.45,135,95,2867,High
39.69,166,53,3119,Critical
38.76,140,95,2543,High
37.79,118,91,2037,Moderate
35.58,100,31,1525,Normal
37.51,102,90,2188,Moderate
14.46,76,88,329,Normal
39.55,167,86,3106,Critical
3.27,95,44,1676,Normal
40.34,159,44,3049,Critical
9.12,96,53,439,Normal
37.82,119,94,2101,Moderate
38.45,137,93,2588,High
38.29,139,95,2635,High
35.6,92,33,1014,Normal
37.89,103,91,2254,Moderate
39.36,142,56,3133,Critical
37.53,113,91,2277,Moderate
17.56,71,89,587,Normal
17.66,67,35,1732,Normal
30.18,88,59,407,Normal
39.04,154,58,3101,Critical
36.44,90,86,130,Normal
37.52,119,91,2318,Moderate
38.42,128,93,2941,High
38.63,129,94,2776,High
32.62,90,83,1399,Normal
11.42,87,66,1135,Normal
37.62,120,93,2010,Moderate
38.77,138,94,2849,High
4.41,96,45,1153,Normal
2.29,73,78,1115,Normal
38.06,131,94,2832,High
23.32,66,82,1832,Normal
38.69,139,94,2641,High
38.59,126,93,2578,High
38.42,136,94,2882,High
37.57,107,94,2436,Moderate
39.84,165,89,3163,Critical
40.29,162,74,3112,Critical
37.52,101,94,2187,Moderate
38.35,128,95,2719,High
39.79,147,0,3170,Critical
38.39,121,95,2937,High
38.48,121,93,2895,High
24.89,74,50,839,Normal
39.56,165,60,3144,Critical
39.17,162,7,3138,Critical
37.58,103,90,2016,Moderate
39.46,168,38,3183,Critical
38.98,127,94,2805,High
37.87,116,90,2013,Moderate
38.51,126,95,2883,High
20.36,69,41,1365,Normal
39.53,168,19,3065,Critical
37.7,106,93,2060,Moderate
22.78,85,18,843,Normal
37.64,107,91,2331,Moderate
38.31,125,95,2932,High
38.78,128,94,2622,High
40.11,141,70,3075,Critical
39.46,163,35,3061,Critical
39.25,156,45,3128,Critical
37.61,119,93,2446,Moderate
39.63,159,10,3096,Critical
39.4,165,2,3051,Critical
40.39,144,28,3025,Critical
38.57,132,95,2911,High
6.61,95,68,1557,Normal
0.47,85,15,1124,Normal
40.36,167,18,3128,Critical
38.11,140,93,2633,High
37.62,114,94,2140,Moderate
40.04,148,15,3054,Critical
37.66,104,92,2145,Moderate
38.38,122,94,2716,High
37.71,106,90,2314,Moderate
38.34,126,94,2852,High
40.17,151,10,3114,Critical
37.84,111,93,2145,Moderate
37.68,102,90,2430,Moderate
38.25,123,95,2564,High
38.71,125,93,2807,High
40.03,151,50,3077,Critical
38.36,124,95,2519,High
18.23,96,51,887,Normal
37.82,115,93,2465,Moderate
29.22,76,65,1935,Normal
38.01,131,93,2661,High
37.53,113,91,2330,Moderate
38.54,133,93,2574,High
40.13,147,1,3168,Critical
37.56,119,90,2116,Moderate
37.55,115,94,2205,Moderate
37.65,108,90,2150,Moderate
25.37,69,31,1188,Normal
39.49,162,11,3072,Critical
37.51,106,92,2094,Moderate
37.51,120,92,2323,Moderate
38.88,124,95,2974,High
39.91,149,79,3145,Critical
39.46,154,90,3200,Critical
38.99,133,95,2617,High
38.14,121,94,2905,High
39.83,168,82,3034,Critical
39.34,156,9,3111,Critical
26.59,63,71,124,Normal
37.95,116,94,2490,Moderate
38.17,128,95,2685,High
37.83,101,93,2386,Moderate
18.07,97,24,638,Normal
35.79,77,48,578,Normal
37.86,106,94,2411,Moderate
38.5,136,94,2695,High
38.5,136,94,2702,High
38.45,134,95,2501,High
39.8,156,25,3018,Critical
37.64,109,93,2105,Moderate
37.9,115,94,2122,Moderate
39.05,163,35,3011,Critical
10.29,90,16,1056,Normal
37.61,115,90,2255,Moderate
38.6,134,93,2610,High
9.26,99,25,74,Normal
39.64,168,0,3052,Critical
38.19,139,94,2925,High
38.76,130,95,2789,High
23.03,78,3,1509,Normal
39.42,167,40,3084,Critical
37.69,103,92,2277,Moderate
38.97,136,94,2688,High
33.56,73,0,675,Normal
39.13,144,44,3143,Critical
13.28,76,13,118,Normal
39.89,156,30,3033,Critical
2.77,61,5,334,Normal
7.19,76,27,18,Normal
37.98,119,90,2404,Moderate
39.13,163,86,3059,Critical
9.55,92,51,120,Normal
37.96,116,90,2055,Moderate
38.64,136,93,2669,High
37.86,112,94,2467,Moderate
39.43,167,43,3010,Critical
20.22,66,30,1535,Normal
40.2,151,63,3019,Critical
18.82,75,64,236,Normal
39.47,150,44,3114,Critical
38.07,126,93,2796,High
37.78,114,94,2304,Moderate
39.95,164,27,3039,Critical
40.22,164,34,3195,Critical
37.7,103,90,2429,Moderate
37.55,106,93,2299,Moderate
37.89,114,90,2127,Moderate
37.79,102,92,2459,Moderate
38.56,140,95,2503,High
38.87,135,94,2715,High
39.49,150,60,3167,Critical
37.59,111,93,2426,Moderate
38.48,127,94,2948,High
22.67,63,90,122,Normal
40.29,164,56,3192,Critical
38.82,137,93,2825,High
17.01,81,4,1989,Normal
37.95,107,92,2031,Moderate
37.84,115,94,2373,Moderate
38.74,131,94,2636,High
38.7,134,93,2628,High
38.21,122,95,2642,High
37.54,120,92,2150,Moderate
27.83,94,27,1168,Normal
26.49,87,81,552,Normal
38.41,131,94,2642,High
38.14,123,95,2650,High
2.08,69,67,826,Normal
40.02,166,68,3200,Critical
37.71,110,94,2454,Moderate
38.03,122,94,2653,High
38.29,131,93,2722,High
40.37,157,36,3017,Critical
38.89,135,94,2888,High
27.93,80,49,1668,Normal
38.35,140,93,2897,High
40.33,145,26,3023,Critical
39.62,149,5,3014,Critical
14.55,92,61,998,Normal
18.02,97,0,1141,Normal
8.11,72,37,543,Normal
38.95,139,95,2906,High
38.72,135,95,2736,High
37.66,118,90,2147,Moderate
37.76,114,94,2059,Moderate
37.88,109,90,2427,Moderate
38.43,133,94,2500,High
38.88,133,93,2941,High
39.73,155,54,3122,Critical
39.72,145,62,3155,Critical
39.27,154,57,3087,Critical
38.91,121,93,2979,High
37.96,113,91,2384,Moderate
21.93,66,71,508,Normal
37.65,103,92,2263,Moderate
38.62,133,95,2748,High
40.21,164,75,3067,Critical
38.27,125,95,2843,High
15.48,72,35,803,Normal
39.53,155,28,3188,Critical
39.32,166,31,3062,Critical
26.64,84,20,1019,Normal
40.33,149,83,3092,Critical
38.41,121,95,2672,High
37.67,104,91,2193,Moderate
39.69,160,1,3013,Critical
37.55,120,92,2231,Moderate
37.65,103,91,2303,Moderate
39.88,147,24,3193,Critical
37.99,120,92,2222,Moderate
2.88,87,73,1864,Normal
38.57,137,94,2861,High
39.48,148,51,3013,Critical
38.77,129,94,2703,High
37.55,103,93,2121,Moderate
38.91,123,95,2801,High
38.54,123,93,2980,High
31.8,82,79,945,Normal
36.99,75,47,81,Normal
19.48,93,59,933,Normal
38.1,125,93,2523,High
39.88,148,45,3166,Critical
26.21,78,87,249,Normal
39.3,154,78,3110,Critical
37.56,109,94,2268,Moderate
39.27,153,27,3186,Critical
1.52,70,19,1058,Normal
26.37,65,82,1148,Normal
39.12,151,13,3028,Critical
38.74,133,95,2905,High
37.63,114,92,2088,Moderate
37.86,102,92,2079,Moderate
31.4,70,67,389,Normal
39.61,156,14,3171,Critical
37.99,110,93,2352,Moderate
40.31,161,34,3115,Critical
37.72,120,92,2415,Moderate
38.63,121,93,2866,High
38.15,140,93,2827,High
38.06,134,93,2836,High
39.92,158,8,3192,Critical
38.08,127,93,2978,High
37.82,106,94,2079,Moderate
16.86,68,42,113,Normal
39.45,144,48,3028,Critical
38.83,121,94,2765,High
37.7,120,94,2105,Moderate
39.86,152,10,3007,Critical
37.93,105,90,2167,Moderate
38.13,133,93,2833,High
29.84,91,60,1507,Normal
38.3,139,93,2738,High
11.51,63,90,1680,Normal
7.45,93,59,1089,Normal
38.51,131,95,2878,High
21.94,80,90,1855,Normal
38.4,129,94,2657,High
40.46,150,41,3083,Critical
37.66,108,93,2238,Moderate
38.91,138,94,2894,High
38.03,121,95,2932,High
2.61,87,85,1506,Normal
7.86,97,46,440,Normal
37.73,113,90,2266,Moderate
12.47,71,74,70,Normal
37.94,111,94,2251,Moderate
32.3,100,66,1851,Normal
37.81,120,94,2001,Moderate
27.23,71,26,1491,Normal
38.9,131,95,2565,High
38.54,137,95,2524,High
37.77,118,90,2198,Moderate
38.41,137,93,2507,High
39.31,169,87,3094,Critical
37.63,111,93,2349,Moderate
8.89,69,2,1464,Normal
38.71,140,94,2781,High
40.18,156,67,3185,Critical
39.48,144,25,3026,Critical
38.46,136,93,2987,High
39.89,149,43,3187,Critical
1.98,72,88,1151,Normal
37.53,113,93,2046,Moderate
37.81,112,90,2239,Moderate
38.82,126,93,2960,High
31.25,100,52,1553,Normal
37.95,105,91,2271,Moderate
39.65,154,39,3191,Critical
40.4,160,27,3011,Critical
37.9,102,91,2443,Moderate
39.53,151,84,3012,Critical
18.61,70,32,630,Normal
38.71,124,95,2974,High
27.14,63,39,1448,Normal
38.21,139,95,2752,High
39.12,148,19,3188,Critical
14.88,98,77,417,Normal
38.82,124,95,2629,High
38.18,140,94,2990,High
39.29,166,72,3035,Critical
15.42,64,45,756,Normal
38.48,136,95,2829,High
11.89,91,55,1623,Normal
40.09,154,69,3027,Critical
39.08,169,63,3024,Critical
39.31,161,46,3124,Critical
37.99,117,90,2105,Moderate
39.08,164,90,3018,Critical
39.75,166,49,3078,Critical
13.42,89,10,1259,Normal
39.88,168,52,3081,Critical
18.07,82,9,1642,Normal
39.37,167,3,3109,Critical
38.35,122,95,2662,High
39.3,142,46,3032,Critical
38.64,134,95,2805,High
39.37,153,19,3122,Critical
38.69,123,95,2804,High
38.81,128,94,2577,High
38.31,125,93,2743,High
39.75,142,79,3111,Critical
6.36,70,41,940,Normal
37.77,101,90,2028,Moderate
37.61,114,91,2309,Moderate
38.45,121,94,2873,High
13.8,89,75,102,Normal
39.06,145,85,3191,Critical
40.09,161,40,3067,Critical
13.82,61,78,283,Normal
40.21,145,11,3186,Critical
39.85,146,8,3178,Critical
37.63,119,93,2212,Moderate
39.58,164,14,3180,Critical
9.72,95,50,1871,Normal
39.63,161,19,3089,Critical
38.62,124,93,2514,High
38.57,140,94,2647,High
38.92,133,94,2718,High
32.87,93,68,487,Normal
37.57,103,94,2095,Moderate
39.79,152,64,3191,Critical
38.12,130,93,2707,High
37.7,107,93,2312,Moderate
37.6,114,91,2402,Moderate
38.84,138,93,2931,High
37.51,114,90,2443,Moderate
25.67,92,62,1884,Normal
39.42,150,65,3187,Critical
39.1,151,30,3000,Critical
39.01,165,65,3036,Critical
38.29,139,94,2553,High
39.16,157,63,3118,Critical
7.07,66,58,682,Normal
40.05,169,43,3046,Critical
38.61,133,95,2639,High
38.15,137,93,2516,High
38.19,124,94,2825,High
37.82,119,90,2450,Moderate
11.11,98,17,1031,Normal
39.5,151,64,3144,Critical
17.99,93,86,718,Normal
37.96,110,92,2077,Moderate
1.29,94,27,169,Normal
38.21,129,93,2709,High
4.58,64,81,496,Normal
39.29,154,67,3133,Critical
1.72,86,43,775,Normal
39.2,157,83,3055,Critical
37.63,118,91,2305,Moderate
38.73,124,93,2590,High
1.41,69,62,1919,Normal
37.5,111,94,2345,Moderate
37.79,104,93,2247,Moderate
37.88,119,92,2096,Moderate
37.64,119,94,2238,Moderate
38.06,135,94,2753,High
38.93,135,93,2510,High
13.75,94,20,1522,Normal
13.09,76,37,1420,Normal
37.59,108,94,2368,Moderate
37.95,112,92,2225,Moderate
27.34,65,20,1675,Normal
24.16,94,67,1380,Normal
40.44,156,17,3114,Critical
37.6,101,92,2191,Moderate
40.39,148,67,3149,Critical
24.52,75,19,67,Normal
37.71,120,90,2216,Moderate
40.29,146,15,3063,Critical
37.6,112,91,2107,Moderate
25.12,79,9,334,Normal
39.44,170,88,3000,Critical
38.42,126,93,2626,High
37.69,102,92,2470,Moderate
38.4,133,94,2764,High
40.21,141,27,3040,Critical
37.57,102,91,2261,Moderate
37.68,113,90,2312,Moderate
40.29,163,34,3117,Critical
37.71,107,92,2261,Moderate
39.17,152,75,3189,Critical
38.38,134,94,2803,High
6.22,84,37,1770,Normal
18.44,63,34,922,Normal
38.61,139,95,2768,High
40.06,157,35,3083,Critical
38.18,138,94,2756,High
28.81,64,8,1353,Normal
39.28,164,34,3094,Critical
21.23,76,60,1453,Normal
11.93,88,80,84,Normal
40.31,145,31,3200,Critical
28.93,97,31,698,Normal
39.57,148,5,3195,Critical
38.87,130,94,2629,High
38.51,139,94,2866,High
38.67,133,95,2510,High
8.68,63,34,445,Normal
39.59,162,79,3126,Critical
37.6,117,94,2014,Moderate
38.12,140,93,2783,High
39.57,168,88,3080,Critical
4.9,88,20,525,Normal
38.95,132,95,2726,High
37.98,109,90,2115,Moderate
27.97,77,4,1573,Normal
39.43,158,77,3181,Critical
39.17,162,14,3104,Critical
15.16,93,32,779,Normal
39.95,153,54,3115,Critical
37.61,113,93,2399,Moderate
40.36,148,46,3113,Critical
38.87,129,94,2628,High
38.46,121,93,2831,High
39.99,166,53,3142,Critical
19.54,75,22,724,Normal
38.7,125,93,2928,High
28.66,90,64,275,Normal
38.61,132,95,2640,High
37.69,115,93,2192,Moderate
38.66,129,94,2958,High
1.53,60,66,931,Normal
39.82,148,53,3187,Critical
40.38,142,2,3130,Critical
35.47,80,4,1677,Normal
37.91,116,90,2186,Moderate
5.79,100,85,692,Normal
21.35,91,87,880,Normal
38.62,137,94,2652,High
38.29,127,94,2663,High
2.73,73,40,622,Normal
40.3,155,55,3045,Critical
38.4,124,94,2587,High
37.77,105,90,2158,Moderate
38.49,129,93,2983,High
37.88,119,93,2446,Moderate
37.51,120,91,2214,Moderate
38.88,134,94,2762,High
39.79,146,37,3160,Critical
37.85,112,90,2070,Moderate
13.46,97,68,174,Normal
35.15,91,13,1588,Normal
37.55,109,91,2355,Moderate
37.98,115,92,2143,Moderate
39.72,155,42,3086,Critical
37.66,113,91,2009,Moderate
38.5,128,93,2773,High
37.9,116,91,2205,Moderate
38.93,122,95,2850,High
38.85,136,93,2648,High
40.45,156,35,3103,Critical
39.77,154,85,3150,Critical
38.42,136,93,2590,High
37.92,117,90,2327,Moderate
15.14,84,54,546,Normal
39.17,150,77,3181,Critical
40.17,152,41,3083,Critical
38.78,124,93,2778,High
40.26,160,51,3094,Critical
35.48,90,16,1241,Normal
40.43,144,5,3190,Critical
39.03,141,20,3197,Critical
24.18,77,85,525,Normal
38.81,129,95,2648,High
39.07,162,83,3109,Critical
38.02,128,93,2912,High
37.68,114,92,2020,Moderate
34.03,75,1,169,Normal
40.25,154,3,3021,Critical
38.82,130,94,2819,High
40.11,169,31,3017,Critical
29.79,66,89,1825,Normal
38.69,124,94,2751,High
12.52,87,26,484,Normal
39.08,154,8,3070,Critical
37.5,110,92,2398,Moderate
38.91,121,93,2624,High
34.27,100,51,470,Normal
4.73,91,38,1039,Normal
38.22,121,95,2943,High
40.22,170,82,3156,Critical
39.82,155,82,3088,Critical
37.52,113,90,2001,Moderate
37.71,111,93,2151,Moderate
40.08,163,57,3117,Critical
38.48,140,94,2964,High
14.68,70,60,951,Normal
37.63,108,92,2168,Moderate
38.93,132,93,2594,High
4.83,95,69,322,Normal
39.63,169,10,3074,Critical
40.5,157,86,3194,Critical
24.89,99,83,6,Normal
37.92,101,93,2241,Moderate
37.81,112,92,2139,Moderate
24.04,60,72,1453,Normal
39.09,141,72,3119,Critical
24.68,96,86,359,Normal
38.08,138,93,2611,High
37.63,113,91,2017,Moderate
39.51,147,90,3065,Critical
37.7,104,94,2164,Moderate
38.09,124,93,2670,High
38.14,133,93,2983,High
37.86,119,90,2450,Moderate
40.22,149,75,3132,Critical
7.21,95,13,1541,Normal
38.94,127,93,2809,High
38.99,130,95,2686,High
12.99,75,13,561,Normal
39.08,141,5,3141,Critical
2.44,92,55,350,Normal
37.9,119,93,2381,Moderate
8.28,84,11,1808,Normal
39.66,152,63,3138,Critical
39.0,149,86,3016,Critical
38.96,140,93,2678,High
37.86,113,92,2184,Moderate
16.4,82,86,49,Normal
37.74,101,93,2452,Moderate
38.5,131,95,2798,High
39.52,169,7,3030,Critical
38.92,132,93,2659,High
37.67,114,93,2343,Moderate
39.49,165,70,3033,Critical
37.77,102,90,2198,Moderate
40.24,151,77,3178,Critical
38.98,140,95,2530,High
28.18,68,34,1096,Normal
7.79,88,22,1766,Normal
37.61,116,92,2012,Moderate
40.15,160,82,3176,Critical
38.29,127,93,2917,High
40.24,169,6,3097,Critical
39.21,159,21,3030,Critical
37.66,112,92,2217,Moderate
37.82,104,92,2245,Moderate
39.36,151,30,3056,Critical
15.73,65,43,1088,Normal
39.78,169,81,3144,Critical
29.67,84,89,685,Normal
38.6,126,93,2776,High
38.29,134,94,2621,High
38.73,131,93,2952,High
38.76,133,94,2859,High
23.58,64,2,778,Normal
39.84,166,45,3008,Critical
26.99,65,32,1598,Normal
7.97,60,3,988,Normal
22.24,60,11,1269,Normal
37.92,120,92,2418,Moderate
37.59,104,90,2156,Moderate
13.48,76,24,1240,Normal
25.58,91,28,386,Normal
33.34,82,71,1541,Normal
37.51,120,93,2134,Moderate
38.18,131,93,2905,High
39.06,145,27,3169,Critical
39.37,145,64,3065,Critical
39.72,165,7,3198,Critical
37.97,118,90,2273,Moderate
37.75,120,90,2228,Moderate
39.27,146,79,3174,Critical
38.35,128,95,2599,High
34.22,66,12,873,Normal
38.13,122,95,2524,High
39.9,169,90,3011,Critical
39.48,154,37,3094,Critical
6.49,97,36,1942,Normal
37.52,106,92,2241,Moderate
37.68,104,91,2466,Moderate
10.15,95,48,1701,Normal
40.16,152,65,3094,Critical
38.5,125,93,2642,High
37.6,114,94,2346,Moderate
16.89,67,25,117,Normal
39.11,159,2,3056,Critical
1.89,87,15,1586,Normal
9.03,70,2,565,Normal
0.35,80,68,1212,Normal
31.33,94,26,1726,Normal
38.56,129,93,2605,High
39.54,165,28,3121,Critical
38.02,140,95,2928,High
36.25,66,52,1306,Normal
38.77,130,93,2625,High
20.84,75,34,318,Normal
38.0,120,93,2431,Moderate
17.25,97,34,698,Normal
7.15,93,78,57,Normal
14.01,92,40,1970,Normal
37.98,119,94,2401,Moderate
33.19,87,89,1973,Normal
38.33,127,93,2833,High
38.84,134,93,2879,High
17.4,85,72,1147,Normal
40.07,158,60,3054,Critical
37.51,104,93,2314,Moderate
39.29,161,33,3147,Critical
40.12,161,29,3141,Critical
37.51,107,90,2202,Moderate
37.59,116,90,2478,Moderate
18.49,78,17,84,Normal
26.85,91,32,1714,Normal
21.96,79,8,999,Normal
1.67,88,10,1864,Normal
18.35,87,25,100,Normal
37.65,111,91,2345,Moderate
30.16,85,36,1471,Normal
39.8,168,8,3136,Critical
39.82,141,82,3149,Critical
38.42,122,94,2683,High
37.58,103,90,2351,Moderate
38.1,124,95,2733,High
37.56,116,94,2201,Moderate
39.13,141,56,3089,Critical
39.24,144,49,3051,Critical
40.28,170,5,3111,Critical
36.79,98,69,1508,Normal
37.53,119,94,2197,Moderate
37.53,101,90,2229,Moderate
38.29,135,93,2929,High
16.03,80,30,1130,Normal
2.03,61,68,1221,Normal
39.29,168,53,3022,Critical
40.11,141,66,3083,Critical
37.67,106,91,2375,Moderate
38.93,135,94,2939,High
39.37,148,63,3123,Critical
38.2,131,93,2881,High
39.75,170,65,3154,Critical
39.2,165,60,3102,Critical
37.57,116,91,2201,Moderate
37.78,107,91,2079,Moderate
38.62,123,93,2933,High
37.98,103,92,2430,Moderate
37.94,104,94,2167,Moderate
40.49,170,4,3078,Critical
35.41,95,40,1620,Normal
22.69,64,60,395,Normal
40.33,159,70,3057,Critical
8.9,83,50,1774,Normal
38.71,131,94,2644,High
37.95,112,91,2221,Moderate
37.7,107,93,2085,Moderate
20.14,60,54,1809,Normal
38.04,135,93,2837,High
13.01,96,69,1173,Normal
38.07,129,93,2628,High
39.61,148,77,3179,Critical
37.85,102,93,2458,Moderate
36.39,64,29,1855,Normal
37.77,111,92,2175,Moderate
39.75,162,85,3132,Critical
22.45,69,3,541,Normal
39.06,159,33,3104,Critical
39.55,164,34,3164,Critical
40.08,154,17,3078,Critical
34.77,62,55,861,Normal
37.97,115,94,2344,Moderate
38.13,138,93,2734,High
39.15,151,71,3044,Critical
37.94,116,90,2022,Moderate
37.8,114,93,2377,Moderate
38.12,135,93,2667,High
39.78,169,78,3056,Critical
38.98,123,95,2972,High
39.16,145,90,3081,Critical
4.68,84,54,1614,Normal
38.87,134,95,2605,High
38.99,134,94,2507,High
38.36,137,94,2599,High
38.82,129,95,2948,High
38.24,135,94,2853,High
39.56,156,13,3034,Critical
0.25,64,47,1883,Normal
38.72,128,93,2685,High
39.7,166,54,3156,Critical
38.23,122,93,2883,High
39.28,145,63,3159,Critical
14.22,80,36,54,Normal
39.04,163,80,3037,Critical
38.31,139,93,2735,High
40.47,148,90,3083,Critical
37.82,104,91,2251,Moderate
40.48,148,71,3041,Critical
38.04,137,93,2673,High
38.81,125,95,2924,High
40.41,160,68,3106,Critical
37.9,101,90,2382,Moderate
37.45,60,41,918,Normal
39.87,147,24,3174,Critical
38.67,126,95,2956,High
40.15,153,42,3100,Critical
38.14,124,95,2937,High
38.19,126,93,2810,High
40.43,152,48,3106,Critical
39.18,144,46,3069,Critical
40.12,142,84,3183,Critical
31.73,65,7,524,Normal
36.03,87,56,292,Normal
37.81,112,94,2499,Moderate
39.24,147,14,3070,Critical
40.27,143,80,3095,Critical
38.61,132,93,2643,High
37.62,101,92,2391,Moderate
21.09,72,4,1596,Normal
39.51,148,47,3038,Critical
38.79,123,93,2706,High
19.33,63,55,1017,Normal
37.6,112,91,2068,Moderate
40.06,153,72,3055,Critical
12.91,93,53,1186,Normal
34.55,81,35,675,Normal
39.97,168,24,3038,Critical
38.12,121,95,2585,High
38.75,122,93,2821,High
37.51,106,90,2159,Moderate
38.39,126,93,2756,High
37.65,113,92,2426,Moderate
39.26,169,10,3173,Critical
40.47,155,25,3093,Critical
7.86,76,88,370,Normal
38.11,122,94,2716,High
3.97,61,47,801,Normal
37.96,102,90,2239,Moderate
37.88,114,92,2196,Moderate
38.16,138,94,2669,High
40.39,151,37,3159,Critical
37.5,120,92,2088,Moderate
37.76,103,90,2258,Moderate
37.54,111,91,2186,Moderate
37.98,107,91,2312,Moderate
39.21,151,42,3052,Critical
40.49,152,86,3191,Critical
37.93,101,90,2431,Moderate
39.16,153,27,3148,Critical
10.68,72,19,1993,Normal
31.34,80,36,251,Normal
12.5,62,19,1007,Normal
38.29,125,94,2517,High
37.56,117,93,2100,Moderate
38.98,123,94,2893,High
37.84,103,91,2466,Moderate
39.96,168,81,3004,Critical
37.74,116,93,2497,Moderate
38.82,125,93,2510,High
8.68,93,63,1620,Normal
39.64,149,65,3180,Critical
38.57,131,93,2675,High
39.86,158,38,3052,Critical
34.68,95,62,1408,Normal
39.62,157,18,3050,Critical
38.95,122,94,2651,High
37.8,105,90,2088,Moderate
38.74,135,95,2782,High
37.8,101,94,2041,Moderate
38.72,135,93,2971,High
38.69,127,95,3000,High
38.73,138,95,2812,High
38.28,135,94,2963,High
37.76,115,92,2415,Moderate
37.74,114,92,2401,Moderate
38.14,127,94,2846,High
37.71,113,91,2444,Moderate
40.11,149,78,3121,Critical
39.37,151,36,3116,Critical
38.16,133,93,2523,High
37.95,120,92,2189,Moderate
39.76,154,76,3165,Critical
40.19,169,72,3103,Critical
40.07,156,51,3019,Critical
40.22,144,16,3009,Critical
38.05,136,93,2652,High
39.79,142,48,3054,Critical
40.38,141,85,3177,Critical
37.52,101,93,2228,Moderate
18.41,83,88,57,Normal
19.92,70,65,1300,Normal
37.88,117,91,2217,Moderate
38.53,123,95,2562,High
38.88,123,95,2666,High
32.75,68,7,1246,Normal
37.83,117,94,2077,Moderate
38.3,136,93,2720,High
40.39,150,1,3181,Critical
34.99,76,33,1247,Normal
39.67,154,29,3139,Critical
39.65,163,80,3185,Critical
22.41,79,25,410,Normal
38.1,134,95,2584,High
38.54,130,94,2529,High
37.72,120,92,2016,Moderate
37.53,102,93,2476,Moderate
37.99,117,94,2076,Moderate
38.73,139,95,2990,High
38.01,132,95,2560,High
40.03,162,65,3124,Critical
39.31,146,59,3152,Critical
37.98,113,91,2424,Moderate
40.44,151,38,3102,Critical
37.58,118,90,2307,Moderate
29.63,69,46,440,Normal
38.53,138,94,2551,High
39.04,147,3,3021,Critical
4.99,73,49,775,Normal
37.52,117,90,2157,Moderate
16.61,72,57,1451,Normal
15.84,74,37,670,Normal
23.13,100,49,1206,Normal
38.97,122,95,2863,High
38.91,123,94,2976,High
39.9,162,70,3151,Critical
37.9,111,91,2133,Moderate
38.11,123,95,2551,High
39.2,146,54,3099,Critical
23.27,66,7,1957,Normal
19.95,99,53,1773,Normal
37.78,109,91,2072,Moderate
37.93,113,94,2094,Moderate
37.6,116,90,2330,Moderate
7.38,70,47,326,Normal
39.22,146,84,3132,Critical
38.02,128,93,2994,High
40.39,160,79,3051,Critical
37.67,118,90,2137,Moderate
39.94,164,58,3194,Critical
13.13,72,19,566,Normal
39.87,169,2,3032,Critical
39.01,157,19,3007,Critical
36.71,93,77,714,Normal
39.1,152,64,3014,Critical
37.9,116,91,2432,Moderate
38.09,135,93,2934,High
37.99,111,93,2185,Moderate
38.22,138,94,2508,High
37.54,112,90,2485,Moderate
37.92,112,92,2148,Moderate
37.89,113,90,2436,Moderate
38.87,128,94,2749,High
5.0,72,88,929,Normal
38.81,125,93,2805,High
39.89,165,84,3157,Critical
39.24,160,5,3164,Critical
39.35,168,61,3032,Critical
38.29,124,94,2724,High
37.76,105,93,2028,Moderate
37.62,104,92,2416,Moderate
37.86,119,93,2341,Moderate
38.39,130,93,2608,High
39.61,167,27,3138,Critical
38.69,130,94,2930,High
37.55,110,94,2354,Moderate
37.91,120,93,2177,Moderate
10.43,96,71,1105,Normal
20.69,92,63,101,Normal
40.41,147,24,3168,Critical
17.61,86,74,1845,Normal
38.08,128,95,2661,High
39.28,166,23,3114,Critical
39.09,159,19,3100,Critical
38.82,137,94,2738,High
5.7,74,77,1758,Normal
39.83,150,60,3006,Critical
38.97,125,94,2511,High
37.87,104,94,2089,Moderate
39.61,159,26,3042,Critical
37.77,110,91,2011,Moderate
38.58,129,93,2768,High
37.51,106,90,2169,Moderate
37.55,120,91,2278,Moderate
37.87,119,93,2476,Moderate
37.96,105,90,2045,Moderate
37.71,114,93,2142,Moderate
39.9,154,6,3131,Critical
37.66,112,94,2249,Moderate
5.39,89,44,1675,Normal
39.49,154,1,3100,Critical
39.18,158,42,3093,Critical
19.19,96,89,1051,Normal
38.15,124,95,2687,High
38.57,132,95,2828,High
38.1,126,93,2829,High
39.79,153,81,3186,Critical
37.55,104,91,2087,Moderate
1.63,67,4,20,Normal
37.57,111,92,2472,Moderate
3.67,82,28,1694,Normal
15.93,93,55,505,Normal
37.94,119,91,2401,Moderate
40.35,166,28,3110,Critical
37.86,118,92,2050,Moderate
16.97,62,43,456,Normal
37.99,109,91,2071,Moderate
38.0,107,94,2230,Moderate
16.46,82,5,1593,Normal
37.86,112,92,2067,Moderate
39.49,145,35,3123,Critical
38.99,135,94,2646,High
37.88,117,90,2227,Moderate
39.72,169,7,3076,Critical
40.21,158,54,3076,Critical
38.16,128,94,2836,High
39.34,144,51,3194,Critical
40.1,165,49,3118,Critical
39.52,158,59,3028,Critical
37.78,108,92,2050,Moderate
40.3,168,27,3027,Critical
38.7,129,94,2982,High
39.94,169,69,3129,Critical
40.11,154,78,3180,Critical
17.05,62,87,92,Normal
39.01,166,22,3111,Critical
37.76,105,91,2019,Moderate
37.73,102,90,2143,Moderate
37.69,104,94,2210,Moderate
38.24,135,95,2649,High
38.74,136,95,2725,High
37.86,116,90,2229,Moderate
37.75,105,94,2295,Moderate
7.43,89,85,417,Normal
37.56,104,92,2157,Moderate
19.72,69,8,1325,Normal
37.56,104,94,2247,Moderate
37.64,104,92,2017,Moderate
37.67,109,91,2128,Moderate
38.03,126,94,2931,High
38.62,122,95,2895,High
37.94,116,93,2018,Moderate
40.29,158,90,3136,Critical
37.57,113,90,2250,Moderate
30.07,96,71,454,Normal
15.09,91,23,765,Normal
37.67,106,94,2474,Moderate
39.09,147,61,3147,Critical
39.5,145,29,3016,Critical
39.33,168,41,3110,Critical
37.53,120,92,2176,Moderate
40.01,149,56,3170,Critical
37.98,106,93,2005,Moderate
38.82,131,93,2585,High
37.84,116,92,2350,Moderate
37.58,119,93,2429,Moderate
38.13,138,95,2957,High
37.71,102,91,2086,Moderate
37.97,118,92,2448,Moderate
13.17,76,46,332,Normal
37.86,112,91,2031,Moderate
39.97,147,30,3101,Critical
39.7,166,43,3081,Critical
38.21,136,93,2585,High
37.41,83,77,101,Normal
40.48,156,72,3088,Critical
38.54,132,93,2729,High
38.42,138,94,2687,High
37.74,112,91,2260,Moderate
39.55,142,62,3009,Critical
40.02,142,19,3004,Critical
37.83,106,93,2102,Moderate
37.89,114,92,2113,Moderate
38.05,137,93,2604,High
35.19,66,69,1286,Normal
38.69,140,93,2885,High
6.77,92,73,180,Normal
37.7,112,90,2279,Moderate
37.52,116,91,2149,Moderate
38.34,124,93,2596,High
39.19,157,12,3051,Critical
37.63,114,90,2240,Moderate
37.87,105,91,2056,Moderate
40.37,142,0,3047,Critical
37.98,114,93,2431,Moderate
27.2,67,30,428,Normal
37.5,119,90,2396,Moderate
8.04,89,79,1595,Normal
39.96,161,56,3047,Critical
38.2,126,95,2783,High
38.04,123,94,2682,High
38.1,134,95,2756,High
21.41,68,12,1837,Normal
38.06,136,93,2983,High
40.03,150,68,3172,Critical
38.9,133,95,2821,High
19.66,97,28,530,Normal
38.56,127,95,2799,High
40.3,160,21,3117,Critical
37.78,113,94,2258,Moderate
39.16,153,6,3052,Critical
37.55,113,91,2457,Moderate
37.78,104,90,2437,Moderate
33.08,93,49,1250,Normal
38.78,134,94,2743,High
37.65,111,92,2020,Moderate
2.05,77,4,1820,Normal
39.08,142,5,3072,Critical
35.52,73,21,646,Normal
37.99,101,93,2085,Moderate
38.24,130,93,2968,High
38.26,131,93,2677,High
38.0,109,94,2438,Moderate
38.79,127,95,2759,High
38.45,139,95,2545,High
37.86,111,90,2184,Moderate
38.56,137,94,2693,High
1.77,71,45,1892,Normal
14.11,86,52,1959,Normal
38.26,140,93,2888,High
33.33,68,49,1330,Normal
38.37,128,93,2644,High
39.46,158,76,3009,Critical
11.02,67,41,1369,Normal
37.67,101,93,2080,Moderate
38.24,137,95,2942,High
37.86,115,92,2280,Moderate
22.31,74,84,276,Normal
37.55,105,93,2185,Moderate
38.65,137,95,2619,High
38.51,132,95,2960,High
4.48,74,89,480,Normal
39.56,141,19,3096,Critical
13.13,69,56,1326,Normal
39.17,154,38,3088,Critical
38.14,136,94,2626,High
40.18,163,66,3051,Critical
38.2,126,94,2955,High
37.57,114,92,2111,Moderate
38.79,126,93,2505,High
20.84,91,30,1538,Normal
37.88,110,91,2076,Moderate
37.62,117,90,2264,Moderate
14.47,82,32,1947,Normal
2.96,69,42,1433,Normal
29.93,97,12,1482,Normal
31.92,78,15,1671,Normal
37.97,115,90,2482,Moderate
37.68,110,93,2418,Moderate
37.63,102,91,2189,Moderate
37.96,101,93,2254,Moderate
39.36,161,85,3105,Critical
39.81,164,66,3155,Critical
38.36,125,93,2755,High
39.84,162,65,3177,Critical
39.7,160,22,3134,Critical
37.77,120,92,2127,Moderate
38.67,123,93,2526,High
39.14,169,43,3183,Critical
38.56,133,93,2979,High
22.01,87,56,1138,Normal
13.97,65,8,195,Normal
16.27,93,71,940,Normal
38.39,133,93,2885,High
39.15,149,50,3059,Critical
39.62,166,87,3058,Critical
40.2,157,13,3069,Critical
27.73,78,88,901,Normal
29.2,84,26,1322,Normal
39.25,169,17,3116,Critical
9.69,74,32,662,Normal
37.77,118,90,2243,Moderate
39.05,142,6,3005,Critical
37.57,113,94,2137,Moderate
38.1,138,94,2954,High
40.08,156,71,3168,Critical
11.18,71,3,832,Normal
16.47,76,47,770,Normal
39.92,159,43,3113,Critical
40.35,145,66,3049,Critical
36.78,79,62,1624,Normal
39.11,141,19,3144,Critical
38.67,133,94,2688,High
15.69,63,57,1897,Normal
8.99,93,39,888,Normal
6.73,64,21,1279,Normal
38.01,138,94,2980,High
38.28,136,94,2971,High
36.49,96,12,605,Normal
11.27,86,31,617,Normal
40.3,146,9,3014,Critical
7.96,65,85,162,Normal
18.25,85,19,1802,Normal
38.79,123,93,2646,High
39.52,151,24,3056,Critical
20.06,69,12,359,Normal
7.5,92,48,940,Normal
22.45,89,10,961,Normal
38.76,130,93,2511,High
37.71,115,92,2387,Moderate
40.1,170,51,3102,Critical
37.66,108,94,2015,Moderate
1.25,92,78,1152,Normal
37.52,116,93,2223,Moderate
12.19,93,7,599,Normal
39.23,141,49,3134,Critical
38.43,133,93,2925,High
39.92,165,50,3050,Critical
37.8,106,94,2131,Moderate
37.92,118,91,2059,Moderate
39.09,151,53,3133,Critical
3.7,72,86,94,Normal
24.29,85,25,704,Normal
39.05,155,32,3011,Critical
38.84,127,95,2820,High
21.86,83,47,1172,Normal
28.51,68,16,211,Normal
8.9,84,33,1488,Normal
38.54,122,94,2955,High
39.18,157,84,3164,Critical
38.89,126,95,2664,High
38.63,134,93,2776,High
29.33,84,65,1826,Normal
38.12,138,95,2517,High
37.57,108,90,2340,Moderate
40.29,155,22,3011,Critical
39.67,164,89,3151,Critical
38.2,125,94,2715,High
40.27,148,61,3121,Critical
38.8,126,93,2636,High
0.91,81,5,953,Normal
37.78,109,92,2263,Moderate
38.84,138,95,2635,High
38.26,139,93,2765,High
4.51,81,22,1524,Normal
39.69,163,43,3106,Critical
38.76,125,93,2525,High
17.37,74,71,931,Normal
37.7,101,93,2327,Moderate
38.23,129,94,2967,High
24.48,87,11,1165,Normal
39.19,141,39,3034,Critical
40.33,156,33,3148,Critical
18.79,92,41,1718,Normal
38.23,124,95,2591,High
39.04,157,0,3148,Critical
39.24,169,34,3082,Critical
37.97,116,91,2266,Moderate
37.59,118,92,2297,Moderate
20.41,66,58,992,Normal
40.3,158,27,3099,Critical
39.8,164,20,3013,Critical
37.62,112,91,2209,Moderate
40.31,148,25,3016,Critical
32.21,73,90,1487,Normal
29.2,80,9,617,Normal
37.97,107,91,2374,Moderate
1.75,97,51,1472,Normal
21.39,95,60,486,Normal
39.4,169,87,3196,Critical
39.52,170,90,3047,Critical
39.78,162,45,3160,Critical
28.79,86,4,545,Normal
39.65,159,44,3005,Critical
39.78,158,66,3128,Critical
38.7,130,93,2800,High
37.76,119,94,2270,Moderate
38.37,125,95,2913,High
40.41,152,30,3074,Critical
39.35,156,35,3191,Critical
40.04,164,11,3148,Critical
10.75,91,90,439,Normal
26.13,95,19,1761,Normal
3.9,72,81,1767,Normal
37.86,110,92,2499,Moderate
38.68,140,94,2995,High
1.25,91,68,1494,Normal
37.72,109,91,2198,Moderate
39.93,167,13,3064,Critical
23.76,91,8,85,Normal
39.43,146,85,3058,Critical
6.4,85,71,934,Normal
38.37,134,93,2849,High
39.04,143,79,3080,Critical
21.39,88,74,30,Normal
4.06,90,72,1795,Normal
39.52,154,61,3127,Critical
32.86,82,17,733,Normal
3.76,95,80,1209,Normal
18.93,61,13,791,Normal
39.71,169,38,3106,Critical
32.13,71,17,423,Normal
38.48,137,95,2525,High
38.61,125,94,2841,High
38.04,126,93,2501,High
39.09,163,52,3024,Critical
39.13,149,50,3161,Critical
39.97,154,79,3191,Critical
37.95,116,90,2021,Moderate
38.36,128,95,2513,High
40.25,146,16,3032,Critical
20.32,75,11,118,Normal
37.93,114,91,2230,Moderate
12.16,74,29,1036,Normal
18.98,67,53,1502,Normal
37.98,113,91,2333,Moderate
37.63,104,90,2438,Moderate
39.13,165,8,3066,Critical
14.76,91,40,1993,Normal
37.78,110,92,2004,Moderate
37.62,117,91,2407,Moderate
38.92,121,93,2712,High
22.76,75,43,1558,Normal
40.38,155,36,3169,Critical
39.0,165,21,3186,Critical
20.44,78,8,229,Normal
13.48,68,76,1471,Normal
37.6,106,92,2106,Moderate
39.07,143,21,3011,Critical
37.64,104,92,2460,Moderate
38.08,139,95,2699,High
39.02,168,69,3010,Critical
16.54,81,13,392,Normal
38.72,136,93,2771,High
37.59,120,94,2178,Moderate
38.6,124,94,2743,High
38.68,129,95,2858,High
39.82,142,64,3013,Critical
39.0,163,26,3053,Critical
39.92,161,24,3097,Critical
38.7,138,94,2794,High
40.38,156,35,3063,Critical
37.86,116,91,2217,Moderate
39.81,158,35,3158,Critical
38.78,125,94,2550,High
37.94,110,90,2030,Moderate
18.57,87,14,741,Normal
37.65,114,94,2088,Moderate
38.78,127,93,2570,High
35.53,86,80,1421,Normal
11.61,76,50,1886,Normal
38.77,138,94,2656,High
3.65,62,87,1851,Normal
38.93,127,95,2552,High
1.74,90,52,243,Normal
40.17,143,73,3112,Critical
38.28,127,95,2825,High
40.33,150,33,3116,Critical
39.98,166,66,3097,Critical
39.58,149,79,3014,Critical
37.66,102,92,2319,Moderate
38.93,131,94,2825,High
38.05,122,95,2655,High
36.98,95,37,941,Normal
37.89,103,92,2324,Moderate
37.64,105,92,2007,Moderate
37.61,109,93,2195,Moderate
37.96,104,92,2245,Moderate
38.79,126,93,2777,High
2.63,66,20,734,Normal
37.52,105,92,2397,Moderate
39.53,164,19,3169,Critical
4.79,96,40,1479,Normal
39.89,169,15,3193,Critical
37.71,107,90,2181,Moderate
38.4,126,95,2831,High
40.42,142,32,3136,Critical
11.95,100,23,1277,Normal
38.33,126,95,2560,High
38.63,130,95,2960,High
38.8,140,93,2728,High
37.59,114,92,2189,Moderate
37.74,109,94,2348,Moderate
38.03,134,93,2606,High
39.68,153,90,3161,Critical
40.34,149,33,3073,Critical
38.7,136,94,2758,High
37.76,112,93,2110,Moderate
37.87,102,92,2318,Moderate
39.97,153,20,3028,Critical
37.9,120,94,2243,Moderate
40.01,169,45,3045,Critical
38.71,136,94,2695,High
38.42,124,93,2859,High
37.65,116,91,2467,Moderate
34.97,68,86,1472,Normal
39.97,145,46,3032,Critical
39.12,165,70,3031,Critical
37.56,116,92,2073,Moderate
4.76,64,25,6,Normal
39.43,166,57,3187,Critical
38.0,131,94,2997,High
38.1,122,95,2596,High
40.2,147,68,3033,Critical
38.79,133,93,3000,High
38.55,128,93,2890,High
37.76,101,90,2289,Moderate
38.55,129,95,2698,High
39.25,144,27,3131,Critical
37.68,119,91,2392,Moderate
40.02,149,10,3154,Critical
40.35,165,69,3015,Critical
38.8,122,94,2763,High
17.35,85,41,380,Normal
37.77,105,93,2340,Moderate
32.61,80,24,665,Normal
37.94,101,91,2159,Moderate
37.82,114,92,2345,Moderate
39.42,149,13,3173,Critical
39.94,143,70,3193,Critical
38.0,109,92,2048,Moderate
22.07,83,14,1541,Normal
38.78,140,94,2851,High
37.77,116,93,2184,Moderate
37.68,103,90,2092,Moderate
1.65,81,10,1225,Normal
39.15,147,87,3173,Critical
0.4,76,87,1385,Normal
38.07,127,93,2973,High
39.32,170,1,3140,Critical
37.83,108,93,2489,Moderate
14.12,94,27,80,Normal
37.99,112,91,2024,Moderate
37.5,101,91,2403,Moderate
31.1,80,59,225,Normal
39.68,155,60,3101,Critical
37.91,113,94,2247,Moderate
38.2,129,93,2558,High
26.74,94,6,1461,Normal
39.95,145,35,3151,Critical
32.27,62,4,958,Normal
37.79,107,94,2039,Moderate
39.58,148,49,3016,Critical
38.89,130,95,2547,High
39.23,162,8,3020,Critical
23.35,69,81,682,Normal
38.53,126,93,2996,High
17.47,66,15,851,Normal
39.55,143,30,3171,Critical
31.52,88,33,1069,Normal
38.18,134,94,2863,High
38.08,128,95,2601,High
37.97,113,94,2266,Moderate
39.22,154,42,3053,Critical
39.64,158,84,3102,Critical
38.57,124,93,2722,High
38.77,138,94,2635,High
26.15,63,7,1184,Normal
38.29,132,95,2631,High
37.54,116,91,2473,Moderate
39.55,163,75,3020,Critical
16.72,66,82,1931,Normal
38.51,124,93,2711,High
40.45,144,82,3120,Critical
39.51,142,20,3158,Critical
13.86,97,20,44,Normal
30.67,93,37,886,Normal
38.94,135,93,2821,High
2.65,64,88,136,Normal
33.41,72,30,1240,Normal
38.2,126,93,2667,High
40.11,165,25,3069,Critical
39.07,143,38,3106,Critical
38.66,127,95,2523,High
39.64,148,81,3146,Critical
39.22,165,3,3020,Critical
37.83,113,91,2061,Moderate
13.76,82,51,374,Normal
37.78,102,90,2451,Moderate
37.86,105,93,2420,Moderate
26.47,72,68,1054,Normal
38.54,121,93,2646,High
40.47,146,60,3063,Critical
31.26,76,61,1646,Normal
39.08,162,27,3143,Critical
37.59,110,90,2181,Moderate
39.83,169,19,3071,Critical
40.01,165,13,3171,Critical
39.47,154,20,3143,Critical
37.64,117,94,2196,Moderate
38.05,127,93,2943,High
7.29,70,28,1533,Normal
22.49,74,90,1709,Normal
37.69,103,92,2436,Moderate
40.47,153,55,3110,Critical
38.11,123,95,2946,High
38.44,133,94,2818,High
40.28,162,13,3198,Critical
38.33,140,93,2549,High
37.7,108,91,2129,Moderate
37.87,109,93,2274,Moderate
39.66,148,74,3162,Critical
12.24,62,67,1738,Normal
40.34,154,70,3067,Critical
39.58,141,46,3022,Critical
38.57,125,94,2942,High
37.78,102,91,2380,Moderate
38.0,119,91,2012,Moderate
16.18,72,14,1249,Normal
40.35,170,79,3088,Critical
39.51,142,21,3199,Critical
23.56,79,31,1419,Normal
8.49,95,49,1200,Normal
40.27,152,47,3147,Critical
39.56,159,35,3000,Critical
38.42,130,94,2872,High
38.96,126,94,2834,High
24.47,66,8,1270,Normal
1.38,88,47,483,Normal
38.52,134,94,2852,High
39.32,167,58,3125,Critical
20.56,72,46,1925,Normal
7.91,61,70,230,Normal
7.45,97,8,1852,Normal
39.65,162,85,3138,Critical
37.62,108,92,2348,Moderate
37.86,103,92,2107,Moderate
39.98,146,1,3107,Critical
39.5,150,0,3059,Critical
37.88,117,91,2325,Moderate
37.8,106,90,2025,Moderate
38.86,122,93,2876,High
37.95,118,92,2257,Moderate
37.95,110,92,2391,Moderate
37.86,119,92,2233,Moderate
40.16,163,57,3178,Critical
24.35,75,4,292,Normal
19.02,65,30,669,Normal
37.63,113,91,2441,Moderate
38.64,123,94,2536,High
18.7,68,58,969,Normal
37.63,112,93,2024,Moderate
37.81,110,90,2299,Moderate
39.24,143,46,3137,Critical
40.32,169,2,3059,Critical
38.85,123,94,2947,High
37.88,115,94,2312,Moderate
4.76,97,3,872,Normal
38.02,136,93,2624,High
39.13,161,20,3077,Critical
32.12,70,10,1065,Normal
38.26,127,93,2797,High
38.01,130,93,2813,High
6.45,94,81,1899,Normal
38.47,138,93,2702,High
39.83,165,37,3113,Critical
39.14,141,55,3092,Critical
39.29,160,45,3158,Critical
39.27,141,88,3022,Critical
39.04,164,32,3170,Critical
39.16,167,61,3194,Critical
37.55,108,91,2311,Moderate
31.03,85,16,1076,Normal
37.64,112,92,2348,Moderate
38.28,136,95,2607,High
39.18,144,17,3094,Critical
18.43,86,26,617,Normal
39.41,142,83,3130,Critical
39.89,168,53,3078,Critical
38.02,124,94,2694,High
39.65,145,10,3139,Critical
39.78,154,54,3094,Critical
6.35,99,35,1738,Normal
37.63,104,91,2191,Moderate
39.23,158,41,3132,Critical
37.95,105,93,2206,Moderate
37.78,105,93,2295,Moderate
38.18,129,94,2680,High
39.09,167,8,3042,Critical
2.1,87,51,426,Normal
38.32,139,95,2864,High
38.96,131,94,2625,High
38.06,133,93,2795,High
32.47,78,11,1678,Normal
35.87,90,76,138,Normal
37.82,106,92,2196,Moderate
39.6,168,90,3007,Critical
39.63,164,53,3146,Critical
22.92,91,55,1274,Normal
37.68,103,90,2233,Moderate
37.84,109,91,2087,Moderate
11.15,62,81,1398,Normal
39.25,166,7,3054,Critical
39.1,152,19,3095,Critical
37.65,103,94,2477,Moderate
16.12,72,72,784,Normal
38.61,128,95,2606,High
37.54,103,93,2263,Moderate
26.86,93,81,1760,Normal
26.35,100,35,1022,Normal
37.97,101,91,2272,Moderate
38.09,139,95,2868,High
6.04,70,82,743,Normal
40.24,169,65,3081,Critical
39.46,167,19,3027,Critical
39.81,143,50,3188,Critical
39.47,163,89,3176,Critical
37.54,103,92,2395,Moderate
9.21,65,38,1650,Normal
38.65,128,95,2732,High
38.43,137,94,2728,High
39.53,164,23,3084,Critical
37.55,108,94,2337,Moderate
37.83,110,93,2195,Moderate
38.07,121,95,2537,High
3.2,86,60,555,Normal
40.39,145,17,3200,Critical
39.69,168,72,3120,Critical
38.65,134,94,2902,High
37.86,106,93,2485,Moderate
40.13,151,47,3175,Critical
39.92,161,32,3078,Critical
37.97,110,90,2203,Moderate
28.04,69,2,1948,Normal
38.88,123,94,2681,High
38.71,131,95,2787,High
38.58,122,95,2711,High
38.37,138,95,2676,High
26.21,99,65,976,Normal
39.89,152,86,3174,Critical
23.59,64,77,754,Normal
28.47,78,20,1673,Normal
32.12,85,67,130,Normal
37.91,104,94,2071,Moderate
40.35,166,70,3022,Critical
39.84,151,42,3155,Critical
9.86,87,8,1573,Normal
37.58,111,94,2120,Moderate
37.96,105,92,2166,Moderate
15.35,100,27,1052,Normal
39.49,141,8,3020,Critical
39.6,153,73,3058,Critical
6.24,95,34,19,Normal
37.45,63,36,1498,Normal
5.33,71,1,267,Normal
38.79,139,94,2586,High
38.05,133,93,2622,High
8.01,92,8,450,Normal
14.17,63,25,1531,Normal
38.27,134,94,2958,High
39.23,144,26,3055,Critical
38.5,128,93,2794,High
40.26,141,53,3075,Critical
39.27,170,44,3153,Critical
39.87,147,42,3162,Critical
38.03,126,93,2746,High
21.61,79,15,1959,Normal
37.62,118,93,2496,Moderate
37.67,103,91,2277,Moderate
39.21,143,58,3189,Critical
38.57,128,93,2571,High
37.84,102,90,2242,Moderate
37.73,117,93,2428,Moderate
37.56,109,94,2054,Moderate
37.54,119,90,2006,Moderate
37.87,113,93,2155,Moderate
39.62,157,24,3034,Critical
25.65,71,51,823,Normal
37.74,113,91,2256,Moderate
7.28,65,76,1783,Normal
37.89,103,92,2067,Moderate
37.69,105,92,2244,Moderate
37.69,114,93,2155,Moderate
37.61,120,91,2417,Moderate
40.49,162,23,3103,Critical
38.14,131,94,2836,High
39.23,152,31,3136,Critical
40.13,145,69,3017,Critical
39.48,150,39,3126,Critical
0.3,65,7,487,Normal
23.24,94,3,365,Normal
37.99,104,91,2308,Moderate
38.47,136,93,2639,High
17.82,68,47,1051,Normal
10.64,79,30,1471,Normal
37.66,117,90,2217,Moderate
6.01,89,55,1769,Normal
39.04,164,58,3093,Critical
38.89,140,94,2682,High
27.59,70,51,1510,Normal
40.02,161,51,3172,Critical
37.9,116,93,2054,Moderate
37.61,111,90,2046,Moderate
40.28,164,31,3002,Critical
38.34,138,94,2861,High
37.67,104,92,2479,Moderate
16.7,86,10,127,Normal
37.72,116,93,2086,Moderate
37.62,103,91,2078,Moderate
40.36,142,44,3132,Critical
39.38,147,28,3074,Critical
37.84,111,91,2333,Moderate
3.95,73,78,1278,Normal
38.11,134,95,2902,High
37.96,101,92,2137,Moderate
25.38,93,47,1813,Normal
31.05,72,30,1918,Normal
12.23,60,11,1385,Normal
37.63,117,92,2108,Moderate
37.66,101,94,2035,Moderate
37.67,115,90,2342,Moderate
37.53,118,90,2203,Moderate
1.78,75,39,1080,Normal
37.85,111,92,2248,Moderate
31.46,76,37,1133,Normal
11.3,63,34,432,Normal
37.67,107,94,2195,Moderate
38.25,125,94,2793,High
9.67,92,16,1698,Normal
38.31,128,95,2628,High
38.36,139,95,2902,High
39.21,167,59,3065,Critical
39.43,143,76,3147,Critical
37.63,110,94,2417,Moderate
35.38,99,29,1730,Normal
38.45,132,94,2785,High
39.91,144,12,3127,Critical
39.82,142,28,3075,Critical
37.66,119,92,2341,Moderate
38.77,129,95,2908,High
38.48,134,94,2694,High
38.81,124,94,2959,High
12.4,82,36,1130,Normal
38.8,121,95,2752,High
38.74,137,93,2847,High
38.42,135,95,2715,High
38.98,137,94,2646,High
40.3,149,11,3010,Critical
25.31,64,64,1887,Normal
39.46,147,9,3192,Critical
37.72,108,93,2189,Moderate
33.92,97,62,1086,Normal
8.53,81,50,691,Normal
38.22,121,93,2543,High
28.36,93,31,727,Normal
38.65,129,94,2592,High
9.8,91,23,442,Normal
37.52,117,91,2494,Moderate
25.72,65,40,1569,Normal
38.09,140,94,2548,High
9.73,98,82,1321,Normal
38.6,125,94,2765,High
39.67,145,83,3159,Critical
38.12,132,95,2532,High
39.47,162,89,3051,Critical
37.58,102,90,2325,Moderate
37.54,102,94,2009,Moderate
37.84,116,91,2049,Moderate
32.36,68,19,246,Normal
24.04,63,62,239,Normal
37.55,109,90,2500,Moderate
38.95,126,94,2870,High
37.6,107,91,2166,Moderate
19.01,86,68,1793,Normal
37.57,108,90,2372,Moderate
40.47,153,11,3027,Critical
19.34,78,30,1323,Normal
39.5,143,37,3001,Critical
37.89,104,90,2001,Moderate
38.64,139,94,2537,High
37.88,120,90,2446,Moderate
37.79,110,92,2399,Moderate
39.25,150,58,3050,Critical
21.61,90,68,1645,Normal
14.85,90,6,1306,Normal
37.7,103,91,2362,Moderate
38.51,130,95,2756,High
38.36,138,93,2903,High
2.26,88,67,1976,Normal
40.42,153,20,3094,Critical
28.55,76,53,807,Normal
18.99,83,78,555,Normal
18.59,97,5,1627,Normal
38.83,125,93,2843,High
38.96,134,95,2884,High
38.98,136,94,2970,High
37.55,112,90,2395,Moderate
37.7,116,91,2483,Moderate
38.4,122,94,2757,High
25.15,90,14,1904,Normal
39.47,160,5,3142,Critical
3.83,99,69,1771,Normal
38.88,135,93,2770,High
40.07,150,37,3147,Critical
35.08,62,3,281,Normal
37.86,112,92,2186,Moderate
38.85,136,94,2729,High
37.67,112,91,2076,Moderate
37.54,111,94,2094,Moderate
1.58,90,79,1231,Normal
38.1,136,93,2984,High
39.57,142,54,3199,Critical
40.01,164,18,3067,Critical
39.51,159,20,3137,Critical
22.47,90,85,1826,Normal
22.91,96,14,770,Normal
33.97,99,14,1548,Normal
38.68,140,93,2796,High
37.9,114,93,2453,Moderate
38.65,131,94,2513,High
37.59,111,94,2143,Moderate
37.99,116,93,2036,Moderate
38.32,130,95,2836,High
37.78,106,94,2163,Moderate
38.74,121,93,2619,High
37.94,113,93,2385,Moderate
32.47,70,57,202,Normal
39.8,169,89,3127,Critical
37.75,118,92,2420,Moderate
38.46,134,93,2907,High
33.62,97,38,1873,Normal
37.77,113,92,2199,Moderate
39.01,165,15,3064,Critical
38.12,130,93,2774,High
39.68,141,41,3041,Critical
37.42,75,32,1268,Normal
37.64,101,92,2399,Moderate
38.17,132,95,2548,High
38.51,132,94,2833,High
37.76,111,93,2338,Moderate
39.33,150,60,3088,Critical
38.71,123,93,2810,High
40.08,142,76,3056,Critical
0.1,61,50,355,Normal
0.4,87,18,1266,Normal
37.67,103,92,2394,Moderate
40.16,167,40,3032,Critical
37.89,107,91,2152,Moderate
38.31,137,94,2863,High
6.86,60,72,1396,Normal
37.82,116,93,2018,Moderate
38.03,132,93,2771,High
37.67,112,94,2325,Moderate
38.2,121,95,2849,High
39.91,154,7,3076,Critical
29.79,68,73,1666,Normal
37.89,101,92,2214,Moderate
38.8,135,94,2686,High
37.8,101,91,2186,Moderate
37.9,107,93,2489,Moderate
10.75,87,22,868,Normal
33.03,79,10,1798,Normal
38.33,137,95,2640,High
40.09,146,55,3114,Critical
37.67,117,94,2212,Moderate
38.32,121,94,2794,High
40.22,158,86,3063,Critical
37.86,110,92,2283,Moderate
37.84,107,93,2396,Moderate
38.13,121,95,2631,High
6.41,66,25,1164,Normal
38.13,121,93,2732,High
38.66,126,95,2751,High
37.52,111,91,2426,Moderate
14.96,77,20,1899,Normal
38.86,133,95,2761,High
28.65,94,5,493,Normal
26.07,89,49,806,Normal
37.67,109,93,2044,Moderate
8.18,75,12,739,Normal
38.2,130,93,2664,High
40.48,159,33,3075,Critical
40.44,142,8,3061,Critical
30.42,69,55,1744,Normal
37.84,116,92,2080,Moderate
38.34,133,93,2723,High
40.33,156,73,3170,Critical
40.05,142,21,3153,Critical
39.08,167,50,3077,Critical
37.63,111,93,2156,Moderate
40.22,145,34,3051,Critical
37.65,106,93,2389,Moderate
37.89,101,94,2244,Moderate
38.95,123,94,2676,High
37.81,108,91,2224,Moderate
39.95,143,1,3042,Critical
39.66,157,53,3055,Critical
38.01,126,95,2694,High
39.96,159,46,3187,Critical
22.53,92,32,1689,Normal
38.43,128,94,2728,High
39.15,160,36,3152,Critical
37.77,104,90,2411,Moderate
18.46,94,66,775,Normal
18.52,69,88,750,Normal
8.24,77,73,8,Normal
39.61,170,89,3139,Critical
37.65,116,91,2465,Moderate
35.22,68,78,1482,Normal
37.76,113,93,2498,Moderate
37.83,112,92,2192,Moderate
38.9,122,94,2922,High
40.1,170,52,3106,Critical
37.63,112,92,2021,Moderate
16.1,85,27,1605,Normal
38.45,122,93,2530,High
37.95,111,93,2125,Moderate
39.32,164,90,3069,Critical
39.22,169,67,3124,Critical
37.78,112,92,2420,Moderate
38.07,129,94,2866,High
38.39,124,95,2709,High
35.12,67,2,1323,Normal
37.61,104,90,2249,Moderate
38.63,133,95,2549,High
29.76,76,1,26,Normal
37.54,113,94,2238,Moderate
38.36,127,95,2587,High
39.78,154,75,3131,Critical
26.79,77,65,947,Normal
38.97,134,95,2535,High
18.15,70,62,210,Normal
37.86,110,94,2307,Moderate
38.3,128,94,2609,High
37.81,111,93,2406,Moderate
39.43,167,44,3128,Critical
10.26,86,50,537,Normal
39.81,151,17,3098,Critical
37.93,117,91,2312,Moderate
38.15,124,95,2716,High
38.01,140,93,2606,High
37.77,117,93,2279,Moderate
39.21,151,66,3020,Critical
37.71,106,90,2323,Moderate
38.49,132,94,2589,High
37.79,118,90,2319,Moderate
28.69,65,50,1050,Normal
38.45,126,95,2934,High
37.72,111,91,2141,Moderate
37.58,112,91,2388,Moderate
38.28,139,95,2614,High
39.17,141,29,3047,Critical
38.67,140,94,2874,High
39.7,155,24,3090,Critical
39.58,155,31,3045,Critical
38.01,133,95,2969,High
38.81,132,94,2710,High
33.38,93,63,308,Normal
38.62,122,95,2798,High
38.1,137,95,2849,High
37.79,120,94,2475,Moderate
39.69,161,64,3132,Critical
39.16,143,80,3090,Critical
30.13,79,6,1962,Normal
37.52,108,92,2426,Moderate
39.54,156,18,3101,Critical
37.87,111,92,2051,Moderate
38.92,140,94,2603,High
39.41,167,29,3152,Critical
39.59,159,33,3013,Critical
38.07,125,95,2968,High
38.77,124,95,2594,High
40.06,164,1,3116,Critical
37.65,115,92,2135,Moderate
37.83,119,91,2406,Moderate
37.94,101,93,2052,Moderate
37.78,110,92,2416,Moderate
26.18,100,79,1583,Normal
37.94,109,90,2454,Moderate
38.61,122,95,2733,High
38.79,132,93,2624,High
29.9,90,59,820,Normal
37.57,119,91,2219,Moderate
14.48,79,81,202,Normal
37.52,107,91,2032,Moderate
38.56,139,93,2863,High
37.89,103,90,2035,Moderate
38.44,132,95,2547,High
39.94,157,1,3102,Critical
33.05,86,57,1913,Normal
40.05,152,47,3039,Critical
39.73,142,19,3130,Critical
20.49,88,11,883,Normal
12.63,67,85,1104,Normal
38.18,130,93,2732,High
38.11,127,95,2558,High
39.57,161,25,3071,Critical
8.09,85,16,1967,Normal
38.33,123,93,2853,High
37.91,104,92,2487,Moderate
20.33,83,20,705,Normal
37.77,120,91,2388,Moderate
38.65,139,93,2727,High
37.8,102,90,2402,Moderate
29.07,83,3,533,Normal
40.45,148,23,3040,Critical
40.35,160,43,3196,Critical
38.49,136,95,2865,High
38.06,133,94,2614,High
21.29,68,49,1816,Normal
16.34,80,15,1242,Normal
39.98,162,81,3114,Critical
23.89,97,46,1047,Normal
26.73,91,37,1882,Normal
37.89,110,92,2433,Moderate
37.51,113,90,2007,Moderate
40.22,141,32,3109,Critical
38.18,132,95,2640,High
38.74,130,95,2990,High
22.68,92,87,787,Normal
39.46,143,4,3192,Critical
38.49,138,93,2792,High
38.43,128,94,2907,High
39.76,153,60,3061,Critical
13.35,79,43,1171,Normal
36.4,87,54,1746,Normal
37.65,115,90,2413,Moderate
39.48,155,78,3145,Critical
39.38,169,33,3127,Critical
29.32,98,14,208,Normal
38.33,132,93,2726,High
23.43,69,32,1735,Normal
39.21,145,32,3112,Critical
38.64,137,95,2871,High
37.56,117,91,2399,Moderate
38.3,124,95,2770,High
35.96,89,59,590,Normal
15.96,88,65,1275,Normal
40.15,147,9,3026,Critical
38.81,128,95,2998,High
40.46,158,72,3185,Critical
38.28,136,95,2734,High
38.74,126,94,2977,High
38.86,124,95,2754,High
21.51,86,27,135,Normal
25.81,100,79,1332,Normal
38.21,121,95,2979,High
22.58,79,2,1834,Normal
39.69,144,65,3070,Critical
37.65,107,90,2422,Moderate
38.13,126,93,2894,High
39.62,165,14,3111,Critical
38.25,122,95,2934,High
10.07,78,66,654,Normal
40.21,166,17,3031,Critical
40.11,152,46,3004,Critical
37.81,117,90,2251,Moderate
39.15,165,2,3020,Critical
38.9,139,93,2781,High
38.33,130,95,2908,High
38.75,126,95,2729,High
39.45,161,73,3109,Critical
11.45,93,25,1621,Normal
38.54,140,93,2531,High
38.37,123,95,2825,High
38.47,127,94,2632,High
38.45,128,94,2967,High
38.64,121,93,2765,High
38.85,126,94,2901,High
40.13,158,78,3016,Critical
39.46,153,87,3017,Critical
39.83,156,62,3026,Critical
37.71,117,90,2248,Moderate
37.54,114,91,2168,Moderate
37.62,119,90,2076,Moderate
38.29,131,93,2972,High
31.21,78,61,1877,Normal
11.54,92,25,1623,Normal
39.84,166,53,3055,Critical
30.75,67,10,868,Normal
37.78,116,91,2046,Moderate
38.17,135,95,2828,High
25.49,88,52,677,Normal
37.58,115,94,2466,Moderate
39.86,163,51,3168,Critical
38.09,132,93,2834,High
27.66,67,76,1918,Normal
38.69,140,95,2909,High
39.68,149,72,3172,Critical
37.84,107,94,2284,Moderate
38.08,133,93,2733,High
38.28,129,94,2749,High
40.42,159,74,3087,Critical
38.81,121,94,2640,High
24.92,68,88,987,Normal
38.81,122,93,2843,High
40.16,155,60,3110,Critical
38.68,122,93,2538,High
37.91,116,92,2115,Moderate
38.38,129,93,2729,High
38.32,121,95,2524,High
14.61,62,79,237,Normal
38.42,140,93,2743,High
37.64,109,90,2419,Moderate
39.49,163,86,3076,Critical
39.16,147,13,3050,Critical
37.57,105,91,2191,Moderate
38.89,137,95,2682,High
38.13,134,94,2780,High
37.85,106,94,2484,Moderate
39.09,170,71,3179,Critical
39.34,144,33,3032,Critical
30.4,87,8,1602,Normal
37.66,117,93,2498,Moderate
37.89,101,94,2284,Moderate
38.44,131,95,2751,High
32.3,61,70,1299,Normal
34.15,65,53,758,Normal
39.42,161,64,3013,Critical
39.09,169,89,3140,Critical
14.61,100,64,421,Normal
36.44,100,75,342,Normal
38.2,139,95,2903,High
39.89,164,47,3110,Critical
38.56,126,95,2638,High
38.19,121,95,2932,High
39.09,161,67,3160,Critical
37.92,103,90,2362,Moderate
38.58,135,93,2632,High
40.05,167,82,3061,Critical
37.79,110,92,2434,Moderate
37.8,107,91,2423,Moderate
4.59,99,35,1297,Normal
6.17,63,9,408,Normal
38.56,126,93,2666,High
38.16,132,95,2707,High
38.13,134,95,2811,High
38.73,129,93,2622,High
37.85,115,91,2192,Moderate
37.64,109,92,2304,Moderate
39.08,148,7,3065,Critical
37.82,113,91,2161,Moderate
37.88,117,91,2055,Moderate
38.35,137,94,2793,High
27.59,90,83,1981,Normal
37.65,107,93,2392,Moderate
23.34,95,75,1758,Normal
2.32,64,31,1322,Normal
39.52,156,80,3142,Critical
17.67,99,27,142,Normal
39.04,156,10,3025,Critical
37.86,120,91,2246,Moderate
38.4,136,93,3000,High
39.11,151,69,3148,Critical
29.39,91,30,1292,Normal
37.68,113,91,2422,Moderate
37.8,115,93,2350,Moderate
37.58,103,90,2233,Moderate
37.53,114,92,2219,Moderate
38.61,129,95,2711,High
38.24,133,94,2564,High
39.33,169,77,3081,Critical
30.01,72,8,1766,Normal
37.82,101,90,2092,Moderate
23.56,91,84,530,Normal
38.5,132,94,2536,High
39.23,163,25,3092,Critical
38.97,133,95,2607,High
38.89,136,95,2661,High
39.82,164,45,3132,Critical
38.75,136,94,2897,High
0.02,63,46,569,Normal
37.58,105,93,2480,Moderate
23.6,63,1,517,Normal
37.91,119,90,2361,Moderate
37.87,105,93,2449,Moderate
39.26,167,30,3035,Critical
1.77,81,25,669,Normal
37.69,105,93,2380,Moderate
17.07,89,69,241,Normal
37.53,110,91,2113,Moderate
37.62,118,90,2196,Moderate
37.84,116,94,2064,Moderate
28.36,86,66,1664,Normal
21.68,83,87,1674,Normal
37.63,119,93,2100,Moderate
2.11,99,55,1093,Normal
37.63,104,90,2070,Moderate
14.67,92,59,1676,Normal
11.91,63,63,644,Normal
21.89,99,71,1069,Normal
40.49,160,44,3150,Critical
38.09,121,93,2963,High
13.57,60,46,770,Normal
8.84,90,69,583,Normal
38.3,139,95,2592,High
22.27,76,34,1073,Normal
38.0,104,93,2413,Moderate
37.61,102,91,2019,Moderate
17.62,76,39,100,Normal
38.18,129,94,2859,High
39.64,163,43,3120,Critical
38.9,127,94,2995,High
3.17,74,30,1209,Normal
37.73,108,94,2315,Moderate
40.36,157,72,3154,Critical
21.01,97,47,740,Normal
34.61,86,2,1366,Normal
37.76,105,92,2416,Moderate
40.2,145,88,3073,Critical
37.64,111,93,2246,Moderate
39.74,158,85,3161,Critical
40.46,156,49,3005,Critical
37.69,120,93,2035,Moderate
36.65,89,86,1571,Normal
40.01,170,1,3153,Critical
38.3,123,94,2752,High
39.34,149,44,3123,Critical
40.14,150,77,3074,Critical
37.87,113,93,2302,Moderate
39.12,158,50,3033,Critical
38.77,127,95,2783,High
34.42,75,56,1842,Normal
37.92,116,93,2102,Moderate
37.88,102,90,2495,Moderate
37.68,108,92,2461,Moderate
40.06,145,45,3019,Critical
37.98,109,91,2089,Moderate
38.13,123,93,2506,High
21.76,86,60,199,Normal
24.5,84,74,1507,Normal
37.65,110,93,2005,Moderate
5.48,88,85,742,Normal
37.52,113,94,2451,Moderate
37.86,114,92,2279,Moderate
37.65,107,93,2445,Moderate
38.44,123,94,2532,High
40.25,148,65,3153,Critical
15.65,70,6,1156,Normal
37.95,109,93,2028,Moderate
38.87,134,93,2574,High
37.99,103,90,2472,Moderate
40.16,146,45,3043,Critical
38.72,139,95,2926,High
40.18,146,42,3174,Critical
38.75,140,93,2614,High
39.79,160,79,3196,Critical
38.56,129,94,2913,High
38.93,122,93,2994,High
29.47,63,33,593,Normal
39.57,154,31,3117,Critical
37.75,120,94,2222,Moderate
37.93,118,94,2484,Moderate
38.52,139,93,2955,High
37.58,103,93,2147,Moderate
37.79,101,91,2051,Moderate
38.15,138,94,2668,High
29.09,90,45,917,Normal
11.02,70,90,1192,Normal
39.52,141,32,3046,Critical
40.24,141,31,3164,Critical
39.3,146,82,3100,Critical
39.21,155,10,3174,Critical
18.54,91,12,110,Normal
37.74,113,94,2479,Moderate
40.2,149,64,3031,Critical
38.85,122,93,2638,High
39.01,143,43,3042,Critical
38.53,132,94,2757,High
11.4,94,89,1365,Normal
40.33,160,40,3031,Critical
5.78,96,87,950,Normal
6.69,94,14,615,Normal
17.71,64,55,463,Normal
0.77,96,67,1014,Normal
38.24,136,95,2932,High
4.02,63,17,699,Normal
37.7,115,90,2184,Moderate
2.9,96,61,658,Normal
37.82,114,91,2430,Moderate
37.61,110,93,2096,Moderate
40.12,157,60,3153,Critical
40.11,160,45,3113,Critical
38.76,132,95,2742,High
39.63,144,78,3049,Critical
38.7,136,95,2907,High
19.74,81,33,1408,Normal
37.64,111,90,2356,Moderate
39.42,154,3,3041,Critical
3.36,77,2,1383,Normal
8.31,73,75,559,Normal
39.91,148,41,3076,Critical
38.32,135,94,2577,High
37.63,104,94,2367,Moderate
40.07,165,0,3135,Critical
37.9,101,90,2301,Moderate
38.06,135,93,2770,High
39.29,149,13,3096,Critical
34.38,74,32,1406,Normal
40.23,169,49,3062,Critical
38.75,125,94,2658,High
39.09,150,18,3088,Critical
39.69,168,58,3008,Critical
40.2,147,65,3026,Critical
38.12,130,95,2553,High
37.94,107,90,2362,Moderate
37.94,109,94,2300,Moderate
37.64,104,90,2314,Moderate
39.41,150,21,3014,Critical
37.32,70,89,1830,Normal
16.16,79,59,991,Normal
38.36,126,94,2934,High
37.87,116,93,2165,Moderate
37.53,106,91,2414,Moderate
38.64,122,95,2916,High
38.29,123,95,2510,High
39.05,152,22,3127,Critical
13.01,68,67,1912,Normal
38.5,132,94,2577,High
39.86,143,73,3044,Critical
38.76,133,94,2743,High
38.86,129,95,2748,High
37.91,119,90,2253,Moderate
37.88,108,94,2484,Moderate
39.21,149,85,3015,Critical
3.3,89,58,1661,Normal
37.76,116,94,2300,Moderate
18.55,78,70,307,Normal
39.66,160,62,3066,Critical
37.75,117,93,2287,Moderate
17.85,95,86,962,Normal
37.77,103,93,2418,Moderate
33.25,96,13,592,Normal
37.54,111,92,2055,Moderate
38.24,137,93,2707,High
37.61,119,92,2234,Moderate
38.38,124,93,2536,High
37.6,104,93,2106,Moderate
39.3,145,56,3159,Critical
37.89,119,93,2253,Moderate
38.61,122,94,2892,High
40.45,164,11,3171,Critical
40.06,154,2,3015,Critical
17.67,93,5,663,Normal
28.86,83,19,1734,Normal
38.61,126,93,2514,High
39.5,150,2,3044,Critical
11.19,68,70,1731,Normal
14.99,92,81,1867,Normal
39.18,164,19,3112,Critical
37.96,119,94,2042,Moderate
37.61,102,94,2398,Moderate
37.83,111,92,2323,Moderate
38.86,122,93,2799,High
39.32,160,65,3045,Critical
39.93,155,14,3076,Critical
38.61,122,93,2558,High
14.61,68,85,1404,Normal
37.68,114,93,2281,Moderate
40.43,152,9,3017,Critical
37.91,108,91,2345,Moderate
37.51,105,94,2001,Moderate
39.21,162,78,3055,Critical
39.0,141,67,3124,Critical
39.28,151,49,3024,Critical
39.37,151,25,3141,Critical
20.25,73,11,1178,Normal
38.81,129,95,2776,High
39.41,156,24,3081,Critical
37.55,109,94,2248,Moderate
37.73,108,94,2466,Moderate
14.31,79,64,1912,Normal
38.23,138,94,2856,High
40.44,161,33,3031,Critical
38.64,121,94,2913,High
39.76,167,28,3130,Critical
38.93,123,94,2560,High
25.91,65,51,739,Normal
38.06,132,94,2581,High
37.58,107,94,2297,Moderate
38.83,135,93,2600,High
11.27,71,39,1900,Normal
37.53,108,90,2086,Moderate
19.47,98,74,1939,Normal
37.56,106,90,2148,Moderate
0.9,86,41,1404,Normal
4.06,89,35,141,Normal
37.75,104,93,2087,Moderate
38.27,136,95,2590,High
39.22,153,71,3168,Critical
39.69,155,16,3162,Critical
29.04,92,71,938,Normal
38.17,135,94,2798,High
39.95,165,62,3121,Critical
37.79,104,91,2076,Moderate
38.21,132,93,2702,High
7.85,94,21,1814,Normal
39.88,155,75,3190,Critical
30.64,77,11,1798,Normal
20.9,86,53,915,Normal
37.89,105,92,2363,Moderate
26.03,82,73,1448,Normal
35.03,91,6,1168,Normal
37.71,109,94,2396,Moderate
37.75,105,91,2007,Moderate
39.15,151,75,3181,Critical
37.8,102,91,2297,Moderate
40.22,150,49,3143,Critical
38.63,137,93,2759,High
39.2,148,61,3129,Critical
39.19,150,79,3006,Critical
0.8,84,89,377,Normal
38.03,135,93,2996,High
17.86,81,49,18,Normal
22.38,91,13,768,Normal
13.55,68,15,1744,Normal
37.69,111,93,2136,Moderate
37.62,109,92,2330,Moderate
31.64,78,68,1011,Normal
39.24,141,5,3118,Critical
39.96,142,17,3048,Critical
39.52,147,88,3146,Critical
38.04,132,93,2703,High
39.92,153,69,3087,Critical
19.15,82,59,1855,Normal
8.25,77,63,256,Normal
38.39,121,95,2789,High
37.97,119,94,2275,Moderate
39.18,147,78,3029,Critical
37.66,104,91,2049,Moderate
40.34,149,70,3085,Critical
39.28,154,83,3150,Critical
8.5,92,2,1462,Normal
37.58,116,93,2325,Moderate
38.11,136,95,2687,High
37.53,120,90,2276,Moderate
37.95,106,91,2252,Moderate
37.92,108,92,2147,Moderate
38.04,138,94,2632,High
35.51,87,87,449,Normal
38.64,135,94,2802,High
26.9,81,87,1960,Normal
37.8,113,93,2211,Moderate
29.9,69,51,229,Normal
37.84,117,91,2009,Moderate
37.69,116,91,2190,Moderate
40.25,168,61,3007,Critical
37.0,90,63,1382,Normal
18.23,83,46,711,Normal
37.5,120,90,2192,Moderate
37.79,115,91,2342,Moderate
37.26,61,38,1805,Normal
39.46,154,10,3028,Critical
39.57,170,46,3032,Critical
40.04,146,46,3002,Critical
36.73,94,28,122,Normal
19.58,85,50,1514,Normal
38.42,127,93,2553,High
38.08,135,95,2827,High
37.75,120,90,2083,Moderate
24.89,74,18,677,Normal
36.26,81,64,1237,Normal
38.33,133,95,2647,High
31.59,73,82,565,Normal
37.53,101,93,2421,Moderate
38.96,122,93,2551,High
38.02,131,93,2703,High
39.7,161,36,3044,Critical
37.55,104,91,2299,Moderate
38.06,128,95,2566,High
37.61,109,93,2286,Moderate
40.38,165,1,3086,Critical
18.45,71,62,837,Normal
38.26,138,95,2790,High
37.71,101,93,2430,Moderate
38.3,137,93,2971,High
39.66,150,40,3077,Critical
37.99,114,94,2103,Moderate
17.88,91,22,1486,Normal
39.19,142,63,3094,Critical
39.92,148,29,3194,Critical
38.19,132,95,2618,High
30.72,87,23,560,Normal
38.49,138,95,2617,High
37.52,113,90,2271,Moderate
37.73,105,90,2130,Moderate
37.88,117,92,2120,Moderate
38.88,130,95,2669,High
13.81,68,89,1851,Normal
37.72,112,93,2176,Moderate
37.67,114,94,2435,Moderate
38.79,128,94,2872,High
18.44,79,75,444,Normal
37.51,110,93,2138,Moderate
38.48,121,93,2560,High
38.16,121,94,2936,High
38.5,137,93,2503,High
37.82,120,93,2315,Moderate
5.12,84,72,1437,Normal
37.08,83,13,1491,Normal
38.57,121,93,2529,High
37.66,115,93,2265,Moderate
40.03,164,28,3121,Critical
14.83,64,60,593,Normal
39.62,169,26,3030,Critical
37.96,116,90,2163,Moderate
39.72,141,24,3178,Critical
38.34,130,93,2693,High
13.23,89,28,1017,Normal
37.56,101,91,2136,Moderate
37.75,113,91,2481,Moderate
38.76,123,95,2712,High
38.39,133,95,2568,High
40.13,143,88,3064,Critical
8.17,94,50,1373,Normal
5.7,76,7,1103,Normal
37.69,107,93,2108,Moderate
38.76,125,95,2888,High
37.9,119,91,2423,Moderate
39.71,145,83,3024,Critical
38.88,125,95,2726,High
39.56,145,46,3082,Critical
38.05,126,94,2644,High
39.4,160,21,3158,Critical
38.0,104,90,2024,Moderate
37.66,107,92,2473,Moderate
39.4,148,54,3192,Critical
39.54,155,76,3112,Critical
38.94,124,95,2937,High
23.44,72,77,146,Normal
37.52,110,92,2340,Moderate
27.88,60,71,217,Normal
4.08,67,30,1408,Normal
38.34,124,93,2890,High
11.61,85,65,1953,Normal
38.96,140,95,2539,High
16.44,70,79,371,Normal
37.97,106,91,2395,Moderate
38.35,135,94,2758,High
40.39,167,69,3174,Critical
39.07,165,24,3051,Critical
34.93,81,16,1692,Normal
22.97,94,74,632,Normal
30.17,60,68,169,Normal
37.75,119,94,2434,Moderate
5.4,74,39,1982,Normal
37.88,118,92,2104,Moderate
38.04,135,94,2866,High
38.71,136,94,2601,High
38.12,123,95,2561,High
37.78,107,91,2007,Moderate
39.9,141,0,3060,Critical
37.5,102,90,2480,Moderate
38.62,131,94,2793,High
38.79,137,94,2815,High
35.5,66,81,913,Normal
24.57,81,63,1909,Normal
37.85,106,91,2210,Moderate
39.52,159,57,3022,Critical
37.64,112,90,2499,Moderate
39.19,158,36,3095,Critical
39.57,143,72,3076,Critical
6.41,70,44,1247,Normal
38.7,131,93,2563,High
38.96,126,94,2569,High
38.95,130,93,2522,High
37.48,71,49,650,Normal
37.59,106,91,2103,Moderate
38.52,135,95,2848,High
18.03,92,64,1231,Normal
4.96,76,33,135,Normal
38.89,124,95,2666,High
37.58,118,93,2158,Moderate
2.15,84,60,1825,Normal
38.57,130,95,2989,High
37.9,114,91,2391,Moderate
38.29,137,94,2779,High
37.79,115,93,2269,Moderate
8.98,61,81,1492,Normal
38.46,139,95,2610,High
10.99,66,88,1800,Normal
20.23,62,50,312,Normal
37.86,102,90,2241,Moderate
38.51,139,94,2780,High
13.43,85,73,1125,Normal
35.48,73,71,544,Normal
38.28,127,93,2792,High
29.21,92,24,724,Normal
30.45,92,8,1394,Normal
38.22,130,94,2665,High
4.05,93,62,745,Normal
37.12,83,77,1440,Normal
38.7,136,94,2732,High
22.84,91,89,852,Normal
14.87,69,3,963,Normal
5.29,75,71,122,Normal
35.63,65,21,786,Normal
37.78,105,92,2194,Moderate
40.13,155,31,3049,Critical
38.96,140,95,2536,High
38.38,121,93,2772,High
38.68,140,95,2810,High
38.01,135,95,2708,High
39.73,142,57,3165,Critical
39.61,152,11,3035,Critical
13.82,75,2,577,Normal
37.65,113,91,2409,Moderate
37.75,104,92,2049,Moderate
0.71,100,5,1956,Normal
7.49,95,62,1412,Normal
40.45,161,85,3090,Critical
38.78,128,93,2956,High
37.92,109,91,2424,Moderate
12.18,78,57,644,Normal
39.78,141,22,3084,Critical
37.56,115,92,2120,Moderate
37.91,116,93,2165,Moderate
39.85,163,24,3064,Critical
15.73,66,79,1519,Normal
37.68,115,94,2114,Moderate
40.49,150,69,3164,Critical
38.28,139,95,2909,High
38.83,132,93,2990,High
38.89,125,94,2885,High
38.89,128,95,2559,High
31.81,72,4,1678,Normal
39.37,144,65,3124,Critical
39.5,162,21,3058,Critical
40.24,164,4,3130,Critical
37.87,113,94,2152,Moderate
38.87,137,93,2981,High
37.68,120,90,2246,Moderate
39.29,163,72,3081,Critical
38.68,123,94,2940,High
36.35,60,2,1835,Normal
37.53,107,92,2352,Moderate
38.32,137,94,2943,High
13.54,84,88,13,Normal
37.99,114,94,2388,Moderate
37.53,117,93,2125,Moderate
38.28,134,94,2838,High
37.91,111,91,2477,Moderate
37.93,101,90,2151,Moderate
37.72,104,94,2012,Moderate
40.05,154,66,3027,Critical
37.65,104,94,2145,Moderate
37.97,114,93,2157,Moderate
3.93,95,1,1176,Normal
37.5,113,93,2178,Moderate
38.99,123,93,2541,High
37.63,110,91,2463,Moderate
38.31,132,94,2815,High
38.24,134,93,2735,High
6.18,90,41,1777,Normal
38.66,128,93,2805,High
26.43,97,10,1485,Normal
11.59,79,87,648,Normal
37.88,106,90,2451,Moderate
33.51,74,83,369,Normal
38.31,132,94,2652,High
38.4,131,94,2644,High
40.35,145,84,3119,Critical
31.59,92,35,1890,Normal
1.17,93,10,999,Normal
38.84,121,93,2504,High
37.56,111,90,2267,Moderate
32.31,82,1,1249,Normal
39.14,153,5,3050,Critical
39.14,142,17,3102,Critical
38.79,133,95,2984,High
37.52,107,91,2452,Moderate
38.74,131,95,2958,High
37.63,109,90,2194,Moderate
38.6,126,95,2783,High
39.41,148,1,3024,Critical
9.77,93,46,723,Normal
10.57,100,48,1807,Normal
24.19,71,56,1105,Normal
39.63,157,90,3126,Critical
38.56,125,93,2798,High
37.52,109,92,2355,Moderate
39.84,152,52,3161,Critical
37.91,101,94,2162,Moderate
34.11,93,86,1633,Normal
37.65,103,93,2452,Moderate
40.18,153,11,3108,Critical
40.24,141,61,3040,Critical
39.17,148,67,3184,Critical
38.57,129,94,2501,High
37.65,103,90,2228,Moderate
9.8,65,55,25,Normal
38.2,122,95,2687,High
38.38,137,94,2645,High
8.98,66,5,1866,Normal
37.81,107,93,2134,Moderate
37.81,115,91,2301,Moderate
40.08,156,25,3126,Critical
38.28,134,94,2634,High
39.22,164,42,3090,Critical
37.58,101,92,2237,Moderate
39.03,141,87,3104,Critical
37.73,117,92,2247,Moderate
0.04,64,60,1242,Normal
38.05,125,93,2517,High
38.91,133,93,2776,High
38.93,136,93,2869,High
37.84,107,92,2429,Moderate
15.11,74,49,1832,Normal
40.13,147,60,3033,Critical
5.04,76,89,1334,Normal
13.49,68,49,1688,Normal
37.61,104,94,2255,Moderate
38.26,126,94,2666,High
26.19,80,16,1599,Normal
37.65,115,94,2042,Moderate
40.21,170,7,3027,Critical
39.61,159,79,3003,Critical
33.28,76,8,714,Normal
38.52,126,94,2803,High
37.82,108,91,2241,Moderate
37.67,101,93,2427,Moderate
24.53,78,12,999,Normal
39.87,149,46,3148,Critical
37.58,113,92,2309,Moderate
37.57,102,93,2182,Moderate
40.33,168,65,3017,Critical
9.83,63,63,583,Normal
21.78,68,8,1276,Normal
38.66,140,95,2897,High
37.78,102,94,2394,Moderate
39.63,164,37,3128,Critical
37.56,119,93,2476,Moderate
39.76,168,8,3100,Critical
35.39,99,46,704,Normal
25.57,76,13,802,Normal
10.6,90,16,101,Normal
37.89,106,91,2303,Moderate
37.78,101,94,2265,Moderate
40.4,145,63,3082,Critical
38.26,135,94,2622,High
40.49,158,22,3160,Critical
38.85,121,95,2678,High
39.89,166,83,3069,Critical
39.48,157,17,3072,Critical
38.91,127,94,2896,High
37.71,106,92,2331,Moderate
40.41,162,69,3034,Critical
39.96,145,18,3064,Critical
38.93,137,95,2722,High
38.72,138,94,2662,High
37.65,115,92,2426,Moderate
39.36,155,53,3043,Critical
39.95,147,67,3182,Critical
39.74,150,47,3073,Critical
40.35,146,89,3007,Critical
37.68,113,90,2305,Moderate
2.36,98,40,1326,Normal
38.17,139,94,2677,High
3.58,66,31,688,Normal
40.3,170,60,3175,Critical
38.3,138,93,2726,High
37.52,116,94,2211,Moderate
37.95,112,94,2393,Moderate
37.64,117,92,2109,Moderate
15.73,92,57,1907,Normal
10.78,100,13,1377,Normal
39.39,160,47,3109,Critical
40.25,169,18,3004,Critical
38.25,124,95,2511,High
38.45,137,93,2566,High
37.88,109,92,2107,Moderate
7.59,85,55,704,Normal
4.62,99,76,1010,Normal
11.61,72,66,879,Normal
39.03,150,25,3086,Critical
27.94,63,86,1119,Normal
37.9,107,90,2032,Moderate
38.47,126,94,2613,High
32.02,91,40,1376,Normal
11.78,88,46,334,Normal
37.53,106,91,2133,Moderate
37.55,112,92,2078,Moderate
38.74,124,94,2562,High
39.84,160,45,3128,Critical
37.64,112,91,2170,Moderate
39.22,152,76,3067,Critical
38.9,127,95,2981,High
16.94,71,44,1663,Normal
37.75,112,90,2460,Moderate
11.84,67,41,1194,Normal
38.51,136,95,2515,High
38.12,139,94,2554,High
40.37,158,77,3089,Critical
38.69,124,95,2717,High
15.64,68,38,648,Normal
39.81,148,80,3059,Critical
37.62,107,91,2414,Moderate
38.94,124,93,2980,High
34.83,76,68,845,Normal
37.82,116,93,2458,Moderate
38.89,124,94,2842,High
37.78,102,93,2264,Moderate
29.06,74,6,1394,Normal
39.2,146,18,3051,Critical
38.3,123,94,2810,High
38.62,130,93,2633,High
37.64,109,94,2338,Moderate
38.94,124,94,2812,High
37.64,108,91,2151,Moderate
39.16,165,63,3107,Critical
37.59,118,93,2441,Moderate
40.36,158,86,3082,Critical
40.49,166,67,3020,Critical
39.86,169,69,3199,Critical
38.38,135,94,2559,High
37.58,114,94,2150,Moderate
39.89,147,83,3184,Critical
38.33,133,93,2846,High
37.69,110,91,2179,Moderate
39.33,141,39,3053,Critical
37.82,111,92,2023,Moderate
37.97,112,91,2436,Moderate
40.24,162,11,3016,Critical
37.82,117,92,2158,Moderate
38.12,130,94,2889,High
38.6,138,93,2971,High
37.54,110,92,2312,Moderate
5.78,77,49,1061,Normal
31.39,66,58,1604,Normal
37.78,120,91,2311,Moderate
17.69,96,13,591,Normal
29.06,84,75,478,Normal
37.75,120,92,2094,Moderate
38.31,127,95,2816,High
37.72,106,91,2326,Moderate
37.61,118,94,2328,Moderate
39.98,162,37,3024,Critical
39.31,152,0,3182,Critical
29.68,82,56,349,Normal
22.96,87,63,1498,Normal
17.62,85,17,1954,Normal
37.7,106,92,2201,Moderate
37.5,116,91,2232,Moderate
39.83,155,50,3094,Critical
37.78,110,92,2475,Moderate
12.43,96,42,1030,Normal
39.73,162,61,3045,Critical
39.67,147,86,3053,Critical
37.8,106,90,2107,Moderate
38.84,132,95,2698,High
40.0,150,2,3095,Critical
15.22,82,81,1862,Normal
17.34,78,15,1778,Normal
40.11,160,22,3191,Critical
37.6,109,90,2473,Moderate
10.92,72,33,1484,Normal
37.91,111,91,2362,Moderate
37.96,118,94,2170,Moderate
15.9,83,40,724,Normal
38.02,140,94,2986,High
2.3,71,67,1125,Normal
28.57,61,44,469,Normal
38.7,138,93,2899,High
38.97,130,94,2634,High
37.58,113,92,2112,Moderate
38.76,130,95,2958,High
38.31,125,95,2749,High
18.44,95,14,473,Normal
39.69,167,1,3043,Critical
38.57,132,94,2959,High
37.91,113,92,2208,Moderate
39.57,162,49,3193,Critical
38.83,123,93,2944,High
39.0,152,78,3151,Critical
0.72,71,56,1859,Normal
37.69,103,94,2441,Moderate
40.31,141,51,3091,Critical
37.78,118,94,2233,Moderate
37.64,112,91,2268,Moderate
37.52,107,92,2245,Moderate
39.93,144,18,3188,Critical
40.07,169,8,3198,Critical
38.07,122,94,2853,High
38.5,125,93,2818,High
39.94,168,72,3081,Critical
23.49,96,76,965,Normal
39.92,144,15,3007,Critical
38.0,108,91,2353,Moderate
30.51,65,65,1767,Normal
38.08,131,93,2623,High
40.13,143,62,3112,Critical
39.53,154,78,3014,Critical
38.45,126,94,2562,High
7.93,67,56,876,Normal
39.15,157,71,3026,Critical
28.93,79,76,1485,Normal
39.65,168,23,3110,Critical
37.71,111,94,2169,Moderate
17.08,66,89,1427,Normal
37.87,120,94,2007,Moderate
3.94,77,80,342,Normal
21.0,64,26,1341,Normal
37.52,117,94,2432,Moderate
39.08,159,10,3155,Critical
37.77,101,93,2032,Moderate
37.68,110,92,2114,Moderate
38.43,135,95,2722,High
39.5,150,83,3046,Critical
33.57,78,13,1311,Normal
37.52,116,92,2255,Moderate
40.25,166,35,3195,Critical
31.21,67,58,277,Normal
38.55,132,95,2727,High
40.39,141,32,3087,Critical
37.71,103,90,2032,Moderate
40.2,168,86,3008,Critical
37.61,112,91,2424,Moderate
40.01,164,58,3129,Critical
38.02,138,93,2524,High
38.71,139,95,2541,High
37.95,118,94,2123,Moderate
3.87,92,22,1847,Normal
22.52,80,48,1483,Normal
7.48,89,76,258,Normal
38.61,131,93,2950,High
38.41,134,94,2992,High
39.45,158,33,3093,Critical
37.58,116,90,2366,Moderate
38.52,133,94,2512,High
23.78,64,5,1579,Normal
38.68,138,95,2996,High
37.84,109,92,2108,Moderate
37.65,109,94,2480,Moderate
37.55,117,92,2166,Moderate
40.26,151,45,3150,Critical
40.12,142,87,3054,Critical
30.09,65,60,816,Normal
39.15,144,36,3197,Critical
25.26,89,3,440,Normal
16.33,90,87,1825,Normal
10.64,74,22,735,Normal
38.12,122,95,2590,High
26.84,72,38,1590,Normal
37.96,114,91,2402,Moderate
38.34,130,93,2755,High
28.46,82,70,665,Normal
39.94,160,86,3106,Critical
27.21,79,63,1554,Normal
37.73,118,91,2228,Moderate
37.58,108,93,2293,Moderate
37.62,109,91,2407,Moderate
5.27,97,27,1671,Normal
40.24,151,82,3162,Critical
38.45,123,93,2695,High
37.86,105,94,2396,Moderate
39.43,166,18,3012,Critical
39.4,157,44,3064,Critical
40.27,154,15,3178,Critical
38.08,132,94,2806,High
30.85,82,73,467,Normal
40.29,168,24,3007,Critical
39.8,145,46,3056,Critical
39.23,168,36,3115,Critical
39.97,141,83,3188,Critical
37.67,102,94,2168,Moderate
39.77,149,23,3112,Critical
39.32,164,82,3009,Critical
37.75,116,92,2331,Moderate
11.47,87,30,1543,Normal
37.94,103,93,2160,Moderate
37.91,106,94,2251,Moderate
38.94,123,93,2958,High
40.35,159,14,3112,Critical
40.16,153,45,3199,Critical
40.12,144,50,3024,Critical
39.61,148,27,3115,Critical
12.06,91,50,904,Normal
38.12,127,93,2593,High
16.57,94,39,472,Normal
39.08,166,83,3016,Critical
37.62,102,92,2163,Moderate
37.51,114,94,2254,Moderate
36.91,92,53,1337,Normal
25.17,73,63,404,Normal
12.27,78,55,971,Normal
38.82,128,95,2553,High
39.06,158,37,3028,Critical
37.62,117,94,2452,Moderate
40.26,156,30,3114,Critical
10.27,75,19,527,Normal
39.13,150,76,3005,Critical
37.66,114,92,2260,Moderate
27.83,98,11,91,Normal
37.65,110,92,2463,Moderate
16.95,95,76,1923,Normal
38.1,139,94,2548,High
38.56,130,94,2956,High
40.29,146,2,3022,Critical
39.42,165,60,3039,Critical
39.03,146,57,3107,Critical
38.43,134,95,2521,High
37.93,107,92,2070,Moderate
40.11,142,21,3002,Critical
38.36,138,95,2899,High
39.89,168,46,3114,Critical
37.77,113,90,2460,Moderate
39.44,164,85,3140,Critical
7.7,94,62,1763,Normal
32.56,97,37,346,Normal
37.82,113,93,2452,Moderate
37.52,118,93,2091,Moderate
38.59,125,95,2801,High
39.74,166,83,3085,Critical
37.61,102,90,2138,Moderate
12.49,72,22,1744,Normal
39.86,144,55,3071,Critical
38.06,135,94,2533,High
39.56,164,48,3140,Critical
37.83,119,90,2239,Moderate
38.68,138,94,2659,High
38.72,124,95,2594,High
37.94,116,91,2096,Moderate
38.93,130,94,2785,High
24.15,81,26,1078,Normal
29.68,63,59,804,Normal
38.76,121,95,2519,High
29.75,68,84,1983,Normal
39.74,161,40,3071,Critical
37.89,106,91,2426,Moderate
38.59,129,95,2518,High
29.33,85,78,1415,Normal
37.53,120,91,2080,Moderate
39.87,145,6,3025,Critical
36.1,67,24,44,Normal
39.93,163,18,3002,Critical
38.4,122,95,2764,High
40.39,152,14,3092,Critical
39.89,168,36,3153,Critical
37.88,104,94,2097,Moderate
39.08,142,44,3186,Critical
22.09,86,68,1276,Normal
38.25,125,93,2830,High
19.15,72,79,494,Normal
38.68,139,94,2712,High
38.41,126,94,2856,High
39.94,167,15,3148,Critical
38.73,123,95,2968,High
38.59,122,93,2642,High
36.94,87,51,1488,Normal
37.73,120,94,2036,Moderate
38.85,127,93,2937,High
38.46,128,95,2959,High
38.14,121,94,2640,High
37.85,111,90,2167,Moderate
38.22,130,93,2732,High
39.3,159,73,3059,Critical
38.55,128,93,2762,High
39.9,152,22,3150,Critical
39.43,148,3,3013,Critical
37.65,111,90,2193,Moderate
37.82,106,90,2316,Moderate
37.92,118,91,2127,Moderate
38.38,123,94,2977,High
37.89,112,94,2271,Moderate
27.24,73,64,1546,Normal
37.56,114,90,2248,Moderate
40.36,170,53,3050,Critical
2.32,90,37,1312,Normal
40.49,147,62,3081,Critical
39.24,155,25,3012,Critical
38.34,132,95,2625,High
10.54,76,9,837,Normal
6.81,61,64,425,Normal
40.12,163,73,3056,Critical
40.36,161,82,3006,Critical
28.05,66,25,1506,Normal
37.6,104,93,2180,Moderate
26.89,100,12,1275,Normal
39.62,159,28,3106,Critical
4.54,90,58,39,Normal
13.62,97,30,255,Normal
0.7,87,64,122,Normal
38.29,123,93,2863,High
37.6,113,90,2412,Moderate
40.47,144,62,3121,Critical
39.79,150,56,3130,Critical
28.02,82,0,137,Normal
39.47,166,77,3085,Critical
37.93,116,90,2104,Moderate
37.73,118,94,2254,Moderate
26.54,87,47,1962,Normal
37.56,101,92,2216,Moderate
37.94,109,92,2279,Moderate
37.72,116,91,2102,Moderate
37.63,111,92,2016,Moderate
37.58,107,91,2217,Moderate
38.89,127,93,2732,High
17.38,73,18,1990,Normal
39.07,151,57,3069,Critical
37.53,116,92,2108,Moderate
37.91,115,92,2229,Moderate
20.97,81,8,1624,Normal
38.87,132,93,2978,High
7.45,60,43,739,Normal
39.35,160,23,3039,Critical
38.61,125,95,2853,High
16.79,67,34,509,Normal
39.15,151,41,3179,Critical
38.28,121,93,2713,High
37.63,104,93,2399,Moderate
38.94,139,93,2817,High
37.81,101,93,2145,Moderate
30.81,76,90,1024,Normal
30.42,69,60,103,Normal
18.98,68,54,1638,Normal
37.51,103,92,2445,Moderate
37.92,117,94,2219,Moderate
39.05,166,1,3138,Critical
39.08,151,7,3001,Critical
39.77,159,33,3178,Critical
0.64,80,71,281,Normal
37.58,117,93,2158,Moderate
38.05,139,93,2935,High
40.14,163,87,3047,Critical
39.72,149,86,3003,Critical
39.11,145,74,3129,Critical
39.45,161,8,3084,Critical
37.64,110,93,2102,Moderate
37.7,106,91,2210,Moderate
33.4,73,32,1944,Normal
37.53,101,90,2377,Moderate
37.52,101,91,2467,Moderate
39.1,155,89,3047,Critical
37.92,109,92,2290,Moderate
37.77,113,92,2447,Moderate
20.43,95,79,814,Normal
37.81,116,93,2127,Moderate
38.28,123,95,2522,High
39.37,158,86,3172,Critical
40.09,153,27,3180,Critical
38.03,122,94,2898,High
37.75,116,92,2455,Moderate
38.34,121,93,2860,High
37.9,109,90,2321,Moderate
13.19,66,36,258,Normal
37.97,108,90,2174,Moderate
40.08,166,3,3080,Critical
39.59,159,68,3152,Critical
39.1,154,62,3008,Critical
13.19,60,31,1415,Normal
40.07,170,32,3188,Critical
29.9,83,77,1568,Normal
39.08,150,0,3156,Critical
37.87,116,90,2038,Moderate
27.79,89,44,1179,Normal
37.59,106,92,2497,Moderate
27.82,92,55,1884,Normal
15.35,82,64,148,Normal
35.58,69,14,99,Normal
38.51,140,93,2918,High
39.13,156,19,3185,Critical
38.43,123,93,2574,High
37.63,106,93,2352,Moderate
39.51,157,77,3095,Critical
36.32,89,72,933,Normal
39.7,141,3,3013,Critical
30.08,82,40,703,Normal
18.17,72,81,1870,Normal
37.73,119,93,2296,Moderate
39.94,168,41,3098,Critical
18.62,68,50,1317,Normal
39.51,154,22,3101,Critical
39.0,138,95,2831,High
9.21,61,0,859,Normal
37.74,103,91,2046,Moderate
37.67,106,92,2215,Moderate
40.48,169,86,3140,Critical
37.76,114,90,2127,Moderate
39.88,156,62,3136,Critical
29.11,81,76,954,Normal
38.82,123,94,2921,High
27.0,77,0,1776,Normal
6.74,71,33,1825,Normal
39.53,159,6,3117,Critical
37.66,106,90,2341,Moderate
38.56,139,94,2730,High
40.27,170,37,3051,Critical
39.68,170,16,3198,Critical
38.73,133,95,2890,High
40.45,147,1,3176,Critical
37.85,120,94,2279,Moderate
38.97,135,95,2600,High
10.34,78,22,237,Normal
37.61,103,94,2170,Moderate
38.02,139,95,2615,High
38.5,132,94,2636,High
39.28,144,30,3158,Critical
39.16,141,84,3003,Critical
40.03,150,85,3151,Critical
38.89,134,94,2671,High
16.02,76,51,1606,Normal
28.71,71,24,972,Normal
38.58,138,94,2841,High
8.47,60,17,1382,Normal
30.04,82,29,1950,Normal
39.11,167,89,3108,Critical
38.55,137,93,2761,High
39.65,145,73,3143,Critical
37.96,118,90,2279,Moderate
38.27,140,93,2873,High
21.6,63,19,836,Normal
40.09,155,56,3128,Critical
37.78,107,94,2360,Moderate
37.51,118,91,2098,Moderate
33.79,73,55,1408,Normal
37.79,110,92,2423,Moderate
13.75,68,53,793,Normal
40.46,158,20,3022,Critical
37.76,112,91,2491,Moderate
30.44,66,23,613,Normal
37.56,106,91,2139,Moderate
39.98,161,50,3064,Critical
37.87,103,90,2045,Moderate
40.04,166,44,3035,Critical
37.75,117,93,2438,Moderate
40.49,141,61,3168,Critical
37.76,120,90,2246,Moderate
15.29,78,58,1253,Normal
5.84,99,4,805,Normal
38.18,127,95,2817,High
14.97,63,79,1109,Normal
38.69,125,95,2956,High
39.38,165,42,3167,Critical
38.94,130,95,2708,High
37.6,110,91,2429,Moderate
39.03,144,79,3082,Critical
39.26,164,50,3029,Critical
38.6,134,94,2580,High
31.55,73,53,1171,Normal
37.79,112,94,2299,Moderate
37.53,110,92,2005,Moderate
39.25,154,32,3157,Critical
40.19,152,43,3090,Critical
37.7,111,92,2054,Moderate
39.1,152,86,3016,Critical
37.57,107,94,2025,Moderate
32.31,76,71,581,Normal
40.37,151,71,3099,Critical
38.04,129,95,2634,High
33.34,75,25,1176,Normal
38.99,128,95,2547,High
38.22,132,93,2611,High
37.74,102,92,2389,Moderate
23.1,77,86,79,Normal
9.66,81,33,458,Normal
39.03,145,34,3006,Critical
39.02,151,29,3100,Critical
37.77,105,94,2133,Moderate
37.86,106,94,2163,Moderate
38.47,122,94,2748,High
38.37,126,95,2538,High
37.68,106,94,2496,Moderate
39.72,155,22,3154,Critical
39.56,159,52,3137,Critical
39.7,145,23,3200,Critical
37.88,111,91,2089,Moderate
38.2,137,94,2889,High
24.9,60,38,1441,Normal
37.57,101,92,2283,Moderate
37.6,107,90,2481,Moderate
37.74,113,91,2141,Moderate
40.32,144,61,3102,Critical
15.01,67,11,377,Normal
37.57,101,93,2153,Moderate
18.97,80,1,1222,Normal
38.52,129,94,2690,High
39.99,155,83,3058,Critical
37.54,117,90,2451,Moderate
19.03,95,2,1035,Normal
37.71,103,91,2310,Moderate
39.29,143,84,3088,Critical
38.4,138,93,2550,High
40.04,155,85,3002,Critical
39.77,169,62,3143,Critical
32.13,92,53,405,Normal
38.63,125,94,2964,High
38.52,129,94,2998,High
39.58,158,5,3101,Critical
40.41,162,40,3089,Critical
37.61,103,93,2278,Moderate
40.39,155,86,3094,Critical
21.29,71,1,454,Normal
18.5,98,60,1460,Normal
39.37,144,38,3089,Critical
37.67,110,94,2368,Moderate
30.54,81,41,688,Normal
2.67,88,6,85,Normal
3.06,77,26,589,Normal
38.24,139,94,2827,High
37.85,101,91,2166,Moderate
40.35,152,19,3182,Critical
9.18,67,23,495,Normal
38.98,125,94,2680,High
39.99,159,45,3090,Critical
37.85,103,93,2074,Moderate
40.46,141,41,3136,Critical
38.24,132,95,2569,High
37.51,111,93,2258,Moderate
0.0,97,76,911,Normal
14.36,97,15,506,Normal
37.56,109,93,2369,Moderate
40.03,147,18,3151,Critical
29.5,97,68,1681,Normal
37.68,112,91,2386,Moderate
39.83,141,87,3193,Critical
19.52,71,19,1635,Normal
38.62,134,94,2649,High
5.26,99,26,1630,Normal
37.59,104,91,2363,Moderate
17.04,88,58,1465,Normal
38.16,131,94,2946,High
15.99,65,5,782,Normal
23.3,60,59,1838,Normal
38.24,134,93,2596,High
25.57,71,1,782,Normal
38.04,121,95,2946,High
3.25,69,68,148,Normal
37.81,107,91,2005,Moderate
24.36,89,13,1880,Normal
37.61,114,90,2133,Moderate
40.08,154,72,3147,Critical
37.61,104,92,2424,Moderate
39.44,150,12,3109,Critical
37.54,107,92,2301,Moderate
40.48,168,47,3193,Critical
32.63,74,70,1995,Normal
37.52,112,92,2450,Moderate
37.83,104,92,2488,Moderate
37.53,116,93,2347,Moderate
39.05,164,41,3074,Critical
25.16,87,66,316,Normal
38.19,122,93,2964,High
25.02,65,41,1787,Normal
37.75,103,92,2465,Moderate
40.23,143,84,3029,Critical
37.81,120,90,2020,Moderate
24.89,64,54,1390,Normal
4.27,64,45,1588,Normal
37.88,105,94,2290,Moderate
39.16,146,15,3150,Critical
37.54,118,91,2089,Moderate
26.29,94,1,1656,Normal
2.08,71,23,1219,Normal
38.8,130,95,2729,High
37.56,116,94,2364,Moderate
37.59,106,90,2380,Moderate
37.66,108,90,2410,Moderate
39.29,141,19,3019,Critical
39.86,167,65,3191,Critical
38.87,134,95,2670,High
39.06,157,86,3129,Critical
40.17,146,81,3130,Critical
38.61,138,95,2756,High
37.96,103,92,2354,Moderate
18.06,66,70,1035,Normal
37.56,120,92,2486,Moderate
37.81,105,90,2486,Moderate
39.82,159,34,3193,Critical
16.13,71,35,752,Normal
34.6,63,57,1710,Normal
37.97,106,90,2256,Moderate
37.99,112,90,2488,Moderate
37.92,102,92,2269,Moderate
37.84,102,94,2488,Moderate
38.42,134,94,2701,High
39.73,158,28,3175,Critical
37.52,116,93,2497,Moderate
39.39,143,24,3117,Critical
38.11,138,94,2731,High
10.5,62,27,544,Normal
38.73,122,93,2610,High
37.78,114,90,2149,Moderate
11.45,63,70,1100,Normal
37.67,108,93,2044,Moderate
37.82,105,92,2156,Moderate
37.95,111,90,2239,Moderate
37.91,105,93,2111,Moderate
3.5,95,25,1969,Normal
37.6,114,92,2230,Moderate
17.63,61,52,718,Normal
40.05,143,29,3092,Critical
39.81,146,48,3174,Critical
15.76,68,76,901,Normal
38.22,121,94,2751,High
37.86,108,93,2119,Moderate
39.2,162,68,3070,Critical
39.43,153,58,3127,Critical
9.55,99,41,521,Normal
40.14,153,7,3185,Critical
38.16,137,93,2779,High
39.84,155,39,3169,Critical
38.63,132,93,2554,High
38.06,138,95,2900,High
40.4,148,62,3114,Critical
9.28,94,58,1924,Normal
39.1,170,50,3170,Critical
37.95,103,94,2151,Moderate
38.46,131,93,2704,High
39.89,162,4,3182,Critical
39.85,148,2,3165,Critical
38.3,140,93,2526,High
4.63,61,15,411,Normal
39.96,160,26,3027,Critical
38.7,133,93,2705,High
39.62,156,50,3056,Critical
40.42,166,63,3045,Critical
37.85,111,94,2315,Moderate
14.63,88,79,478,Normal
17.52,99,19,373,Normal
18.27,97,64,897,Normal
3.49,79,17,1653,Normal
40.02,168,63,3099,Critical
37.27,66,86,481,Normal
26.69,72,41,1,Normal
37.77,118,93,2280,Moderate
40.46,168,33,3175,Critical
16.35,95,30,1957,Normal
38.38,127,93,2591,High
27.4,74,10,878,Normal
40.28,158,7,3012,Critical
38.08,132,94,2548,High
37.77,113,93,2174,Moderate
37.61,104,93,2493,Moderate
40.48,160,65,3157,Critical
38.95,139,94,2669,High
40.05,164,69,3010,Critical
37.78,109,94,2008,Moderate
33.07,75,27,1770,Normal
38.69,121,93,2801,High
10.39,72,6,1027,Normal
38.03,139,95,2650,High
37.7,110,91,2134,Moderate
40.38,146,29,3026,Critical
39.27,141,90,3094,Critical
39.04,160,25,3007,Critical
38.98,127,93,2601,High
4.48,95,76,1677,Normal
37.92,104,90,2068,Moderate
38.07,135,93,2640,High
37.79,117,91,2031,Moderate
34.9,78,28,609,Normal
38.18,136,93,2940,High
37.68,120,92,2392,Moderate
17.56,62,70,1859,Normal
38.44,135,94,2840,High
38.71,125,93,2611,High
37.9,115,94,2437,Moderate
40.32,169,83,3019,Critical
39.06,152,78,3013,Critical
1.59,81,38,54,Normal
39.66,145,0,3181,Critical
33.47,93,46,617,Normal
40.43,141,3,3121,Critical
23.03,93,58,1663,Normal
37.64,101,93,2289,Moderate
28.39,99,32,538,Normal
38.06,123,95,2993,High
39.23,166,47,3044,Critical
40.44,159,83,3024,Critical
38.9,130,94,2821,High
37.72,101,90,2283,Moderate
38.14,139,95,2603,High
37.83,104,92,2071,Moderate
7.92,72,51,117,Normal
10.51,87,72,1091,Normal
36.36,83,15,639,Normal
39.49,144,84,3026,Critical
37.92,111,90,2121,Moderate
37.73,115,90,2149,Moderate
40.23,146,76,3100,Critical
38.34,137,95,2593,High
38.34,135,93,2852,High
37.83,105,90,2192,Moderate
14.34,61,78,285,Normal
40.29,143,75,3108,Critical
17.6,92,23,874,Normal
39.92,160,49,3163,Critical
10.11,86,54,1901,Normal
19.67,100,23,1734,Normal
39.81,156,18,3130,Critical
26.67,67,87,730,Normal
37.85,107,94,2143,Moderate
38.58,140,93,2585,High
40.26,165,36,3092,Critical
39.62,148,60,3151,Critical
20.65,76,40,1612,Normal
38.36,121,95,2674,High
18.42,92,68,1426,Normal
35.74,72,44,1541,Normal
20.42,70,35,396,Normal
20.62,65,75,1424,Normal
38.72,133,94,2830,High
38.93,129,94,2969,High
38.1,135,94,2786,High
38.07,126,94,2824,High
37.95,117,93,2060,Moderate
26.73,75,64,519,Normal
20.5,83,69,1714,Normal
38.58,137,95,2901,High
19.05,98,2,1717,Normal
34.42,71,8,1752,Normal
38.14,134,93,2597,High
38.58,127,95,2538,High
6.42,75,41,568,Normal
40.36,154,55,3008,Critical
5.58,90,13,1472,Normal
39.27,163,20,3043,Critical
8.68,78,77,408,Normal
37.7,113,94,2438,Moderate
23.24,85,73,1251,Normal
24.15,67,74,1868,Normal
39.18,142,71,3126,Critical
34.5,94,88,816,Normal
37.67,115,94,2055,Moderate
38.92,132,93,2705,High
39.7,153,74,3118,Critical
37.84,102,93,2215,Moderate
9.96,67,60,1686,Normal
37.75,118,93,2389,Moderate
8.65,78,13,1088,Normal
40.46,157,4,3069,Critical
38.37,125,95,2506,High
39.51,170,48,3120,Critical
40.45,147,1,3020,Critical
38.64,124,94,2500,High
38.51,136,93,2948,High
39.15,159,69,3112,Critical
39.07,169,28,3124,Critical
38.53,135,93,2650,High
39.53,161,23,3061,Critical
19.21,73,21,870,Normal
38.66,132,93,2704,High
37.62,111,92,2236,Moderate
38.09,134,93,2551,High
38.99,126,94,2659,High
37.68,109,92,2236,Moderate
37.61,108,91,2336,Moderate
38.57,138,93,2835,High
37.89,103,90,2359,Moderate
39.1,141,0,3045,Critical
38.18,127,94,2830,High
37.82,118,94,2078,Moderate
40.26,164,89,3077,Critical
1.46,85,39,1779,Normal
38.63,121,95,2895,High
39.4,146,87,3041,Critical
37.97,114,94,2397,Moderate
40.16,159,14,3149,Critical
35.59,91,46,718,Normal
39.89,158,48,3181,Critical
39.31,162,33,3002,Critical
21.62,82,80,325,Normal
38.71,131,94,2858,High
37.8,105,93,2174,Moderate
38.8,134,95,2671,High
22.65,68,33,1580,Normal
28.24,98,47,181,Normal
40.24,165,10,3111,Critical
38.51,135,93,2552,High
39.42,145,36,3194,Critical
37.54,101,92,2094,Moderate
11.54,89,53,1015,Normal
38.55,127,93,2629,High
38.47,127,95,2874,High
37.79,108,90,2219,Moderate
6.9,100,33,1936,Normal
37.75,108,94,2174,Moderate
39.89,154,43,3166,Critical
40.15,150,16,3078,Critical
37.55,113,93,2439,Moderate
10.91,81,72,1649,Normal
37.5,104,90,2189,Moderate
37.82,110,93,2280,Moderate
23.29,85,3,693,Normal
38.01,124,94,2808,High
6.68,83,88,1101,Normal
37.9,103,93,2083,Moderate
5.14,77,48,1434,Normal
40.28,169,4,3044,Critical
12.42,78,0,1803,Normal
37.96,104,92,2090,Moderate
34.34,64,7,282,Normal
39.34,170,32,3035,Critical
40.1,150,83,3076,Critical
37.51,108,92,2002,Moderate
38.49,124,95,2958,High
36.03,86,54,1821,Normal
9.5,75,54,505,Normal
19.54,66,53,700,Normal
39.75,165,44,3068,Critical
38.2,136,93,2772,High
38.51,122,93,2629,High
34.52,69,14,463,Normal
38.83,132,94,2890,High
37.66,119,90,2154,Moderate
40.16,170,44,3000,Critical
35.93,69,13,974,Normal
37.75,114,94,2499,Moderate
38.12,125,94,2777,High
37.52,113,90,2396,Moderate
40.18,153,2,3192,Critical
32.63,95,70,1690,Normal
38.68,124,95,2535,High
38.77,121,93,2682,High
38.89,123,93,2746,High
40.43,149,28,3151,Critical
37.95,104,93,2369,Moderate
37.78,104,93,2382,Moderate
39.02,148,3,3129,Critical
38.76,124,95,2863,High
38.38,127,95,2891,High
38.99,137,95,2833,High
39.31,144,6,3071,Critical
9.99,99,16,988,Normal
38.14,137,93,2764,High
39.17,146,27,3178,Critical
39.84,161,2,3126,Critical
11.79,79,86,544,Normal
37.74,111,90,2455,Moderate
37.7,110,90,2162,Moderate
1.35,81,66,641,Normal
39.53,167,48,3078,Critical
38.46,137,95,2647,High
40.21,168,90,3189,Critical
38.2,133,93,2868,High
39.93,144,79,3126,Critical
10.95,97,58,517,Normal
19.37,60,58,1462,Normal
39.66,148,29,3040,Critical
37.54,116,93,2017,Moderate
25.34,76,36,853,Normal
37.64,119,91,2057,Moderate
39.05,169,37,3051,Critical
39.4,142,68,3128,Critical
37.93,118,93,2463,Moderate
39.81,143,69,3090,Critical
8.85,94,5,1160,Normal
10.23,92,43,346,Normal
40.29,150,60,3131,Critical
36.07,88,70,399,Normal
35.06,60,80,1726,Normal
3.0,73,86,1000,Normal
39.42,156,47,3012,Critical
2.43,60,45,1154,Normal
16.81,89,87,1091,Normal
21.64,61,10,323,Normal
38.11,127,93,2780,High
25.17,94,28,1483,Normal
40.29,155,74,3014,Critical
37.72,112,94,2247,Moderate
38.38,136,95,2523,High
39.71,168,28,3008,Critical
37.99,107,94,2172,Moderate
39.89,153,53,3052,Critical
38.18,121,95,2879,High
14.33,90,61,1728,Normal
13.61,98,3,237,Normal
8.02,100,38,1227,Normal
20.49,98,87,1362,Normal
37.53,110,91,2209,Moderate
38.05,125,93,2980,High
13.34,60,44,367,Normal
37.7,111,92,2481,Moderate
38.75,138,93,2957,High
39.29,151,38,3150,Critical
9.05,69,9,1059,Normal
40.14,148,48,3169,Critical
30.58,93,83,1808,Normal
38.62,122,93,2881,High
37.73,101,94,2402,Moderate
39.64,156,89,3142,Critical
37.78,118,93,2091,Moderate
40.03,148,52,3132,Critical
37.92,113,91,2331,Moderate
37.52,108,90,2109,Moderate
37.62,116,94,2394,Moderate
23.39,73,43,1621,Normal
38.65,121,94,2586,High
0.13,69,26,449,Normal
40.07,159,43,3198,Critical
37.57,116,93,2415,Moderate
37.58,108,92,2362,Moderate
38.99,133,95,2908,High
21.71,85,82,706,Normal
37.58,116,93,2185,Moderate
31.2,85,33,572,Normal
4.62,89,62,1998,Normal
40.07,166,70,3003,Critical
37.7,105,94,2252,Moderate
37.71,101,90,2195,Moderate
37.79,109,91,2374,Moderate
25.23,85,20,1766,Normal
39.19,147,18,3141,Critical
35.67,77,43,1058,Normal
38.0,109,94,2110,Moderate
39.34,166,60,3154,Critical
37.25,97,80,1836,Normal
39.87,156,42,3093,Critical
39.74,158,2,3030,Critical
40.19,146,67,3040,Critical
26.57,98,31,810,Normal
39.76,146,25,3131,Critical
38.26,139,95,2939,High
11.94,60,9,424,Normal
1.07,79,17,805,Normal
38.21,121,94,2729,High
40.33,153,54,3090,Critical
38.55,123,94,2825,High
39.26,161,24,3039,Critical
37.59,117,93,2112,Moderate
38.24,134,93,2693,High
38.72,128,94,2761,High
37.73,115,94,2098,Moderate
13.76,66,23,1165,Normal
40.31,157,26,3031,Critical
38.66,129,95,2967,High
37.85,120,90,2221,Moderate
38.82,128,93,2974,High
39.87,150,48,3105,Critical
27.38,64,56,1032,Normal
37.99,116,91,2486,Moderate
37.69,114,90,2444,Moderate
38.83,129,94,2731,High
40.16,151,13,3072,Critical
13.61,78,52,1325,Normal
1.14,69,31,756,Normal
39.11,159,72,3198,Critical
38.99,137,94,2839,High
38.12,135,95,2749,High
38.67,139,94,2662,High
38.28,128,95,2942,High
37.75,114,93,2449,Moderate
31.1,65,21,1644,Normal
39.55,150,18,3030,Critical
38.11,124,93,2767,High
37.64,105,91,2227,Moderate
37.68,112,92,2094,Moderate
38.24,138,95,2875,High
39.12,156,71,3121,Critical
17.4,69,35,1912,Normal
40.23,149,90,3014,Critical
17.66,66,84,1754,Normal
37.73,116,92,2114,Moderate
37.97,120,90,2262,Moderate
37.14,85,46,105,Normal
38.78,130,93,2976,High
37.6,111,90,2428,Moderate
37.5,108,90,2243,Moderate
39.04,154,6,3000,Critical
39.57,169,56,3146,Critical
40.43,167,44,3100,Critical
37.52,106,90,2069,Moderate
37.98,118,94,2310,Moderate
23.12,60,3,288,Normal
4.76,83,80,1835,Normal
37.73,112,92,2312,Moderate
36.98,100,0,1950,Normal
37.86,113,94,2450,Moderate
37.89,109,91,2419,Moderate
39.24,156,35,3129,Critical
38.58,136,93,2900,High
38.76,127,94,2699,High
15.53,74,51,545,Normal
13.05,72,53,1108,Normal
37.72,107,92,2375,Moderate
37.86,104,91,2055,Moderate
37.91,115,90,2461,Moderate
21.17,75,57,1551,Normal
6.1,63,15,1836,Normal
40.45,168,13,3072,Critical
38.42,132,94,2981,High
38.78,125,93,2693,High
37.66,116,90,2496,Moderate
38.14,126,94,2921,High
37.89,101,90,2239,Moderate
37.79,120,91,2432,Moderate
37.54,102,90,2072,Moderate
14.99,89,25,248,Normal
37.79,108,91,2073,Moderate
37.84,108,93,2001,Moderate
28.43,99,1,1395,Normal
37.68,120,94,2203,Moderate
40.45,146,7,3013,Critical
38.03,132,95,2650,High
17.28,81,53,561,Normal
38.0,118,93,2307,Moderate
38.4,138,95,2632,High
39.84,164,11,3154,Critical
38.77,135,93,2588,High
13.99,69,46,881,Normal
39.69,142,24,3139,Critical
38.31,123,95,2592,High
39.74,163,45,3180,Critical
14.73,77,47,1251,Normal
28.7,87,87,1789,Normal
28.67,93,84,1387,Normal
37.51,107,91,2125,Moderate
37.96,116,91,2381,Moderate
37.94,108,91,2489,Moderate
11.78,88,11,797,Normal
38.13,131,94,2659,High
37.94,109,92,2373,Moderate
8.92,89,81,1980,Normal
2.07,95,59,1617,Normal
37.65,108,93,2493,Moderate
33.72,74,33,564,Normal
20.88,66,70,1829,Normal
37.87,116,93,2020,Moderate
39.0,158,84,3080,Critical
37.88,101,91,2051,Moderate
27.47,70,43,1311,Normal
38.58,137,93,2707,High
38.66,132,95,2647,High
37.57,120,90,2445,Moderate
38.82,122,94,2606,High
38.52,125,94,2979,High
40.18,146,31,3130,Critical
33.82,79,21,957,Normal
40.27,143,85,3094,Critical
26.03,90,90,1012,Normal
39.88,170,88,3129,Critical
38.05,121,94,2801,High
38.75,122,93,2890,High
39.69,157,34,3147,Critical
7.51,95,29,461,Normal
38.35,125,95,2868,High
39.52,162,37,3189,Critical
38.44,121,93,2840,High
39.34,153,51,3123,Critical
38.78,125,93,2970,High
18.41,85,21,280,Normal
20.97,68,17,244,Normal
37.98,110,92,2379,Moderate
38.56,136,93,2585,High
38.2,130,95,2845,High
37.57,115,90,2482,Moderate
39.15,144,84,3035,Critical
37.92,104,93,2250,Moderate
19.37,72,44,407,Normal
37.9,105,94,2393,Moderate
37.55,119,94,2322,Moderate
39.93,159,8,3187,Critical
38.73,138,94,2606,High
23.49,68,41,363,Normal
39.91,150,2,3101,Critical
20.51,97,35,911,Normal
39.93,153,18,3073,Critical
0.22,93,33,767,Normal
0.46,100,40,531,Normal
8.34,64,22,108,Normal
37.8,109,92,2190,Moderate
39.37,163,25,3185,Critical
38.44,140,95,2712,High
35.96,64,51,1133,Normal
10.23,73,75,820,Normal
38.34,125,95,2990,High
3.19,68,43,1331,Normal
38.76,135,93,2981,High
19.33,92,41,1393,Normal
